sample_id,source_file,group_id,fault_type,fault_size,load,window_start,window_end,split
0,105.mat.txt,105,inner_race,0.007,0,0,1024,train
1,105.mat.txt,105,inner_race,0.007,0,512,1536,train
2,105.mat.txt,105,inner_race,0.007,0,1024,2048,train
3,105.mat.txt,105,inner_race,0.007,0,1536,2560,train
4,105.mat.txt,105,inner_race,0.007,0,2048,3072,train
5,105.mat.txt,105,inner_race,0.007,0,2560,3584,train
6,105.mat.txt,105,inner_race,0.007,0,3072,4096,train
7,105.mat.txt,105,inner_race,0.007,0,3584,4608,train
8,105.mat.txt,105,inner_race,0.007,0,4096,5120,train
9,105.mat.txt,105,inner_race,0.007,0,4608,5632,train
10,105.mat.txt,105,inner_race,0.007,0,5120,6144,train
11,105.mat.txt,105,inner_race,0.007,0,5632,6656,train
12,105.mat.txt,105,inner_race,0.007,0,6144,7168,train
13,105.mat.txt,105,inner_race,0.007,0,6656,7680,train
14,105.mat.txt,105,inner_race,0.007,0,7168,8192,train
15,105.mat.txt,105,inner_race,0.007,0,7680,8704,train
16,105.mat.txt,105,inner_race,0.007,0,8192,9216,train
17,105.mat.txt,105,inner_race,0.007,0,8704,9728,train
18,105.mat.txt,105,inner_race,0.007,0,9216,10240,train
19,105.mat.txt,105,inner_race,0.007,0,9728,10752,train
20,105.mat.txt,105,inner_race,0.007,0,10240,11264,train
21,105.mat.txt,105,inner_race,0.007,0,10752,11776,train
22,105.mat.txt,105,inner_race,0.007,0,11264,12288,train
23,105.mat.txt,105,inner_race,0.007,0,11776,12800,train
24,105.mat.txt,105,inner_race,0.007,0,12288,13312,train
25,105.mat.txt,105,inner_race,0.007,0,12800,13824,train
26,105.mat.txt,105,inner_race,0.007,0,13312,14336,train
27,105.mat.txt,105,inner_race,0.007,0,13824,14848,train
28,105.mat.txt,105,inner_race,0.007,0,14336,15360,train
29,105.mat.txt,105,inner_race,0.007,0,14848,15872,train
30,105.mat.txt,105,inner_race,0.007,0,15360,16384,train
31,105.mat.txt,105,inner_race,0.007,0,15872,16896,train
32,105.mat.txt,105,inner_race,0.007,0,16384,17408,train
33,105.mat.txt,105,inner_race,0.007,0,16896,17920,train
34,105.mat.txt,105,inner_race,0.007,0,17408,18432,train
35,105.mat.txt,105,inner_race,0.007,0,17920,18944,train
36,105.mat.txt,105,inner_race,0.007,0,18432,19456,train
37,105.mat.txt,105,inner_race,0.007,0,18944,19968,train
38,105.mat.txt,105,inner_race,0.007,0,19456,20480,train
39,105.mat.txt,105,inner_race,0.007,0,19968,20992,train
40,105.mat.txt,105,inner_race,0.007,0,20480,21504,train
41,105.mat.txt,105,inner_race,0.007,0,20992,22016,train
42,105.mat.txt,105,inner_race,0.007,0,21504,22528,train
43,105.mat.txt,105,inner_race,0.007,0,22016,23040,train
44,105.mat.txt,105,inner_race,0.007,0,22528,23552,train
45,105.mat.txt,105,inner_race,0.007,0,23040,24064,train
46,105.mat.txt,105,inner_race,0.007,0,23552,24576,train
47,105.mat.txt,105,inner_race,0.007,0,24064,25088,train
48,105.mat.txt,105,inner_race,0.007,0,24576,25600,train
49,105.mat.txt,105,inner_race,0.007,0,25088,26112,train
50,105.mat.txt,105,inner_race,0.007,0,25600,26624,train
51,105.mat.txt,105,inner_race,0.007,0,26112,27136,train
52,105.mat.txt,105,inner_race,0.007,0,26624,27648,train
53,105.mat.txt,105,inner_race,0.007,0,27136,28160,train
54,105.mat.txt,105,inner_race,0.007,0,27648,28672,train
55,105.mat.txt,105,inner_race,0.007,0,28160,29184,train
56,105.mat.txt,105,inner_race,0.007,0,28672,29696,train
57,105.mat.txt,105,inner_race,0.007,0,29184,30208,train
58,105.mat.txt,105,inner_race,0.007,0,29696,30720,train
59,105.mat.txt,105,inner_race,0.007,0,30208,31232,train
60,105.mat.txt,105,inner_race,0.007,0,30720,31744,train
61,105.mat.txt,105,inner_race,0.007,0,31232,32256,train
62,105.mat.txt,105,inner_race,0.007,0,31744,32768,train
63,105.mat.txt,105,inner_race,0.007,0,32256,33280,train
64,105.mat.txt,105,inner_race,0.007,0,32768,33792,train
65,105.mat.txt,105,inner_race,0.007,0,33280,34304,train
66,105.mat.txt,105,inner_race,0.007,0,33792,34816,train
67,105.mat.txt,105,inner_race,0.007,0,34304,35328,train
68,105.mat.txt,105,inner_race,0.007,0,34816,35840,train
69,105.mat.txt,105,inner_race,0.007,0,35328,36352,train
70,105.mat.txt,105,inner_race,0.007,0,35840,36864,train
71,105.mat.txt,105,inner_race,0.007,0,36352,37376,train
72,105.mat.txt,105,inner_race,0.007,0,36864,37888,train
73,105.mat.txt,105,inner_race,0.007,0,37376,38400,train
74,105.mat.txt,105,inner_race,0.007,0,37888,38912,train
75,105.mat.txt,105,inner_race,0.007,0,38400,39424,train
76,105.mat.txt,105,inner_race,0.007,0,38912,39936,train
77,105.mat.txt,105,inner_race,0.007,0,39424,40448,train
78,105.mat.txt,105,inner_race,0.007,0,39936,40960,train
79,105.mat.txt,105,inner_race,0.007,0,40448,41472,train
80,105.mat.txt,105,inner_race,0.007,0,40960,41984,train
81,105.mat.txt,105,inner_race,0.007,0,41472,42496,train
82,105.mat.txt,105,inner_race,0.007,0,41984,43008,train
83,105.mat.txt,105,inner_race,0.007,0,42496,43520,train
84,105.mat.txt,105,inner_race,0.007,0,43008,44032,train
85,105.mat.txt,105,inner_race,0.007,0,43520,44544,train
86,105.mat.txt,105,inner_race,0.007,0,44032,45056,train
87,105.mat.txt,105,inner_race,0.007,0,44544,45568,train
88,105.mat.txt,105,inner_race,0.007,0,45056,46080,train
89,105.mat.txt,105,inner_race,0.007,0,45568,46592,train
90,105.mat.txt,105,inner_race,0.007,0,46080,47104,train
91,105.mat.txt,105,inner_race,0.007,0,46592,47616,train
92,105.mat.txt,105,inner_race,0.007,0,47104,48128,train
93,105.mat.txt,105,inner_race,0.007,0,47616,48640,train
94,105.mat.txt,105,inner_race,0.007,0,48128,49152,train
95,105.mat.txt,105,inner_race,0.007,0,48640,49664,train
96,105.mat.txt,105,inner_race,0.007,0,49152,50176,train
97,105.mat.txt,105,inner_race,0.007,0,49664,50688,train
98,105.mat.txt,105,inner_race,0.007,0,50176,51200,train
99,105.mat.txt,105,inner_race,0.007,0,50688,51712,train
100,105.mat.txt,105,inner_race,0.007,0,51200,52224,train
101,105.mat.txt,105,inner_race,0.007,0,51712,52736,train
102,105.mat.txt,105,inner_race,0.007,0,52224,53248,train
103,105.mat.txt,105,inner_race,0.007,0,52736,53760,train
104,105.mat.txt,105,inner_race,0.007,0,53248,54272,train
105,105.mat.txt,105,inner_race,0.007,0,53760,54784,train
106,105.mat.txt,105,inner_race,0.007,0,54272,55296,train
107,105.mat.txt,105,inner_race,0.007,0,54784,55808,train
108,105.mat.txt,105,inner_race,0.007,0,55296,56320,train
109,105.mat.txt,105,inner_race,0.007,0,55808,56832,train
110,105.mat.txt,105,inner_race,0.007,0,56320,57344,train
111,105.mat.txt,105,inner_race,0.007,0,56832,57856,train
112,105.mat.txt,105,inner_race,0.007,0,57344,58368,train
113,105.mat.txt,105,inner_race,0.007,0,57856,58880,train
114,105.mat.txt,105,inner_race,0.007,0,58368,59392,train
115,105.mat.txt,105,inner_race,0.007,0,58880,59904,train
116,105.mat.txt,105,inner_race,0.007,0,59392,60416,train
117,105.mat.txt,105,inner_race,0.007,0,59904,60928,train
118,105.mat.txt,105,inner_race,0.007,0,60416,61440,train
119,105.mat.txt,105,inner_race,0.007,0,60928,61952,train
120,105.mat.txt,105,inner_race,0.007,0,61440,62464,train
121,105.mat.txt,105,inner_race,0.007,0,61952,62976,train
122,105.mat.txt,105,inner_race,0.007,0,62464,63488,train
123,105.mat.txt,105,inner_race,0.007,0,62976,64000,train
124,105.mat.txt,105,inner_race,0.007,0,63488,64512,train
125,105.mat.txt,105,inner_race,0.007,0,64000,65024,train
126,105.mat.txt,105,inner_race,0.007,0,64512,65536,train
127,105.mat.txt,105,inner_race,0.007,0,65024,66048,train
128,105.mat.txt,105,inner_race,0.007,0,65536,66560,train
129,105.mat.txt,105,inner_race,0.007,0,66048,67072,train
130,105.mat.txt,105,inner_race,0.007,0,66560,67584,train
131,105.mat.txt,105,inner_race,0.007,0,67072,68096,train
132,105.mat.txt,105,inner_race,0.007,0,67584,68608,train
133,105.mat.txt,105,inner_race,0.007,0,68096,69120,train
134,105.mat.txt,105,inner_race,0.007,0,68608,69632,train
135,105.mat.txt,105,inner_race,0.007,0,69120,70144,train
136,105.mat.txt,105,inner_race,0.007,0,69632,70656,train
137,105.mat.txt,105,inner_race,0.007,0,70144,71168,train
138,105.mat.txt,105,inner_race,0.007,0,70656,71680,train
139,105.mat.txt,105,inner_race,0.007,0,71168,72192,train
140,105.mat.txt,105,inner_race,0.007,0,71680,72704,train
141,105.mat.txt,105,inner_race,0.007,0,72192,73216,train
142,105.mat.txt,105,inner_race,0.007,0,72704,73728,train
143,105.mat.txt,105,inner_race,0.007,0,73216,74240,train
144,105.mat.txt,105,inner_race,0.007,0,73728,74752,train
145,105.mat.txt,105,inner_race,0.007,0,74240,75264,train
146,105.mat.txt,105,inner_race,0.007,0,74752,75776,train
147,105.mat.txt,105,inner_race,0.007,0,75264,76288,train
148,105.mat.txt,105,inner_race,0.007,0,75776,76800,train
149,105.mat.txt,105,inner_race,0.007,0,76288,77312,train
150,105.mat.txt,105,inner_race,0.007,0,76800,77824,train
151,105.mat.txt,105,inner_race,0.007,0,77312,78336,train
152,105.mat.txt,105,inner_race,0.007,0,77824,78848,train
153,105.mat.txt,105,inner_race,0.007,0,78336,79360,train
154,105.mat.txt,105,inner_race,0.007,0,78848,79872,train
155,105.mat.txt,105,inner_race,0.007,0,79360,80384,train
156,105.mat.txt,105,inner_race,0.007,0,79872,80896,train
157,105.mat.txt,105,inner_race,0.007,0,80384,81408,train
158,105.mat.txt,105,inner_race,0.007,0,80896,81920,train
159,105.mat.txt,105,inner_race,0.007,0,81408,82432,train
160,105.mat.txt,105,inner_race,0.007,0,81920,82944,train
161,105.mat.txt,105,inner_race,0.007,0,82432,83456,train
162,105.mat.txt,105,inner_race,0.007,0,82944,83968,train
163,105.mat.txt,105,inner_race,0.007,0,83456,84480,train
164,105.mat.txt,105,inner_race,0.007,0,83968,84992,train
165,105.mat.txt,105,inner_race,0.007,0,84480,85504,train
166,105.mat.txt,105,inner_race,0.007,0,84992,86016,train
167,105.mat.txt,105,inner_race,0.007,0,85504,86528,train
168,105.mat.txt,105,inner_race,0.007,0,86016,87040,train
169,105.mat.txt,105,inner_race,0.007,0,86528,87552,train
170,105.mat.txt,105,inner_race,0.007,0,87040,88064,train
171,105.mat.txt,105,inner_race,0.007,0,87552,88576,train
172,105.mat.txt,105,inner_race,0.007,0,88064,89088,train
173,105.mat.txt,105,inner_race,0.007,0,88576,89600,train
174,105.mat.txt,105,inner_race,0.007,0,89088,90112,train
175,105.mat.txt,105,inner_race,0.007,0,89600,90624,train
176,105.mat.txt,105,inner_race,0.007,0,90112,91136,train
177,105.mat.txt,105,inner_race,0.007,0,90624,91648,train
178,105.mat.txt,105,inner_race,0.007,0,91136,92160,train
179,105.mat.txt,105,inner_race,0.007,0,91648,92672,train
180,105.mat.txt,105,inner_race,0.007,0,92160,93184,train
181,105.mat.txt,105,inner_race,0.007,0,92672,93696,train
182,105.mat.txt,105,inner_race,0.007,0,93184,94208,train
183,105.mat.txt,105,inner_race,0.007,0,93696,94720,train
184,105.mat.txt,105,inner_race,0.007,0,94208,95232,train
185,105.mat.txt,105,inner_race,0.007,0,94720,95744,train
186,105.mat.txt,105,inner_race,0.007,0,95232,96256,train
187,105.mat.txt,105,inner_race,0.007,0,95744,96768,train
188,105.mat.txt,105,inner_race,0.007,0,96256,97280,train
189,105.mat.txt,105,inner_race,0.007,0,96768,97792,train
190,105.mat.txt,105,inner_race,0.007,0,97280,98304,train
191,105.mat.txt,105,inner_race,0.007,0,97792,98816,train
192,105.mat.txt,105,inner_race,0.007,0,98304,99328,train
193,105.mat.txt,105,inner_race,0.007,0,98816,99840,train
194,105.mat.txt,105,inner_race,0.007,0,99328,100352,train
195,105.mat.txt,105,inner_race,0.007,0,99840,100864,train
196,105.mat.txt,105,inner_race,0.007,0,100352,101376,train
197,105.mat.txt,105,inner_race,0.007,0,100864,101888,train
198,105.mat.txt,105,inner_race,0.007,0,101376,102400,train
199,105.mat.txt,105,inner_race,0.007,0,101888,102912,train
200,105.mat.txt,105,inner_race,0.007,0,102400,103424,train
201,105.mat.txt,105,inner_race,0.007,0,102912,103936,train
202,105.mat.txt,105,inner_race,0.007,0,103424,104448,train
203,105.mat.txt,105,inner_race,0.007,0,103936,104960,train
204,105.mat.txt,105,inner_race,0.007,0,104448,105472,train
205,105.mat.txt,105,inner_race,0.007,0,104960,105984,train
206,105.mat.txt,105,inner_race,0.007,0,105472,106496,train
207,105.mat.txt,105,inner_race,0.007,0,105984,107008,train
208,105.mat.txt,105,inner_race,0.007,0,106496,107520,train
209,105.mat.txt,105,inner_race,0.007,0,107008,108032,train
210,105.mat.txt,105,inner_race,0.007,0,107520,108544,train
211,105.mat.txt,105,inner_race,0.007,0,108032,109056,train
212,105.mat.txt,105,inner_race,0.007,0,108544,109568,train
213,105.mat.txt,105,inner_race,0.007,0,109056,110080,train
214,105.mat.txt,105,inner_race,0.007,0,109568,110592,train
215,105.mat.txt,105,inner_race,0.007,0,110080,111104,train
216,105.mat.txt,105,inner_race,0.007,0,110592,111616,train
217,105.mat.txt,105,inner_race,0.007,0,111104,112128,train
218,105.mat.txt,105,inner_race,0.007,0,111616,112640,train
219,105.mat.txt,105,inner_race,0.007,0,112128,113152,train
220,105.mat.txt,105,inner_race,0.007,0,112640,113664,train
221,105.mat.txt,105,inner_race,0.007,0,113152,114176,train
222,105.mat.txt,105,inner_race,0.007,0,113664,114688,train
223,105.mat.txt,105,inner_race,0.007,0,114176,115200,train
224,105.mat.txt,105,inner_race,0.007,0,114688,115712,train
225,105.mat.txt,105,inner_race,0.007,0,115200,116224,train
226,105.mat.txt,105,inner_race,0.007,0,115712,116736,train
227,105.mat.txt,105,inner_race,0.007,0,116224,117248,train
228,105.mat.txt,105,inner_race,0.007,0,116736,117760,train
229,105.mat.txt,105,inner_race,0.007,0,117248,118272,train
230,105.mat.txt,105,inner_race,0.007,0,117760,118784,train
231,105.mat.txt,105,inner_race,0.007,0,118272,119296,train
232,105.mat.txt,105,inner_race,0.007,0,118784,119808,train
233,105.mat.txt,105,inner_race,0.007,0,119296,120320,train
234,105.mat.txt,105,inner_race,0.007,0,119808,120832,train
235,106.mat.txt,106,inner_race,0.007,1,0,1024,train
236,106.mat.txt,106,inner_race,0.007,1,512,1536,train
237,106.mat.txt,106,inner_race,0.007,1,1024,2048,train
238,106.mat.txt,106,inner_race,0.007,1,1536,2560,train
239,106.mat.txt,106,inner_race,0.007,1,2048,3072,train
240,106.mat.txt,106,inner_race,0.007,1,2560,3584,train
241,106.mat.txt,106,inner_race,0.007,1,3072,4096,train
242,106.mat.txt,106,inner_race,0.007,1,3584,4608,train
243,106.mat.txt,106,inner_race,0.007,1,4096,5120,train
244,106.mat.txt,106,inner_race,0.007,1,4608,5632,train
245,106.mat.txt,106,inner_race,0.007,1,5120,6144,train
246,106.mat.txt,106,inner_race,0.007,1,5632,6656,train
247,106.mat.txt,106,inner_race,0.007,1,6144,7168,train
248,106.mat.txt,106,inner_race,0.007,1,6656,7680,train
249,106.mat.txt,106,inner_race,0.007,1,7168,8192,train
250,106.mat.txt,106,inner_race,0.007,1,7680,8704,train
251,106.mat.txt,106,inner_race,0.007,1,8192,9216,train
252,106.mat.txt,106,inner_race,0.007,1,8704,9728,train
253,106.mat.txt,106,inner_race,0.007,1,9216,10240,train
254,106.mat.txt,106,inner_race,0.007,1,9728,10752,train
255,106.mat.txt,106,inner_race,0.007,1,10240,11264,train
256,106.mat.txt,106,inner_race,0.007,1,10752,11776,train
257,106.mat.txt,106,inner_race,0.007,1,11264,12288,train
258,106.mat.txt,106,inner_race,0.007,1,11776,12800,train
259,106.mat.txt,106,inner_race,0.007,1,12288,13312,train
260,106.mat.txt,106,inner_race,0.007,1,12800,13824,train
261,106.mat.txt,106,inner_race,0.007,1,13312,14336,train
262,106.mat.txt,106,inner_race,0.007,1,13824,14848,train
263,106.mat.txt,106,inner_race,0.007,1,14336,15360,train
264,106.mat.txt,106,inner_race,0.007,1,14848,15872,train
265,106.mat.txt,106,inner_race,0.007,1,15360,16384,train
266,106.mat.txt,106,inner_race,0.007,1,15872,16896,train
267,106.mat.txt,106,inner_race,0.007,1,16384,17408,train
268,106.mat.txt,106,inner_race,0.007,1,16896,17920,train
269,106.mat.txt,106,inner_race,0.007,1,17408,18432,train
270,106.mat.txt,106,inner_race,0.007,1,17920,18944,train
271,106.mat.txt,106,inner_race,0.007,1,18432,19456,train
272,106.mat.txt,106,inner_race,0.007,1,18944,19968,train
273,106.mat.txt,106,inner_race,0.007,1,19456,20480,train
274,106.mat.txt,106,inner_race,0.007,1,19968,20992,train
275,106.mat.txt,106,inner_race,0.007,1,20480,21504,train
276,106.mat.txt,106,inner_race,0.007,1,20992,22016,train
277,106.mat.txt,106,inner_race,0.007,1,21504,22528,train
278,106.mat.txt,106,inner_race,0.007,1,22016,23040,train
279,106.mat.txt,106,inner_race,0.007,1,22528,23552,train
280,106.mat.txt,106,inner_race,0.007,1,23040,24064,train
281,106.mat.txt,106,inner_race,0.007,1,23552,24576,train
282,106.mat.txt,106,inner_race,0.007,1,24064,25088,train
283,106.mat.txt,106,inner_race,0.007,1,24576,25600,train
284,106.mat.txt,106,inner_race,0.007,1,25088,26112,train
285,106.mat.txt,106,inner_race,0.007,1,25600,26624,train
286,106.mat.txt,106,inner_race,0.007,1,26112,27136,train
287,106.mat.txt,106,inner_race,0.007,1,26624,27648,train
288,106.mat.txt,106,inner_race,0.007,1,27136,28160,train
289,106.mat.txt,106,inner_race,0.007,1,27648,28672,train
290,106.mat.txt,106,inner_race,0.007,1,28160,29184,train
291,106.mat.txt,106,inner_race,0.007,1,28672,29696,train
292,106.mat.txt,106,inner_race,0.007,1,29184,30208,train
293,106.mat.txt,106,inner_race,0.007,1,29696,30720,train
294,106.mat.txt,106,inner_race,0.007,1,30208,31232,train
295,106.mat.txt,106,inner_race,0.007,1,30720,31744,train
296,106.mat.txt,106,inner_race,0.007,1,31232,32256,train
297,106.mat.txt,106,inner_race,0.007,1,31744,32768,train
298,106.mat.txt,106,inner_race,0.007,1,32256,33280,train
299,106.mat.txt,106,inner_race,0.007,1,32768,33792,train
300,106.mat.txt,106,inner_race,0.007,1,33280,34304,train
301,106.mat.txt,106,inner_race,0.007,1,33792,34816,train
302,106.mat.txt,106,inner_race,0.007,1,34304,35328,train
303,106.mat.txt,106,inner_race,0.007,1,34816,35840,train
304,106.mat.txt,106,inner_race,0.007,1,35328,36352,train
305,106.mat.txt,106,inner_race,0.007,1,35840,36864,train
306,106.mat.txt,106,inner_race,0.007,1,36352,37376,train
307,106.mat.txt,106,inner_race,0.007,1,36864,37888,train
308,106.mat.txt,106,inner_race,0.007,1,37376,38400,train
309,106.mat.txt,106,inner_race,0.007,1,37888,38912,train
310,106.mat.txt,106,inner_race,0.007,1,38400,39424,train
311,106.mat.txt,106,inner_race,0.007,1,38912,39936,train
312,106.mat.txt,106,inner_race,0.007,1,39424,40448,train
313,106.mat.txt,106,inner_race,0.007,1,39936,40960,train
314,106.mat.txt,106,inner_race,0.007,1,40448,41472,train
315,106.mat.txt,106,inner_race,0.007,1,40960,41984,train
316,106.mat.txt,106,inner_race,0.007,1,41472,42496,train
317,106.mat.txt,106,inner_race,0.007,1,41984,43008,train
318,106.mat.txt,106,inner_race,0.007,1,42496,43520,train
319,106.mat.txt,106,inner_race,0.007,1,43008,44032,train
320,106.mat.txt,106,inner_race,0.007,1,43520,44544,train
321,106.mat.txt,106,inner_race,0.007,1,44032,45056,train
322,106.mat.txt,106,inner_race,0.007,1,44544,45568,train
323,106.mat.txt,106,inner_race,0.007,1,45056,46080,train
324,106.mat.txt,106,inner_race,0.007,1,45568,46592,train
325,106.mat.txt,106,inner_race,0.007,1,46080,47104,train
326,106.mat.txt,106,inner_race,0.007,1,46592,47616,train
327,106.mat.txt,106,inner_race,0.007,1,47104,48128,train
328,106.mat.txt,106,inner_race,0.007,1,47616,48640,train
329,106.mat.txt,106,inner_race,0.007,1,48128,49152,train
330,106.mat.txt,106,inner_race,0.007,1,48640,49664,train
331,106.mat.txt,106,inner_race,0.007,1,49152,50176,train
332,106.mat.txt,106,inner_race,0.007,1,49664,50688,train
333,106.mat.txt,106,inner_race,0.007,1,50176,51200,train
334,106.mat.txt,106,inner_race,0.007,1,50688,51712,train
335,106.mat.txt,106,inner_race,0.007,1,51200,52224,train
336,106.mat.txt,106,inner_race,0.007,1,51712,52736,train
337,106.mat.txt,106,inner_race,0.007,1,52224,53248,train
338,106.mat.txt,106,inner_race,0.007,1,52736,53760,train
339,106.mat.txt,106,inner_race,0.007,1,53248,54272,train
340,106.mat.txt,106,inner_race,0.007,1,53760,54784,train
341,106.mat.txt,106,inner_race,0.007,1,54272,55296,train
342,106.mat.txt,106,inner_race,0.007,1,54784,55808,train
343,106.mat.txt,106,inner_race,0.007,1,55296,56320,train
344,106.mat.txt,106,inner_race,0.007,1,55808,56832,train
345,106.mat.txt,106,inner_race,0.007,1,56320,57344,train
346,106.mat.txt,106,inner_race,0.007,1,56832,57856,train
347,106.mat.txt,106,inner_race,0.007,1,57344,58368,train
348,106.mat.txt,106,inner_race,0.007,1,57856,58880,train
349,106.mat.txt,106,inner_race,0.007,1,58368,59392,train
350,106.mat.txt,106,inner_race,0.007,1,58880,59904,train
351,106.mat.txt,106,inner_race,0.007,1,59392,60416,train
352,106.mat.txt,106,inner_race,0.007,1,59904,60928,train
353,106.mat.txt,106,inner_race,0.007,1,60416,61440,train
354,106.mat.txt,106,inner_race,0.007,1,60928,61952,train
355,106.mat.txt,106,inner_race,0.007,1,61440,62464,train
356,106.mat.txt,106,inner_race,0.007,1,61952,62976,train
357,106.mat.txt,106,inner_race,0.007,1,62464,63488,train
358,106.mat.txt,106,inner_race,0.007,1,62976,64000,train
359,106.mat.txt,106,inner_race,0.007,1,63488,64512,train
360,106.mat.txt,106,inner_race,0.007,1,64000,65024,train
361,106.mat.txt,106,inner_race,0.007,1,64512,65536,train
362,106.mat.txt,106,inner_race,0.007,1,65024,66048,train
363,106.mat.txt,106,inner_race,0.007,1,65536,66560,train
364,106.mat.txt,106,inner_race,0.007,1,66048,67072,train
365,106.mat.txt,106,inner_race,0.007,1,66560,67584,train
366,106.mat.txt,106,inner_race,0.007,1,67072,68096,train
367,106.mat.txt,106,inner_race,0.007,1,67584,68608,train
368,106.mat.txt,106,inner_race,0.007,1,68096,69120,train
369,106.mat.txt,106,inner_race,0.007,1,68608,69632,train
370,106.mat.txt,106,inner_race,0.007,1,69120,70144,train
371,106.mat.txt,106,inner_race,0.007,1,69632,70656,train
372,106.mat.txt,106,inner_race,0.007,1,70144,71168,train
373,106.mat.txt,106,inner_race,0.007,1,70656,71680,train
374,106.mat.txt,106,inner_race,0.007,1,71168,72192,train
375,106.mat.txt,106,inner_race,0.007,1,71680,72704,train
376,106.mat.txt,106,inner_race,0.007,1,72192,73216,train
377,106.mat.txt,106,inner_race,0.007,1,72704,73728,train
378,106.mat.txt,106,inner_race,0.007,1,73216,74240,train
379,106.mat.txt,106,inner_race,0.007,1,73728,74752,train
380,106.mat.txt,106,inner_race,0.007,1,74240,75264,train
381,106.mat.txt,106,inner_race,0.007,1,74752,75776,train
382,106.mat.txt,106,inner_race,0.007,1,75264,76288,train
383,106.mat.txt,106,inner_race,0.007,1,75776,76800,train
384,106.mat.txt,106,inner_race,0.007,1,76288,77312,train
385,106.mat.txt,106,inner_race,0.007,1,76800,77824,train
386,106.mat.txt,106,inner_race,0.007,1,77312,78336,train
387,106.mat.txt,106,inner_race,0.007,1,77824,78848,train
388,106.mat.txt,106,inner_race,0.007,1,78336,79360,train
389,106.mat.txt,106,inner_race,0.007,1,78848,79872,train
390,106.mat.txt,106,inner_race,0.007,1,79360,80384,train
391,106.mat.txt,106,inner_race,0.007,1,79872,80896,train
392,106.mat.txt,106,inner_race,0.007,1,80384,81408,train
393,106.mat.txt,106,inner_race,0.007,1,80896,81920,train
394,106.mat.txt,106,inner_race,0.007,1,81408,82432,train
395,106.mat.txt,106,inner_race,0.007,1,81920,82944,train
396,106.mat.txt,106,inner_race,0.007,1,82432,83456,train
397,106.mat.txt,106,inner_race,0.007,1,82944,83968,train
398,106.mat.txt,106,inner_race,0.007,1,83456,84480,train
399,106.mat.txt,106,inner_race,0.007,1,83968,84992,train
400,106.mat.txt,106,inner_race,0.007,1,84480,85504,train
401,106.mat.txt,106,inner_race,0.007,1,84992,86016,train
402,106.mat.txt,106,inner_race,0.007,1,85504,86528,train
403,106.mat.txt,106,inner_race,0.007,1,86016,87040,train
404,106.mat.txt,106,inner_race,0.007,1,86528,87552,train
405,106.mat.txt,106,inner_race,0.007,1,87040,88064,train
406,106.mat.txt,106,inner_race,0.007,1,87552,88576,train
407,106.mat.txt,106,inner_race,0.007,1,88064,89088,train
408,106.mat.txt,106,inner_race,0.007,1,88576,89600,train
409,106.mat.txt,106,inner_race,0.007,1,89088,90112,train
410,106.mat.txt,106,inner_race,0.007,1,89600,90624,train
411,106.mat.txt,106,inner_race,0.007,1,90112,91136,train
412,106.mat.txt,106,inner_race,0.007,1,90624,91648,train
413,106.mat.txt,106,inner_race,0.007,1,91136,92160,train
414,106.mat.txt,106,inner_race,0.007,1,91648,92672,train
415,106.mat.txt,106,inner_race,0.007,1,92160,93184,train
416,106.mat.txt,106,inner_race,0.007,1,92672,93696,train
417,106.mat.txt,106,inner_race,0.007,1,93184,94208,train
418,106.mat.txt,106,inner_race,0.007,1,93696,94720,train
419,106.mat.txt,106,inner_race,0.007,1,94208,95232,train
420,106.mat.txt,106,inner_race,0.007,1,94720,95744,train
421,106.mat.txt,106,inner_race,0.007,1,95232,96256,train
422,106.mat.txt,106,inner_race,0.007,1,95744,96768,train
423,106.mat.txt,106,inner_race,0.007,1,96256,97280,train
424,106.mat.txt,106,inner_race,0.007,1,96768,97792,train
425,106.mat.txt,106,inner_race,0.007,1,97280,98304,train
426,106.mat.txt,106,inner_race,0.007,1,97792,98816,train
427,106.mat.txt,106,inner_race,0.007,1,98304,99328,train
428,106.mat.txt,106,inner_race,0.007,1,98816,99840,train
429,106.mat.txt,106,inner_race,0.007,1,99328,100352,train
430,106.mat.txt,106,inner_race,0.007,1,99840,100864,train
431,106.mat.txt,106,inner_race,0.007,1,100352,101376,train
432,106.mat.txt,106,inner_race,0.007,1,100864,101888,train
433,106.mat.txt,106,inner_race,0.007,1,101376,102400,train
434,106.mat.txt,106,inner_race,0.007,1,101888,102912,train
435,106.mat.txt,106,inner_race,0.007,1,102400,103424,train
436,106.mat.txt,106,inner_race,0.007,1,102912,103936,train
437,106.mat.txt,106,inner_race,0.007,1,103424,104448,train
438,106.mat.txt,106,inner_race,0.007,1,103936,104960,train
439,106.mat.txt,106,inner_race,0.007,1,104448,105472,train
440,106.mat.txt,106,inner_race,0.007,1,104960,105984,train
441,106.mat.txt,106,inner_race,0.007,1,105472,106496,train
442,106.mat.txt,106,inner_race,0.007,1,105984,107008,train
443,106.mat.txt,106,inner_race,0.007,1,106496,107520,train
444,106.mat.txt,106,inner_race,0.007,1,107008,108032,train
445,106.mat.txt,106,inner_race,0.007,1,107520,108544,train
446,106.mat.txt,106,inner_race,0.007,1,108032,109056,train
447,106.mat.txt,106,inner_race,0.007,1,108544,109568,train
448,106.mat.txt,106,inner_race,0.007,1,109056,110080,train
449,106.mat.txt,106,inner_race,0.007,1,109568,110592,train
450,106.mat.txt,106,inner_race,0.007,1,110080,111104,train
451,106.mat.txt,106,inner_race,0.007,1,110592,111616,train
452,106.mat.txt,106,inner_race,0.007,1,111104,112128,train
453,106.mat.txt,106,inner_race,0.007,1,111616,112640,train
454,106.mat.txt,106,inner_race,0.007,1,112128,113152,train
455,106.mat.txt,106,inner_race,0.007,1,112640,113664,train
456,106.mat.txt,106,inner_race,0.007,1,113152,114176,train
457,106.mat.txt,106,inner_race,0.007,1,113664,114688,train
458,106.mat.txt,106,inner_race,0.007,1,114176,115200,train
459,106.mat.txt,106,inner_race,0.007,1,114688,115712,train
460,106.mat.txt,106,inner_race,0.007,1,115200,116224,train
461,106.mat.txt,106,inner_race,0.007,1,115712,116736,train
462,106.mat.txt,106,inner_race,0.007,1,116224,117248,train
463,106.mat.txt,106,inner_race,0.007,1,116736,117760,train
464,106.mat.txt,106,inner_race,0.007,1,117248,118272,train
465,106.mat.txt,106,inner_race,0.007,1,117760,118784,train
466,106.mat.txt,106,inner_race,0.007,1,118272,119296,train
467,106.mat.txt,106,inner_race,0.007,1,118784,119808,train
468,106.mat.txt,106,inner_race,0.007,1,119296,120320,train
469,106.mat.txt,106,inner_race,0.007,1,119808,120832,train
470,106.mat.txt,106,inner_race,0.007,1,120320,121344,train
471,106.mat.txt,106,inner_race,0.007,1,120832,121856,train
472,107.mat.txt,107,inner_race,0.007,2,0,1024,train
473,107.mat.txt,107,inner_race,0.007,2,512,1536,train
474,107.mat.txt,107,inner_race,0.007,2,1024,2048,train
475,107.mat.txt,107,inner_race,0.007,2,1536,2560,train
476,107.mat.txt,107,inner_race,0.007,2,2048,3072,train
477,107.mat.txt,107,inner_race,0.007,2,2560,3584,train
478,107.mat.txt,107,inner_race,0.007,2,3072,4096,train
479,107.mat.txt,107,inner_race,0.007,2,3584,4608,train
480,107.mat.txt,107,inner_race,0.007,2,4096,5120,train
481,107.mat.txt,107,inner_race,0.007,2,4608,5632,train
482,107.mat.txt,107,inner_race,0.007,2,5120,6144,train
483,107.mat.txt,107,inner_race,0.007,2,5632,6656,train
484,107.mat.txt,107,inner_race,0.007,2,6144,7168,train
485,107.mat.txt,107,inner_race,0.007,2,6656,7680,train
486,107.mat.txt,107,inner_race,0.007,2,7168,8192,train
487,107.mat.txt,107,inner_race,0.007,2,7680,8704,train
488,107.mat.txt,107,inner_race,0.007,2,8192,9216,train
489,107.mat.txt,107,inner_race,0.007,2,8704,9728,train
490,107.mat.txt,107,inner_race,0.007,2,9216,10240,train
491,107.mat.txt,107,inner_race,0.007,2,9728,10752,train
492,107.mat.txt,107,inner_race,0.007,2,10240,11264,train
493,107.mat.txt,107,inner_race,0.007,2,10752,11776,train
494,107.mat.txt,107,inner_race,0.007,2,11264,12288,train
495,107.mat.txt,107,inner_race,0.007,2,11776,12800,train
496,107.mat.txt,107,inner_race,0.007,2,12288,13312,train
497,107.mat.txt,107,inner_race,0.007,2,12800,13824,train
498,107.mat.txt,107,inner_race,0.007,2,13312,14336,train
499,107.mat.txt,107,inner_race,0.007,2,13824,14848,train
500,107.mat.txt,107,inner_race,0.007,2,14336,15360,train
501,107.mat.txt,107,inner_race,0.007,2,14848,15872,train
502,107.mat.txt,107,inner_race,0.007,2,15360,16384,train
503,107.mat.txt,107,inner_race,0.007,2,15872,16896,train
504,107.mat.txt,107,inner_race,0.007,2,16384,17408,train
505,107.mat.txt,107,inner_race,0.007,2,16896,17920,train
506,107.mat.txt,107,inner_race,0.007,2,17408,18432,train
507,107.mat.txt,107,inner_race,0.007,2,17920,18944,train
508,107.mat.txt,107,inner_race,0.007,2,18432,19456,train
509,107.mat.txt,107,inner_race,0.007,2,18944,19968,train
510,107.mat.txt,107,inner_race,0.007,2,19456,20480,train
511,107.mat.txt,107,inner_race,0.007,2,19968,20992,train
512,107.mat.txt,107,inner_race,0.007,2,20480,21504,train
513,107.mat.txt,107,inner_race,0.007,2,20992,22016,train
514,107.mat.txt,107,inner_race,0.007,2,21504,22528,train
515,107.mat.txt,107,inner_race,0.007,2,22016,23040,train
516,107.mat.txt,107,inner_race,0.007,2,22528,23552,train
517,107.mat.txt,107,inner_race,0.007,2,23040,24064,train
518,107.mat.txt,107,inner_race,0.007,2,23552,24576,train
519,107.mat.txt,107,inner_race,0.007,2,24064,25088,train
520,107.mat.txt,107,inner_race,0.007,2,24576,25600,train
521,107.mat.txt,107,inner_race,0.007,2,25088,26112,train
522,107.mat.txt,107,inner_race,0.007,2,25600,26624,train
523,107.mat.txt,107,inner_race,0.007,2,26112,27136,train
524,107.mat.txt,107,inner_race,0.007,2,26624,27648,train
525,107.mat.txt,107,inner_race,0.007,2,27136,28160,train
526,107.mat.txt,107,inner_race,0.007,2,27648,28672,train
527,107.mat.txt,107,inner_race,0.007,2,28160,29184,train
528,107.mat.txt,107,inner_race,0.007,2,28672,29696,train
529,107.mat.txt,107,inner_race,0.007,2,29184,30208,train
530,107.mat.txt,107,inner_race,0.007,2,29696,30720,train
531,107.mat.txt,107,inner_race,0.007,2,30208,31232,train
532,107.mat.txt,107,inner_race,0.007,2,30720,31744,train
533,107.mat.txt,107,inner_race,0.007,2,31232,32256,train
534,107.mat.txt,107,inner_race,0.007,2,31744,32768,train
535,107.mat.txt,107,inner_race,0.007,2,32256,33280,train
536,107.mat.txt,107,inner_race,0.007,2,32768,33792,train
537,107.mat.txt,107,inner_race,0.007,2,33280,34304,train
538,107.mat.txt,107,inner_race,0.007,2,33792,34816,train
539,107.mat.txt,107,inner_race,0.007,2,34304,35328,train
540,107.mat.txt,107,inner_race,0.007,2,34816,35840,train
541,107.mat.txt,107,inner_race,0.007,2,35328,36352,train
542,107.mat.txt,107,inner_race,0.007,2,35840,36864,train
543,107.mat.txt,107,inner_race,0.007,2,36352,37376,train
544,107.mat.txt,107,inner_race,0.007,2,36864,37888,train
545,107.mat.txt,107,inner_race,0.007,2,37376,38400,train
546,107.mat.txt,107,inner_race,0.007,2,37888,38912,train
547,107.mat.txt,107,inner_race,0.007,2,38400,39424,train
548,107.mat.txt,107,inner_race,0.007,2,38912,39936,train
549,107.mat.txt,107,inner_race,0.007,2,39424,40448,train
550,107.mat.txt,107,inner_race,0.007,2,39936,40960,train
551,107.mat.txt,107,inner_race,0.007,2,40448,41472,train
552,107.mat.txt,107,inner_race,0.007,2,40960,41984,train
553,107.mat.txt,107,inner_race,0.007,2,41472,42496,train
554,107.mat.txt,107,inner_race,0.007,2,41984,43008,train
555,107.mat.txt,107,inner_race,0.007,2,42496,43520,train
556,107.mat.txt,107,inner_race,0.007,2,43008,44032,train
557,107.mat.txt,107,inner_race,0.007,2,43520,44544,train
558,107.mat.txt,107,inner_race,0.007,2,44032,45056,train
559,107.mat.txt,107,inner_race,0.007,2,44544,45568,train
560,107.mat.txt,107,inner_race,0.007,2,45056,46080,train
561,107.mat.txt,107,inner_race,0.007,2,45568,46592,train
562,107.mat.txt,107,inner_race,0.007,2,46080,47104,train
563,107.mat.txt,107,inner_race,0.007,2,46592,47616,train
564,107.mat.txt,107,inner_race,0.007,2,47104,48128,train
565,107.mat.txt,107,inner_race,0.007,2,47616,48640,train
566,107.mat.txt,107,inner_race,0.007,2,48128,49152,train
567,107.mat.txt,107,inner_race,0.007,2,48640,49664,train
568,107.mat.txt,107,inner_race,0.007,2,49152,50176,train
569,107.mat.txt,107,inner_race,0.007,2,49664,50688,train
570,107.mat.txt,107,inner_race,0.007,2,50176,51200,train
571,107.mat.txt,107,inner_race,0.007,2,50688,51712,train
572,107.mat.txt,107,inner_race,0.007,2,51200,52224,train
573,107.mat.txt,107,inner_race,0.007,2,51712,52736,train
574,107.mat.txt,107,inner_race,0.007,2,52224,53248,train
575,107.mat.txt,107,inner_race,0.007,2,52736,53760,train
576,107.mat.txt,107,inner_race,0.007,2,53248,54272,train
577,107.mat.txt,107,inner_race,0.007,2,53760,54784,train
578,107.mat.txt,107,inner_race,0.007,2,54272,55296,train
579,107.mat.txt,107,inner_race,0.007,2,54784,55808,train
580,107.mat.txt,107,inner_race,0.007,2,55296,56320,train
581,107.mat.txt,107,inner_race,0.007,2,55808,56832,train
582,107.mat.txt,107,inner_race,0.007,2,56320,57344,train
583,107.mat.txt,107,inner_race,0.007,2,56832,57856,train
584,107.mat.txt,107,inner_race,0.007,2,57344,58368,train
585,107.mat.txt,107,inner_race,0.007,2,57856,58880,train
586,107.mat.txt,107,inner_race,0.007,2,58368,59392,train
587,107.mat.txt,107,inner_race,0.007,2,58880,59904,train
588,107.mat.txt,107,inner_race,0.007,2,59392,60416,train
589,107.mat.txt,107,inner_race,0.007,2,59904,60928,train
590,107.mat.txt,107,inner_race,0.007,2,60416,61440,train
591,107.mat.txt,107,inner_race,0.007,2,60928,61952,train
592,107.mat.txt,107,inner_race,0.007,2,61440,62464,train
593,107.mat.txt,107,inner_race,0.007,2,61952,62976,train
594,107.mat.txt,107,inner_race,0.007,2,62464,63488,train
595,107.mat.txt,107,inner_race,0.007,2,62976,64000,train
596,107.mat.txt,107,inner_race,0.007,2,63488,64512,train
597,107.mat.txt,107,inner_race,0.007,2,64000,65024,train
598,107.mat.txt,107,inner_race,0.007,2,64512,65536,train
599,107.mat.txt,107,inner_race,0.007,2,65024,66048,train
600,107.mat.txt,107,inner_race,0.007,2,65536,66560,train
601,107.mat.txt,107,inner_race,0.007,2,66048,67072,train
602,107.mat.txt,107,inner_race,0.007,2,66560,67584,train
603,107.mat.txt,107,inner_race,0.007,2,67072,68096,train
604,107.mat.txt,107,inner_race,0.007,2,67584,68608,train
605,107.mat.txt,107,inner_race,0.007,2,68096,69120,train
606,107.mat.txt,107,inner_race,0.007,2,68608,69632,train
607,107.mat.txt,107,inner_race,0.007,2,69120,70144,train
608,107.mat.txt,107,inner_race,0.007,2,69632,70656,train
609,107.mat.txt,107,inner_race,0.007,2,70144,71168,train
610,107.mat.txt,107,inner_race,0.007,2,70656,71680,train
611,107.mat.txt,107,inner_race,0.007,2,71168,72192,train
612,107.mat.txt,107,inner_race,0.007,2,71680,72704,train
613,107.mat.txt,107,inner_race,0.007,2,72192,73216,train
614,107.mat.txt,107,inner_race,0.007,2,72704,73728,train
615,107.mat.txt,107,inner_race,0.007,2,73216,74240,train
616,107.mat.txt,107,inner_race,0.007,2,73728,74752,train
617,107.mat.txt,107,inner_race,0.007,2,74240,75264,train
618,107.mat.txt,107,inner_race,0.007,2,74752,75776,train
619,107.mat.txt,107,inner_race,0.007,2,75264,76288,train
620,107.mat.txt,107,inner_race,0.007,2,75776,76800,train
621,107.mat.txt,107,inner_race,0.007,2,76288,77312,train
622,107.mat.txt,107,inner_race,0.007,2,76800,77824,train
623,107.mat.txt,107,inner_race,0.007,2,77312,78336,train
624,107.mat.txt,107,inner_race,0.007,2,77824,78848,train
625,107.mat.txt,107,inner_race,0.007,2,78336,79360,train
626,107.mat.txt,107,inner_race,0.007,2,78848,79872,train
627,107.mat.txt,107,inner_race,0.007,2,79360,80384,train
628,107.mat.txt,107,inner_race,0.007,2,79872,80896,train
629,107.mat.txt,107,inner_race,0.007,2,80384,81408,train
630,107.mat.txt,107,inner_race,0.007,2,80896,81920,train
631,107.mat.txt,107,inner_race,0.007,2,81408,82432,train
632,107.mat.txt,107,inner_race,0.007,2,81920,82944,train
633,107.mat.txt,107,inner_race,0.007,2,82432,83456,train
634,107.mat.txt,107,inner_race,0.007,2,82944,83968,train
635,107.mat.txt,107,inner_race,0.007,2,83456,84480,train
636,107.mat.txt,107,inner_race,0.007,2,83968,84992,train
637,107.mat.txt,107,inner_race,0.007,2,84480,85504,train
638,107.mat.txt,107,inner_race,0.007,2,84992,86016,train
639,107.mat.txt,107,inner_race,0.007,2,85504,86528,train
640,107.mat.txt,107,inner_race,0.007,2,86016,87040,train
641,107.mat.txt,107,inner_race,0.007,2,86528,87552,train
642,107.mat.txt,107,inner_race,0.007,2,87040,88064,train
643,107.mat.txt,107,inner_race,0.007,2,87552,88576,train
644,107.mat.txt,107,inner_race,0.007,2,88064,89088,train
645,107.mat.txt,107,inner_race,0.007,2,88576,89600,train
646,107.mat.txt,107,inner_race,0.007,2,89088,90112,train
647,107.mat.txt,107,inner_race,0.007,2,89600,90624,train
648,107.mat.txt,107,inner_race,0.007,2,90112,91136,train
649,107.mat.txt,107,inner_race,0.007,2,90624,91648,train
650,107.mat.txt,107,inner_race,0.007,2,91136,92160,train
651,107.mat.txt,107,inner_race,0.007,2,91648,92672,train
652,107.mat.txt,107,inner_race,0.007,2,92160,93184,train
653,107.mat.txt,107,inner_race,0.007,2,92672,93696,train
654,107.mat.txt,107,inner_race,0.007,2,93184,94208,train
655,107.mat.txt,107,inner_race,0.007,2,93696,94720,train
656,107.mat.txt,107,inner_race,0.007,2,94208,95232,train
657,107.mat.txt,107,inner_race,0.007,2,94720,95744,train
658,107.mat.txt,107,inner_race,0.007,2,95232,96256,train
659,107.mat.txt,107,inner_race,0.007,2,95744,96768,train
660,107.mat.txt,107,inner_race,0.007,2,96256,97280,train
661,107.mat.txt,107,inner_race,0.007,2,96768,97792,train
662,107.mat.txt,107,inner_race,0.007,2,97280,98304,train
663,107.mat.txt,107,inner_race,0.007,2,97792,98816,train
664,107.mat.txt,107,inner_race,0.007,2,98304,99328,train
665,107.mat.txt,107,inner_race,0.007,2,98816,99840,train
666,107.mat.txt,107,inner_race,0.007,2,99328,100352,train
667,107.mat.txt,107,inner_race,0.007,2,99840,100864,train
668,107.mat.txt,107,inner_race,0.007,2,100352,101376,train
669,107.mat.txt,107,inner_race,0.007,2,100864,101888,train
670,107.mat.txt,107,inner_race,0.007,2,101376,102400,train
671,107.mat.txt,107,inner_race,0.007,2,101888,102912,train
672,107.mat.txt,107,inner_race,0.007,2,102400,103424,train
673,107.mat.txt,107,inner_race,0.007,2,102912,103936,train
674,107.mat.txt,107,inner_race,0.007,2,103424,104448,train
675,107.mat.txt,107,inner_race,0.007,2,103936,104960,train
676,107.mat.txt,107,inner_race,0.007,2,104448,105472,train
677,107.mat.txt,107,inner_race,0.007,2,104960,105984,train
678,107.mat.txt,107,inner_race,0.007,2,105472,106496,train
679,107.mat.txt,107,inner_race,0.007,2,105984,107008,train
680,107.mat.txt,107,inner_race,0.007,2,106496,107520,train
681,107.mat.txt,107,inner_race,0.007,2,107008,108032,train
682,107.mat.txt,107,inner_race,0.007,2,107520,108544,train
683,107.mat.txt,107,inner_race,0.007,2,108032,109056,train
684,107.mat.txt,107,inner_race,0.007,2,108544,109568,train
685,107.mat.txt,107,inner_race,0.007,2,109056,110080,train
686,107.mat.txt,107,inner_race,0.007,2,109568,110592,train
687,107.mat.txt,107,inner_race,0.007,2,110080,111104,train
688,107.mat.txt,107,inner_race,0.007,2,110592,111616,train
689,107.mat.txt,107,inner_race,0.007,2,111104,112128,train
690,107.mat.txt,107,inner_race,0.007,2,111616,112640,train
691,107.mat.txt,107,inner_race,0.007,2,112128,113152,train
692,107.mat.txt,107,inner_race,0.007,2,112640,113664,train
693,107.mat.txt,107,inner_race,0.007,2,113152,114176,train
694,107.mat.txt,107,inner_race,0.007,2,113664,114688,train
695,107.mat.txt,107,inner_race,0.007,2,114176,115200,train
696,107.mat.txt,107,inner_race,0.007,2,114688,115712,train
697,107.mat.txt,107,inner_race,0.007,2,115200,116224,train
698,107.mat.txt,107,inner_race,0.007,2,115712,116736,train
699,107.mat.txt,107,inner_race,0.007,2,116224,117248,train
700,107.mat.txt,107,inner_race,0.007,2,116736,117760,train
701,107.mat.txt,107,inner_race,0.007,2,117248,118272,train
702,107.mat.txt,107,inner_race,0.007,2,117760,118784,train
703,107.mat.txt,107,inner_race,0.007,2,118272,119296,train
704,107.mat.txt,107,inner_race,0.007,2,118784,119808,train
705,107.mat.txt,107,inner_race,0.007,2,119296,120320,train
706,107.mat.txt,107,inner_race,0.007,2,119808,120832,train
707,107.mat.txt,107,inner_race,0.007,2,120320,121344,train
708,107.mat.txt,107,inner_race,0.007,2,120832,121856,train
709,108.mat.txt,108,inner_race,0.007,3,0,1024,test
710,108.mat.txt,108,inner_race,0.007,3,512,1536,test
711,108.mat.txt,108,inner_race,0.007,3,1024,2048,test
712,108.mat.txt,108,inner_race,0.007,3,1536,2560,test
713,108.mat.txt,108,inner_race,0.007,3,2048,3072,test
714,108.mat.txt,108,inner_race,0.007,3,2560,3584,test
715,108.mat.txt,108,inner_race,0.007,3,3072,4096,test
716,108.mat.txt,108,inner_race,0.007,3,3584,4608,test
717,108.mat.txt,108,inner_race,0.007,3,4096,5120,test
718,108.mat.txt,108,inner_race,0.007,3,4608,5632,test
719,108.mat.txt,108,inner_race,0.007,3,5120,6144,test
720,108.mat.txt,108,inner_race,0.007,3,5632,6656,test
721,108.mat.txt,108,inner_race,0.007,3,6144,7168,test
722,108.mat.txt,108,inner_race,0.007,3,6656,7680,test
723,108.mat.txt,108,inner_race,0.007,3,7168,8192,test
724,108.mat.txt,108,inner_race,0.007,3,7680,8704,test
725,108.mat.txt,108,inner_race,0.007,3,8192,9216,test
726,108.mat.txt,108,inner_race,0.007,3,8704,9728,test
727,108.mat.txt,108,inner_race,0.007,3,9216,10240,test
728,108.mat.txt,108,inner_race,0.007,3,9728,10752,test
729,108.mat.txt,108,inner_race,0.007,3,10240,11264,test
730,108.mat.txt,108,inner_race,0.007,3,10752,11776,test
731,108.mat.txt,108,inner_race,0.007,3,11264,12288,test
732,108.mat.txt,108,inner_race,0.007,3,11776,12800,test
733,108.mat.txt,108,inner_race,0.007,3,12288,13312,test
734,108.mat.txt,108,inner_race,0.007,3,12800,13824,test
735,108.mat.txt,108,inner_race,0.007,3,13312,14336,test
736,108.mat.txt,108,inner_race,0.007,3,13824,14848,test
737,108.mat.txt,108,inner_race,0.007,3,14336,15360,test
738,108.mat.txt,108,inner_race,0.007,3,14848,15872,test
739,108.mat.txt,108,inner_race,0.007,3,15360,16384,test
740,108.mat.txt,108,inner_race,0.007,3,15872,16896,test
741,108.mat.txt,108,inner_race,0.007,3,16384,17408,test
742,108.mat.txt,108,inner_race,0.007,3,16896,17920,test
743,108.mat.txt,108,inner_race,0.007,3,17408,18432,test
744,108.mat.txt,108,inner_race,0.007,3,17920,18944,test
745,108.mat.txt,108,inner_race,0.007,3,18432,19456,test
746,108.mat.txt,108,inner_race,0.007,3,18944,19968,test
747,108.mat.txt,108,inner_race,0.007,3,19456,20480,test
748,108.mat.txt,108,inner_race,0.007,3,19968,20992,test
749,108.mat.txt,108,inner_race,0.007,3,20480,21504,test
750,108.mat.txt,108,inner_race,0.007,3,20992,22016,test
751,108.mat.txt,108,inner_race,0.007,3,21504,22528,test
752,108.mat.txt,108,inner_race,0.007,3,22016,23040,test
753,108.mat.txt,108,inner_race,0.007,3,22528,23552,test
754,108.mat.txt,108,inner_race,0.007,3,23040,24064,test
755,108.mat.txt,108,inner_race,0.007,3,23552,24576,test
756,108.mat.txt,108,inner_race,0.007,3,24064,25088,test
757,108.mat.txt,108,inner_race,0.007,3,24576,25600,test
758,108.mat.txt,108,inner_race,0.007,3,25088,26112,test
759,108.mat.txt,108,inner_race,0.007,3,25600,26624,test
760,108.mat.txt,108,inner_race,0.007,3,26112,27136,test
761,108.mat.txt,108,inner_race,0.007,3,26624,27648,test
762,108.mat.txt,108,inner_race,0.007,3,27136,28160,test
763,108.mat.txt,108,inner_race,0.007,3,27648,28672,test
764,108.mat.txt,108,inner_race,0.007,3,28160,29184,test
765,108.mat.txt,108,inner_race,0.007,3,28672,29696,test
766,108.mat.txt,108,inner_race,0.007,3,29184,30208,test
767,108.mat.txt,108,inner_race,0.007,3,29696,30720,test
768,108.mat.txt,108,inner_race,0.007,3,30208,31232,test
769,108.mat.txt,108,inner_race,0.007,3,30720,31744,test
770,108.mat.txt,108,inner_race,0.007,3,31232,32256,test
771,108.mat.txt,108,inner_race,0.007,3,31744,32768,test
772,108.mat.txt,108,inner_race,0.007,3,32256,33280,test
773,108.mat.txt,108,inner_race,0.007,3,32768,33792,test
774,108.mat.txt,108,inner_race,0.007,3,33280,34304,test
775,108.mat.txt,108,inner_race,0.007,3,33792,34816,test
776,108.mat.txt,108,inner_race,0.007,3,34304,35328,test
777,108.mat.txt,108,inner_race,0.007,3,34816,35840,test
778,108.mat.txt,108,inner_race,0.007,3,35328,36352,test
779,108.mat.txt,108,inner_race,0.007,3,35840,36864,test
780,108.mat.txt,108,inner_race,0.007,3,36352,37376,test
781,108.mat.txt,108,inner_race,0.007,3,36864,37888,test
782,108.mat.txt,108,inner_race,0.007,3,37376,38400,test
783,108.mat.txt,108,inner_race,0.007,3,37888,38912,test
784,108.mat.txt,108,inner_race,0.007,3,38400,39424,test
785,108.mat.txt,108,inner_race,0.007,3,38912,39936,test
786,108.mat.txt,108,inner_race,0.007,3,39424,40448,test
787,108.mat.txt,108,inner_race,0.007,3,39936,40960,test
788,108.mat.txt,108,inner_race,0.007,3,40448,41472,test
789,108.mat.txt,108,inner_race,0.007,3,40960,41984,test
790,108.mat.txt,108,inner_race,0.007,3,41472,42496,test
791,108.mat.txt,108,inner_race,0.007,3,41984,43008,test
792,108.mat.txt,108,inner_race,0.007,3,42496,43520,test
793,108.mat.txt,108,inner_race,0.007,3,43008,44032,test
794,108.mat.txt,108,inner_race,0.007,3,43520,44544,test
795,108.mat.txt,108,inner_race,0.007,3,44032,45056,test
796,108.mat.txt,108,inner_race,0.007,3,44544,45568,test
797,108.mat.txt,108,inner_race,0.007,3,45056,46080,test
798,108.mat.txt,108,inner_race,0.007,3,45568,46592,test
799,108.mat.txt,108,inner_race,0.007,3,46080,47104,test
800,108.mat.txt,108,inner_race,0.007,3,46592,47616,test
801,108.mat.txt,108,inner_race,0.007,3,47104,48128,test
802,108.mat.txt,108,inner_race,0.007,3,47616,48640,test
803,108.mat.txt,108,inner_race,0.007,3,48128,49152,test
804,108.mat.txt,108,inner_race,0.007,3,48640,49664,test
805,108.mat.txt,108,inner_race,0.007,3,49152,50176,test
806,108.mat.txt,108,inner_race,0.007,3,49664,50688,test
807,108.mat.txt,108,inner_race,0.007,3,50176,51200,test
808,108.mat.txt,108,inner_race,0.007,3,50688,51712,test
809,108.mat.txt,108,inner_race,0.007,3,51200,52224,test
810,108.mat.txt,108,inner_race,0.007,3,51712,52736,test
811,108.mat.txt,108,inner_race,0.007,3,52224,53248,test
812,108.mat.txt,108,inner_race,0.007,3,52736,53760,test
813,108.mat.txt,108,inner_race,0.007,3,53248,54272,test
814,108.mat.txt,108,inner_race,0.007,3,53760,54784,test
815,108.mat.txt,108,inner_race,0.007,3,54272,55296,test
816,108.mat.txt,108,inner_race,0.007,3,54784,55808,test
817,108.mat.txt,108,inner_race,0.007,3,55296,56320,test
818,108.mat.txt,108,inner_race,0.007,3,55808,56832,test
819,108.mat.txt,108,inner_race,0.007,3,56320,57344,test
820,108.mat.txt,108,inner_race,0.007,3,56832,57856,test
821,108.mat.txt,108,inner_race,0.007,3,57344,58368,test
822,108.mat.txt,108,inner_race,0.007,3,57856,58880,test
823,108.mat.txt,108,inner_race,0.007,3,58368,59392,test
824,108.mat.txt,108,inner_race,0.007,3,58880,59904,test
825,108.mat.txt,108,inner_race,0.007,3,59392,60416,test
826,108.mat.txt,108,inner_race,0.007,3,59904,60928,test
827,108.mat.txt,108,inner_race,0.007,3,60416,61440,test
828,108.mat.txt,108,inner_race,0.007,3,60928,61952,test
829,108.mat.txt,108,inner_race,0.007,3,61440,62464,test
830,108.mat.txt,108,inner_race,0.007,3,61952,62976,test
831,108.mat.txt,108,inner_race,0.007,3,62464,63488,test
832,108.mat.txt,108,inner_race,0.007,3,62976,64000,test
833,108.mat.txt,108,inner_race,0.007,3,63488,64512,test
834,108.mat.txt,108,inner_race,0.007,3,64000,65024,test
835,108.mat.txt,108,inner_race,0.007,3,64512,65536,test
836,108.mat.txt,108,inner_race,0.007,3,65024,66048,test
837,108.mat.txt,108,inner_race,0.007,3,65536,66560,test
838,108.mat.txt,108,inner_race,0.007,3,66048,67072,test
839,108.mat.txt,108,inner_race,0.007,3,66560,67584,test
840,108.mat.txt,108,inner_race,0.007,3,67072,68096,test
841,108.mat.txt,108,inner_race,0.007,3,67584,68608,test
842,108.mat.txt,108,inner_race,0.007,3,68096,69120,test
843,108.mat.txt,108,inner_race,0.007,3,68608,69632,test
844,108.mat.txt,108,inner_race,0.007,3,69120,70144,test
845,108.mat.txt,108,inner_race,0.007,3,69632,70656,test
846,108.mat.txt,108,inner_race,0.007,3,70144,71168,test
847,108.mat.txt,108,inner_race,0.007,3,70656,71680,test
848,108.mat.txt,108,inner_race,0.007,3,71168,72192,test
849,108.mat.txt,108,inner_race,0.007,3,71680,72704,test
850,108.mat.txt,108,inner_race,0.007,3,72192,73216,test
851,108.mat.txt,108,inner_race,0.007,3,72704,73728,test
852,108.mat.txt,108,inner_race,0.007,3,73216,74240,test
853,108.mat.txt,108,inner_race,0.007,3,73728,74752,test
854,108.mat.txt,108,inner_race,0.007,3,74240,75264,test
855,108.mat.txt,108,inner_race,0.007,3,74752,75776,test
856,108.mat.txt,108,inner_race,0.007,3,75264,76288,test
857,108.mat.txt,108,inner_race,0.007,3,75776,76800,test
858,108.mat.txt,108,inner_race,0.007,3,76288,77312,test
859,108.mat.txt,108,inner_race,0.007,3,76800,77824,test
860,108.mat.txt,108,inner_race,0.007,3,77312,78336,test
861,108.mat.txt,108,inner_race,0.007,3,77824,78848,test
862,108.mat.txt,108,inner_race,0.007,3,78336,79360,test
863,108.mat.txt,108,inner_race,0.007,3,78848,79872,test
864,108.mat.txt,108,inner_race,0.007,3,79360,80384,test
865,108.mat.txt,108,inner_race,0.007,3,79872,80896,test
866,108.mat.txt,108,inner_race,0.007,3,80384,81408,test
867,108.mat.txt,108,inner_race,0.007,3,80896,81920,test
868,108.mat.txt,108,inner_race,0.007,3,81408,82432,test
869,108.mat.txt,108,inner_race,0.007,3,81920,82944,test
870,108.mat.txt,108,inner_race,0.007,3,82432,83456,test
871,108.mat.txt,108,inner_race,0.007,3,82944,83968,test
872,108.mat.txt,108,inner_race,0.007,3,83456,84480,test
873,108.mat.txt,108,inner_race,0.007,3,83968,84992,test
874,108.mat.txt,108,inner_race,0.007,3,84480,85504,test
875,108.mat.txt,108,inner_race,0.007,3,84992,86016,test
876,108.mat.txt,108,inner_race,0.007,3,85504,86528,test
877,108.mat.txt,108,inner_race,0.007,3,86016,87040,test
878,108.mat.txt,108,inner_race,0.007,3,86528,87552,test
879,108.mat.txt,108,inner_race,0.007,3,87040,88064,test
880,108.mat.txt,108,inner_race,0.007,3,87552,88576,test
881,108.mat.txt,108,inner_race,0.007,3,88064,89088,test
882,108.mat.txt,108,inner_race,0.007,3,88576,89600,test
883,108.mat.txt,108,inner_race,0.007,3,89088,90112,test
884,108.mat.txt,108,inner_race,0.007,3,89600,90624,test
885,108.mat.txt,108,inner_race,0.007,3,90112,91136,test
886,108.mat.txt,108,inner_race,0.007,3,90624,91648,test
887,108.mat.txt,108,inner_race,0.007,3,91136,92160,test
888,108.mat.txt,108,inner_race,0.007,3,91648,92672,test
889,108.mat.txt,108,inner_race,0.007,3,92160,93184,test
890,108.mat.txt,108,inner_race,0.007,3,92672,93696,test
891,108.mat.txt,108,inner_race,0.007,3,93184,94208,test
892,108.mat.txt,108,inner_race,0.007,3,93696,94720,test
893,108.mat.txt,108,inner_race,0.007,3,94208,95232,test
894,108.mat.txt,108,inner_race,0.007,3,94720,95744,test
895,108.mat.txt,108,inner_race,0.007,3,95232,96256,test
896,108.mat.txt,108,inner_race,0.007,3,95744,96768,test
897,108.mat.txt,108,inner_race,0.007,3,96256,97280,test
898,108.mat.txt,108,inner_race,0.007,3,96768,97792,test
899,108.mat.txt,108,inner_race,0.007,3,97280,98304,test
900,108.mat.txt,108,inner_race,0.007,3,97792,98816,test
901,108.mat.txt,108,inner_race,0.007,3,98304,99328,test
902,108.mat.txt,108,inner_race,0.007,3,98816,99840,test
903,108.mat.txt,108,inner_race,0.007,3,99328,100352,test
904,108.mat.txt,108,inner_race,0.007,3,99840,100864,test
905,108.mat.txt,108,inner_race,0.007,3,100352,101376,test
906,108.mat.txt,108,inner_race,0.007,3,100864,101888,test
907,108.mat.txt,108,inner_race,0.007,3,101376,102400,test
908,108.mat.txt,108,inner_race,0.007,3,101888,102912,test
909,108.mat.txt,108,inner_race,0.007,3,102400,103424,test
910,108.mat.txt,108,inner_race,0.007,3,102912,103936,test
911,108.mat.txt,108,inner_race,0.007,3,103424,104448,test
912,108.mat.txt,108,inner_race,0.007,3,103936,104960,test
913,108.mat.txt,108,inner_race,0.007,3,104448,105472,test
914,108.mat.txt,108,inner_race,0.007,3,104960,105984,test
915,108.mat.txt,108,inner_race,0.007,3,105472,106496,test
916,108.mat.txt,108,inner_race,0.007,3,105984,107008,test
917,108.mat.txt,108,inner_race,0.007,3,106496,107520,test
918,108.mat.txt,108,inner_race,0.007,3,107008,108032,test
919,108.mat.txt,108,inner_race,0.007,3,107520,108544,test
920,108.mat.txt,108,inner_race,0.007,3,108032,109056,test
921,108.mat.txt,108,inner_race,0.007,3,108544,109568,test
922,108.mat.txt,108,inner_race,0.007,3,109056,110080,test
923,108.mat.txt,108,inner_race,0.007,3,109568,110592,test
924,108.mat.txt,108,inner_race,0.007,3,110080,111104,test
925,108.mat.txt,108,inner_race,0.007,3,110592,111616,test
926,108.mat.txt,108,inner_race,0.007,3,111104,112128,test
927,108.mat.txt,108,inner_race,0.007,3,111616,112640,test
928,108.mat.txt,108,inner_race,0.007,3,112128,113152,test
929,108.mat.txt,108,inner_race,0.007,3,112640,113664,test
930,108.mat.txt,108,inner_race,0.007,3,113152,114176,test
931,108.mat.txt,108,inner_race,0.007,3,113664,114688,test
932,108.mat.txt,108,inner_race,0.007,3,114176,115200,test
933,108.mat.txt,108,inner_race,0.007,3,114688,115712,test
934,108.mat.txt,108,inner_race,0.007,3,115200,116224,test
935,108.mat.txt,108,inner_race,0.007,3,115712,116736,test
936,108.mat.txt,108,inner_race,0.007,3,116224,117248,test
937,108.mat.txt,108,inner_race,0.007,3,116736,117760,test
938,108.mat.txt,108,inner_race,0.007,3,117248,118272,test
939,108.mat.txt,108,inner_race,0.007,3,117760,118784,test
940,108.mat.txt,108,inner_race,0.007,3,118272,119296,test
941,108.mat.txt,108,inner_race,0.007,3,118784,119808,test
942,108.mat.txt,108,inner_race,0.007,3,119296,120320,test
943,108.mat.txt,108,inner_race,0.007,3,119808,120832,test
944,108.mat.txt,108,inner_race,0.007,3,120320,121344,test
945,108.mat.txt,108,inner_race,0.007,3,120832,121856,test
946,108.mat.txt,108,inner_race,0.007,3,121344,122368,test
947,108.mat.txt,108,inner_race,0.007,3,121856,122880,test
948,169.mat.txt,169,inner_race,0.014,0,0,1024,train
949,169.mat.txt,169,inner_race,0.014,0,512,1536,train
950,169.mat.txt,169,inner_race,0.014,0,1024,2048,train
951,169.mat.txt,169,inner_race,0.014,0,1536,2560,train
952,169.mat.txt,169,inner_race,0.014,0,2048,3072,train
953,169.mat.txt,169,inner_race,0.014,0,2560,3584,train
954,169.mat.txt,169,inner_race,0.014,0,3072,4096,train
955,169.mat.txt,169,inner_race,0.014,0,3584,4608,train
956,169.mat.txt,169,inner_race,0.014,0,4096,5120,train
957,169.mat.txt,169,inner_race,0.014,0,4608,5632,train
958,169.mat.txt,169,inner_race,0.014,0,5120,6144,train
959,169.mat.txt,169,inner_race,0.014,0,5632,6656,train
960,169.mat.txt,169,inner_race,0.014,0,6144,7168,train
961,169.mat.txt,169,inner_race,0.014,0,6656,7680,train
962,169.mat.txt,169,inner_race,0.014,0,7168,8192,train
963,169.mat.txt,169,inner_race,0.014,0,7680,8704,train
964,169.mat.txt,169,inner_race,0.014,0,8192,9216,train
965,169.mat.txt,169,inner_race,0.014,0,8704,9728,train
966,169.mat.txt,169,inner_race,0.014,0,9216,10240,train
967,169.mat.txt,169,inner_race,0.014,0,9728,10752,train
968,169.mat.txt,169,inner_race,0.014,0,10240,11264,train
969,169.mat.txt,169,inner_race,0.014,0,10752,11776,train
970,169.mat.txt,169,inner_race,0.014,0,11264,12288,train
971,169.mat.txt,169,inner_race,0.014,0,11776,12800,train
972,169.mat.txt,169,inner_race,0.014,0,12288,13312,train
973,169.mat.txt,169,inner_race,0.014,0,12800,13824,train
974,169.mat.txt,169,inner_race,0.014,0,13312,14336,train
975,169.mat.txt,169,inner_race,0.014,0,13824,14848,train
976,169.mat.txt,169,inner_race,0.014,0,14336,15360,train
977,169.mat.txt,169,inner_race,0.014,0,14848,15872,train
978,169.mat.txt,169,inner_race,0.014,0,15360,16384,train
979,169.mat.txt,169,inner_race,0.014,0,15872,16896,train
980,169.mat.txt,169,inner_race,0.014,0,16384,17408,train
981,169.mat.txt,169,inner_race,0.014,0,16896,17920,train
982,169.mat.txt,169,inner_race,0.014,0,17408,18432,train
983,169.mat.txt,169,inner_race,0.014,0,17920,18944,train
984,169.mat.txt,169,inner_race,0.014,0,18432,19456,train
985,169.mat.txt,169,inner_race,0.014,0,18944,19968,train
986,169.mat.txt,169,inner_race,0.014,0,19456,20480,train
987,169.mat.txt,169,inner_race,0.014,0,19968,20992,train
988,169.mat.txt,169,inner_race,0.014,0,20480,21504,train
989,169.mat.txt,169,inner_race,0.014,0,20992,22016,train
990,169.mat.txt,169,inner_race,0.014,0,21504,22528,train
991,169.mat.txt,169,inner_race,0.014,0,22016,23040,train
992,169.mat.txt,169,inner_race,0.014,0,22528,23552,train
993,169.mat.txt,169,inner_race,0.014,0,23040,24064,train
994,169.mat.txt,169,inner_race,0.014,0,23552,24576,train
995,169.mat.txt,169,inner_race,0.014,0,24064,25088,train
996,169.mat.txt,169,inner_race,0.014,0,24576,25600,train
997,169.mat.txt,169,inner_race,0.014,0,25088,26112,train
998,169.mat.txt,169,inner_race,0.014,0,25600,26624,train
999,169.mat.txt,169,inner_race,0.014,0,26112,27136,train
1000,169.mat.txt,169,inner_race,0.014,0,26624,27648,train
1001,169.mat.txt,169,inner_race,0.014,0,27136,28160,train
1002,169.mat.txt,169,inner_race,0.014,0,27648,28672,train
1003,169.mat.txt,169,inner_race,0.014,0,28160,29184,train
1004,169.mat.txt,169,inner_race,0.014,0,28672,29696,train
1005,169.mat.txt,169,inner_race,0.014,0,29184,30208,train
1006,169.mat.txt,169,inner_race,0.014,0,29696,30720,train
1007,169.mat.txt,169,inner_race,0.014,0,30208,31232,train
1008,169.mat.txt,169,inner_race,0.014,0,30720,31744,train
1009,169.mat.txt,169,inner_race,0.014,0,31232,32256,train
1010,169.mat.txt,169,inner_race,0.014,0,31744,32768,train
1011,169.mat.txt,169,inner_race,0.014,0,32256,33280,train
1012,169.mat.txt,169,inner_race,0.014,0,32768,33792,train
1013,169.mat.txt,169,inner_race,0.014,0,33280,34304,train
1014,169.mat.txt,169,inner_race,0.014,0,33792,34816,train
1015,169.mat.txt,169,inner_race,0.014,0,34304,35328,train
1016,169.mat.txt,169,inner_race,0.014,0,34816,35840,train
1017,169.mat.txt,169,inner_race,0.014,0,35328,36352,train
1018,169.mat.txt,169,inner_race,0.014,0,35840,36864,train
1019,169.mat.txt,169,inner_race,0.014,0,36352,37376,train
1020,169.mat.txt,169,inner_race,0.014,0,36864,37888,train
1021,169.mat.txt,169,inner_race,0.014,0,37376,38400,train
1022,169.mat.txt,169,inner_race,0.014,0,37888,38912,train
1023,169.mat.txt,169,inner_race,0.014,0,38400,39424,train
1024,169.mat.txt,169,inner_race,0.014,0,38912,39936,train
1025,169.mat.txt,169,inner_race,0.014,0,39424,40448,train
1026,169.mat.txt,169,inner_race,0.014,0,39936,40960,train
1027,169.mat.txt,169,inner_race,0.014,0,40448,41472,train
1028,169.mat.txt,169,inner_race,0.014,0,40960,41984,train
1029,169.mat.txt,169,inner_race,0.014,0,41472,42496,train
1030,169.mat.txt,169,inner_race,0.014,0,41984,43008,train
1031,169.mat.txt,169,inner_race,0.014,0,42496,43520,train
1032,169.mat.txt,169,inner_race,0.014,0,43008,44032,train
1033,169.mat.txt,169,inner_race,0.014,0,43520,44544,train
1034,169.mat.txt,169,inner_race,0.014,0,44032,45056,train
1035,169.mat.txt,169,inner_race,0.014,0,44544,45568,train
1036,169.mat.txt,169,inner_race,0.014,0,45056,46080,train
1037,169.mat.txt,169,inner_race,0.014,0,45568,46592,train
1038,169.mat.txt,169,inner_race,0.014,0,46080,47104,train
1039,169.mat.txt,169,inner_race,0.014,0,46592,47616,train
1040,169.mat.txt,169,inner_race,0.014,0,47104,48128,train
1041,169.mat.txt,169,inner_race,0.014,0,47616,48640,train
1042,169.mat.txt,169,inner_race,0.014,0,48128,49152,train
1043,169.mat.txt,169,inner_race,0.014,0,48640,49664,train
1044,169.mat.txt,169,inner_race,0.014,0,49152,50176,train
1045,169.mat.txt,169,inner_race,0.014,0,49664,50688,train
1046,169.mat.txt,169,inner_race,0.014,0,50176,51200,train
1047,169.mat.txt,169,inner_race,0.014,0,50688,51712,train
1048,169.mat.txt,169,inner_race,0.014,0,51200,52224,train
1049,169.mat.txt,169,inner_race,0.014,0,51712,52736,train
1050,169.mat.txt,169,inner_race,0.014,0,52224,53248,train
1051,169.mat.txt,169,inner_race,0.014,0,52736,53760,train
1052,169.mat.txt,169,inner_race,0.014,0,53248,54272,train
1053,169.mat.txt,169,inner_race,0.014,0,53760,54784,train
1054,169.mat.txt,169,inner_race,0.014,0,54272,55296,train
1055,169.mat.txt,169,inner_race,0.014,0,54784,55808,train
1056,169.mat.txt,169,inner_race,0.014,0,55296,56320,train
1057,169.mat.txt,169,inner_race,0.014,0,55808,56832,train
1058,169.mat.txt,169,inner_race,0.014,0,56320,57344,train
1059,169.mat.txt,169,inner_race,0.014,0,56832,57856,train
1060,169.mat.txt,169,inner_race,0.014,0,57344,58368,train
1061,169.mat.txt,169,inner_race,0.014,0,57856,58880,train
1062,169.mat.txt,169,inner_race,0.014,0,58368,59392,train
1063,169.mat.txt,169,inner_race,0.014,0,58880,59904,train
1064,169.mat.txt,169,inner_race,0.014,0,59392,60416,train
1065,169.mat.txt,169,inner_race,0.014,0,59904,60928,train
1066,169.mat.txt,169,inner_race,0.014,0,60416,61440,train
1067,169.mat.txt,169,inner_race,0.014,0,60928,61952,train
1068,169.mat.txt,169,inner_race,0.014,0,61440,62464,train
1069,169.mat.txt,169,inner_race,0.014,0,61952,62976,train
1070,169.mat.txt,169,inner_race,0.014,0,62464,63488,train
1071,169.mat.txt,169,inner_race,0.014,0,62976,64000,train
1072,169.mat.txt,169,inner_race,0.014,0,63488,64512,train
1073,169.mat.txt,169,inner_race,0.014,0,64000,65024,train
1074,169.mat.txt,169,inner_race,0.014,0,64512,65536,train
1075,169.mat.txt,169,inner_race,0.014,0,65024,66048,train
1076,169.mat.txt,169,inner_race,0.014,0,65536,66560,train
1077,169.mat.txt,169,inner_race,0.014,0,66048,67072,train
1078,169.mat.txt,169,inner_race,0.014,0,66560,67584,train
1079,169.mat.txt,169,inner_race,0.014,0,67072,68096,train
1080,169.mat.txt,169,inner_race,0.014,0,67584,68608,train
1081,169.mat.txt,169,inner_race,0.014,0,68096,69120,train
1082,169.mat.txt,169,inner_race,0.014,0,68608,69632,train
1083,169.mat.txt,169,inner_race,0.014,0,69120,70144,train
1084,169.mat.txt,169,inner_race,0.014,0,69632,70656,train
1085,169.mat.txt,169,inner_race,0.014,0,70144,71168,train
1086,169.mat.txt,169,inner_race,0.014,0,70656,71680,train
1087,169.mat.txt,169,inner_race,0.014,0,71168,72192,train
1088,169.mat.txt,169,inner_race,0.014,0,71680,72704,train
1089,169.mat.txt,169,inner_race,0.014,0,72192,73216,train
1090,169.mat.txt,169,inner_race,0.014,0,72704,73728,train
1091,169.mat.txt,169,inner_race,0.014,0,73216,74240,train
1092,169.mat.txt,169,inner_race,0.014,0,73728,74752,train
1093,169.mat.txt,169,inner_race,0.014,0,74240,75264,train
1094,169.mat.txt,169,inner_race,0.014,0,74752,75776,train
1095,169.mat.txt,169,inner_race,0.014,0,75264,76288,train
1096,169.mat.txt,169,inner_race,0.014,0,75776,76800,train
1097,169.mat.txt,169,inner_race,0.014,0,76288,77312,train
1098,169.mat.txt,169,inner_race,0.014,0,76800,77824,train
1099,169.mat.txt,169,inner_race,0.014,0,77312,78336,train
1100,169.mat.txt,169,inner_race,0.014,0,77824,78848,train
1101,169.mat.txt,169,inner_race,0.014,0,78336,79360,train
1102,169.mat.txt,169,inner_race,0.014,0,78848,79872,train
1103,169.mat.txt,169,inner_race,0.014,0,79360,80384,train
1104,169.mat.txt,169,inner_race,0.014,0,79872,80896,train
1105,169.mat.txt,169,inner_race,0.014,0,80384,81408,train
1106,169.mat.txt,169,inner_race,0.014,0,80896,81920,train
1107,169.mat.txt,169,inner_race,0.014,0,81408,82432,train
1108,169.mat.txt,169,inner_race,0.014,0,81920,82944,train
1109,169.mat.txt,169,inner_race,0.014,0,82432,83456,train
1110,169.mat.txt,169,inner_race,0.014,0,82944,83968,train
1111,169.mat.txt,169,inner_race,0.014,0,83456,84480,train
1112,169.mat.txt,169,inner_race,0.014,0,83968,84992,train
1113,169.mat.txt,169,inner_race,0.014,0,84480,85504,train
1114,169.mat.txt,169,inner_race,0.014,0,84992,86016,train
1115,169.mat.txt,169,inner_race,0.014,0,85504,86528,train
1116,169.mat.txt,169,inner_race,0.014,0,86016,87040,train
1117,169.mat.txt,169,inner_race,0.014,0,86528,87552,train
1118,169.mat.txt,169,inner_race,0.014,0,87040,88064,train
1119,169.mat.txt,169,inner_race,0.014,0,87552,88576,train
1120,169.mat.txt,169,inner_race,0.014,0,88064,89088,train
1121,169.mat.txt,169,inner_race,0.014,0,88576,89600,train
1122,169.mat.txt,169,inner_race,0.014,0,89088,90112,train
1123,169.mat.txt,169,inner_race,0.014,0,89600,90624,train
1124,169.mat.txt,169,inner_race,0.014,0,90112,91136,train
1125,169.mat.txt,169,inner_race,0.014,0,90624,91648,train
1126,169.mat.txt,169,inner_race,0.014,0,91136,92160,train
1127,169.mat.txt,169,inner_race,0.014,0,91648,92672,train
1128,169.mat.txt,169,inner_race,0.014,0,92160,93184,train
1129,169.mat.txt,169,inner_race,0.014,0,92672,93696,train
1130,169.mat.txt,169,inner_race,0.014,0,93184,94208,train
1131,169.mat.txt,169,inner_race,0.014,0,93696,94720,train
1132,169.mat.txt,169,inner_race,0.014,0,94208,95232,train
1133,169.mat.txt,169,inner_race,0.014,0,94720,95744,train
1134,169.mat.txt,169,inner_race,0.014,0,95232,96256,train
1135,169.mat.txt,169,inner_race,0.014,0,95744,96768,train
1136,169.mat.txt,169,inner_race,0.014,0,96256,97280,train
1137,169.mat.txt,169,inner_race,0.014,0,96768,97792,train
1138,169.mat.txt,169,inner_race,0.014,0,97280,98304,train
1139,169.mat.txt,169,inner_race,0.014,0,97792,98816,train
1140,169.mat.txt,169,inner_race,0.014,0,98304,99328,train
1141,169.mat.txt,169,inner_race,0.014,0,98816,99840,train
1142,169.mat.txt,169,inner_race,0.014,0,99328,100352,train
1143,169.mat.txt,169,inner_race,0.014,0,99840,100864,train
1144,169.mat.txt,169,inner_race,0.014,0,100352,101376,train
1145,169.mat.txt,169,inner_race,0.014,0,100864,101888,train
1146,169.mat.txt,169,inner_race,0.014,0,101376,102400,train
1147,169.mat.txt,169,inner_race,0.014,0,101888,102912,train
1148,169.mat.txt,169,inner_race,0.014,0,102400,103424,train
1149,169.mat.txt,169,inner_race,0.014,0,102912,103936,train
1150,169.mat.txt,169,inner_race,0.014,0,103424,104448,train
1151,169.mat.txt,169,inner_race,0.014,0,103936,104960,train
1152,169.mat.txt,169,inner_race,0.014,0,104448,105472,train
1153,169.mat.txt,169,inner_race,0.014,0,104960,105984,train
1154,169.mat.txt,169,inner_race,0.014,0,105472,106496,train
1155,169.mat.txt,169,inner_race,0.014,0,105984,107008,train
1156,169.mat.txt,169,inner_race,0.014,0,106496,107520,train
1157,169.mat.txt,169,inner_race,0.014,0,107008,108032,train
1158,169.mat.txt,169,inner_race,0.014,0,107520,108544,train
1159,169.mat.txt,169,inner_race,0.014,0,108032,109056,train
1160,169.mat.txt,169,inner_race,0.014,0,108544,109568,train
1161,169.mat.txt,169,inner_race,0.014,0,109056,110080,train
1162,169.mat.txt,169,inner_race,0.014,0,109568,110592,train
1163,169.mat.txt,169,inner_race,0.014,0,110080,111104,train
1164,169.mat.txt,169,inner_race,0.014,0,110592,111616,train
1165,169.mat.txt,169,inner_race,0.014,0,111104,112128,train
1166,169.mat.txt,169,inner_race,0.014,0,111616,112640,train
1167,169.mat.txt,169,inner_race,0.014,0,112128,113152,train
1168,169.mat.txt,169,inner_race,0.014,0,112640,113664,train
1169,169.mat.txt,169,inner_race,0.014,0,113152,114176,train
1170,169.mat.txt,169,inner_race,0.014,0,113664,114688,train
1171,169.mat.txt,169,inner_race,0.014,0,114176,115200,train
1172,169.mat.txt,169,inner_race,0.014,0,114688,115712,train
1173,169.mat.txt,169,inner_race,0.014,0,115200,116224,train
1174,169.mat.txt,169,inner_race,0.014,0,115712,116736,train
1175,169.mat.txt,169,inner_race,0.014,0,116224,117248,train
1176,169.mat.txt,169,inner_race,0.014,0,116736,117760,train
1177,169.mat.txt,169,inner_race,0.014,0,117248,118272,train
1178,169.mat.txt,169,inner_race,0.014,0,117760,118784,train
1179,169.mat.txt,169,inner_race,0.014,0,118272,119296,train
1180,169.mat.txt,169,inner_race,0.014,0,118784,119808,train
1181,169.mat.txt,169,inner_race,0.014,0,119296,120320,train
1182,169.mat.txt,169,inner_race,0.014,0,119808,120832,train
1183,169.mat.txt,169,inner_race,0.014,0,120320,121344,train
1184,170.mat.txt,170,inner_race,0.014,1,0,1024,train
1185,170.mat.txt,170,inner_race,0.014,1,512,1536,train
1186,170.mat.txt,170,inner_race,0.014,1,1024,2048,train
1187,170.mat.txt,170,inner_race,0.014,1,1536,2560,train
1188,170.mat.txt,170,inner_race,0.014,1,2048,3072,train
1189,170.mat.txt,170,inner_race,0.014,1,2560,3584,train
1190,170.mat.txt,170,inner_race,0.014,1,3072,4096,train
1191,170.mat.txt,170,inner_race,0.014,1,3584,4608,train
1192,170.mat.txt,170,inner_race,0.014,1,4096,5120,train
1193,170.mat.txt,170,inner_race,0.014,1,4608,5632,train
1194,170.mat.txt,170,inner_race,0.014,1,5120,6144,train
1195,170.mat.txt,170,inner_race,0.014,1,5632,6656,train
1196,170.mat.txt,170,inner_race,0.014,1,6144,7168,train
1197,170.mat.txt,170,inner_race,0.014,1,6656,7680,train
1198,170.mat.txt,170,inner_race,0.014,1,7168,8192,train
1199,170.mat.txt,170,inner_race,0.014,1,7680,8704,train
1200,170.mat.txt,170,inner_race,0.014,1,8192,9216,train
1201,170.mat.txt,170,inner_race,0.014,1,8704,9728,train
1202,170.mat.txt,170,inner_race,0.014,1,9216,10240,train
1203,170.mat.txt,170,inner_race,0.014,1,9728,10752,train
1204,170.mat.txt,170,inner_race,0.014,1,10240,11264,train
1205,170.mat.txt,170,inner_race,0.014,1,10752,11776,train
1206,170.mat.txt,170,inner_race,0.014,1,11264,12288,train
1207,170.mat.txt,170,inner_race,0.014,1,11776,12800,train
1208,170.mat.txt,170,inner_race,0.014,1,12288,13312,train
1209,170.mat.txt,170,inner_race,0.014,1,12800,13824,train
1210,170.mat.txt,170,inner_race,0.014,1,13312,14336,train
1211,170.mat.txt,170,inner_race,0.014,1,13824,14848,train
1212,170.mat.txt,170,inner_race,0.014,1,14336,15360,train
1213,170.mat.txt,170,inner_race,0.014,1,14848,15872,train
1214,170.mat.txt,170,inner_race,0.014,1,15360,16384,train
1215,170.mat.txt,170,inner_race,0.014,1,15872,16896,train
1216,170.mat.txt,170,inner_race,0.014,1,16384,17408,train
1217,170.mat.txt,170,inner_race,0.014,1,16896,17920,train
1218,170.mat.txt,170,inner_race,0.014,1,17408,18432,train
1219,170.mat.txt,170,inner_race,0.014,1,17920,18944,train
1220,170.mat.txt,170,inner_race,0.014,1,18432,19456,train
1221,170.mat.txt,170,inner_race,0.014,1,18944,19968,train
1222,170.mat.txt,170,inner_race,0.014,1,19456,20480,train
1223,170.mat.txt,170,inner_race,0.014,1,19968,20992,train
1224,170.mat.txt,170,inner_race,0.014,1,20480,21504,train
1225,170.mat.txt,170,inner_race,0.014,1,20992,22016,train
1226,170.mat.txt,170,inner_race,0.014,1,21504,22528,train
1227,170.mat.txt,170,inner_race,0.014,1,22016,23040,train
1228,170.mat.txt,170,inner_race,0.014,1,22528,23552,train
1229,170.mat.txt,170,inner_race,0.014,1,23040,24064,train
1230,170.mat.txt,170,inner_race,0.014,1,23552,24576,train
1231,170.mat.txt,170,inner_race,0.014,1,24064,25088,train
1232,170.mat.txt,170,inner_race,0.014,1,24576,25600,train
1233,170.mat.txt,170,inner_race,0.014,1,25088,26112,train
1234,170.mat.txt,170,inner_race,0.014,1,25600,26624,train
1235,170.mat.txt,170,inner_race,0.014,1,26112,27136,train
1236,170.mat.txt,170,inner_race,0.014,1,26624,27648,train
1237,170.mat.txt,170,inner_race,0.014,1,27136,28160,train
1238,170.mat.txt,170,inner_race,0.014,1,27648,28672,train
1239,170.mat.txt,170,inner_race,0.014,1,28160,29184,train
1240,170.mat.txt,170,inner_race,0.014,1,28672,29696,train
1241,170.mat.txt,170,inner_race,0.014,1,29184,30208,train
1242,170.mat.txt,170,inner_race,0.014,1,29696,30720,train
1243,170.mat.txt,170,inner_race,0.014,1,30208,31232,train
1244,170.mat.txt,170,inner_race,0.014,1,30720,31744,train
1245,170.mat.txt,170,inner_race,0.014,1,31232,32256,train
1246,170.mat.txt,170,inner_race,0.014,1,31744,32768,train
1247,170.mat.txt,170,inner_race,0.014,1,32256,33280,train
1248,170.mat.txt,170,inner_race,0.014,1,32768,33792,train
1249,170.mat.txt,170,inner_race,0.014,1,33280,34304,train
1250,170.mat.txt,170,inner_race,0.014,1,33792,34816,train
1251,170.mat.txt,170,inner_race,0.014,1,34304,35328,train
1252,170.mat.txt,170,inner_race,0.014,1,34816,35840,train
1253,170.mat.txt,170,inner_race,0.014,1,35328,36352,train
1254,170.mat.txt,170,inner_race,0.014,1,35840,36864,train
1255,170.mat.txt,170,inner_race,0.014,1,36352,37376,train
1256,170.mat.txt,170,inner_race,0.014,1,36864,37888,train
1257,170.mat.txt,170,inner_race,0.014,1,37376,38400,train
1258,170.mat.txt,170,inner_race,0.014,1,37888,38912,train
1259,170.mat.txt,170,inner_race,0.014,1,38400,39424,train
1260,170.mat.txt,170,inner_race,0.014,1,38912,39936,train
1261,170.mat.txt,170,inner_race,0.014,1,39424,40448,train
1262,170.mat.txt,170,inner_race,0.014,1,39936,40960,train
1263,170.mat.txt,170,inner_race,0.014,1,40448,41472,train
1264,170.mat.txt,170,inner_race,0.014,1,40960,41984,train
1265,170.mat.txt,170,inner_race,0.014,1,41472,42496,train
1266,170.mat.txt,170,inner_race,0.014,1,41984,43008,train
1267,170.mat.txt,170,inner_race,0.014,1,42496,43520,train
1268,170.mat.txt,170,inner_race,0.014,1,43008,44032,train
1269,170.mat.txt,170,inner_race,0.014,1,43520,44544,train
1270,170.mat.txt,170,inner_race,0.014,1,44032,45056,train
1271,170.mat.txt,170,inner_race,0.014,1,44544,45568,train
1272,170.mat.txt,170,inner_race,0.014,1,45056,46080,train
1273,170.mat.txt,170,inner_race,0.014,1,45568,46592,train
1274,170.mat.txt,170,inner_race,0.014,1,46080,47104,train
1275,170.mat.txt,170,inner_race,0.014,1,46592,47616,train
1276,170.mat.txt,170,inner_race,0.014,1,47104,48128,train
1277,170.mat.txt,170,inner_race,0.014,1,47616,48640,train
1278,170.mat.txt,170,inner_race,0.014,1,48128,49152,train
1279,170.mat.txt,170,inner_race,0.014,1,48640,49664,train
1280,170.mat.txt,170,inner_race,0.014,1,49152,50176,train
1281,170.mat.txt,170,inner_race,0.014,1,49664,50688,train
1282,170.mat.txt,170,inner_race,0.014,1,50176,51200,train
1283,170.mat.txt,170,inner_race,0.014,1,50688,51712,train
1284,170.mat.txt,170,inner_race,0.014,1,51200,52224,train
1285,170.mat.txt,170,inner_race,0.014,1,51712,52736,train
1286,170.mat.txt,170,inner_race,0.014,1,52224,53248,train
1287,170.mat.txt,170,inner_race,0.014,1,52736,53760,train
1288,170.mat.txt,170,inner_race,0.014,1,53248,54272,train
1289,170.mat.txt,170,inner_race,0.014,1,53760,54784,train
1290,170.mat.txt,170,inner_race,0.014,1,54272,55296,train
1291,170.mat.txt,170,inner_race,0.014,1,54784,55808,train
1292,170.mat.txt,170,inner_race,0.014,1,55296,56320,train
1293,170.mat.txt,170,inner_race,0.014,1,55808,56832,train
1294,170.mat.txt,170,inner_race,0.014,1,56320,57344,train
1295,170.mat.txt,170,inner_race,0.014,1,56832,57856,train
1296,170.mat.txt,170,inner_race,0.014,1,57344,58368,train
1297,170.mat.txt,170,inner_race,0.014,1,57856,58880,train
1298,170.mat.txt,170,inner_race,0.014,1,58368,59392,train
1299,170.mat.txt,170,inner_race,0.014,1,58880,59904,train
1300,170.mat.txt,170,inner_race,0.014,1,59392,60416,train
1301,170.mat.txt,170,inner_race,0.014,1,59904,60928,train
1302,170.mat.txt,170,inner_race,0.014,1,60416,61440,train
1303,170.mat.txt,170,inner_race,0.014,1,60928,61952,train
1304,170.mat.txt,170,inner_race,0.014,1,61440,62464,train
1305,170.mat.txt,170,inner_race,0.014,1,61952,62976,train
1306,170.mat.txt,170,inner_race,0.014,1,62464,63488,train
1307,170.mat.txt,170,inner_race,0.014,1,62976,64000,train
1308,170.mat.txt,170,inner_race,0.014,1,63488,64512,train
1309,170.mat.txt,170,inner_race,0.014,1,64000,65024,train
1310,170.mat.txt,170,inner_race,0.014,1,64512,65536,train
1311,170.mat.txt,170,inner_race,0.014,1,65024,66048,train
1312,170.mat.txt,170,inner_race,0.014,1,65536,66560,train
1313,170.mat.txt,170,inner_race,0.014,1,66048,67072,train
1314,170.mat.txt,170,inner_race,0.014,1,66560,67584,train
1315,170.mat.txt,170,inner_race,0.014,1,67072,68096,train
1316,170.mat.txt,170,inner_race,0.014,1,67584,68608,train
1317,170.mat.txt,170,inner_race,0.014,1,68096,69120,train
1318,170.mat.txt,170,inner_race,0.014,1,68608,69632,train
1319,170.mat.txt,170,inner_race,0.014,1,69120,70144,train
1320,170.mat.txt,170,inner_race,0.014,1,69632,70656,train
1321,170.mat.txt,170,inner_race,0.014,1,70144,71168,train
1322,170.mat.txt,170,inner_race,0.014,1,70656,71680,train
1323,170.mat.txt,170,inner_race,0.014,1,71168,72192,train
1324,170.mat.txt,170,inner_race,0.014,1,71680,72704,train
1325,170.mat.txt,170,inner_race,0.014,1,72192,73216,train
1326,170.mat.txt,170,inner_race,0.014,1,72704,73728,train
1327,170.mat.txt,170,inner_race,0.014,1,73216,74240,train
1328,170.mat.txt,170,inner_race,0.014,1,73728,74752,train
1329,170.mat.txt,170,inner_race,0.014,1,74240,75264,train
1330,170.mat.txt,170,inner_race,0.014,1,74752,75776,train
1331,170.mat.txt,170,inner_race,0.014,1,75264,76288,train
1332,170.mat.txt,170,inner_race,0.014,1,75776,76800,train
1333,170.mat.txt,170,inner_race,0.014,1,76288,77312,train
1334,170.mat.txt,170,inner_race,0.014,1,76800,77824,train
1335,170.mat.txt,170,inner_race,0.014,1,77312,78336,train
1336,170.mat.txt,170,inner_race,0.014,1,77824,78848,train
1337,170.mat.txt,170,inner_race,0.014,1,78336,79360,train
1338,170.mat.txt,170,inner_race,0.014,1,78848,79872,train
1339,170.mat.txt,170,inner_race,0.014,1,79360,80384,train
1340,170.mat.txt,170,inner_race,0.014,1,79872,80896,train
1341,170.mat.txt,170,inner_race,0.014,1,80384,81408,train
1342,170.mat.txt,170,inner_race,0.014,1,80896,81920,train
1343,170.mat.txt,170,inner_race,0.014,1,81408,82432,train
1344,170.mat.txt,170,inner_race,0.014,1,81920,82944,train
1345,170.mat.txt,170,inner_race,0.014,1,82432,83456,train
1346,170.mat.txt,170,inner_race,0.014,1,82944,83968,train
1347,170.mat.txt,170,inner_race,0.014,1,83456,84480,train
1348,170.mat.txt,170,inner_race,0.014,1,83968,84992,train
1349,170.mat.txt,170,inner_race,0.014,1,84480,85504,train
1350,170.mat.txt,170,inner_race,0.014,1,84992,86016,train
1351,170.mat.txt,170,inner_race,0.014,1,85504,86528,train
1352,170.mat.txt,170,inner_race,0.014,1,86016,87040,train
1353,170.mat.txt,170,inner_race,0.014,1,86528,87552,train
1354,170.mat.txt,170,inner_race,0.014,1,87040,88064,train
1355,170.mat.txt,170,inner_race,0.014,1,87552,88576,train
1356,170.mat.txt,170,inner_race,0.014,1,88064,89088,train
1357,170.mat.txt,170,inner_race,0.014,1,88576,89600,train
1358,170.mat.txt,170,inner_race,0.014,1,89088,90112,train
1359,170.mat.txt,170,inner_race,0.014,1,89600,90624,train
1360,170.mat.txt,170,inner_race,0.014,1,90112,91136,train
1361,170.mat.txt,170,inner_race,0.014,1,90624,91648,train
1362,170.mat.txt,170,inner_race,0.014,1,91136,92160,train
1363,170.mat.txt,170,inner_race,0.014,1,91648,92672,train
1364,170.mat.txt,170,inner_race,0.014,1,92160,93184,train
1365,170.mat.txt,170,inner_race,0.014,1,92672,93696,train
1366,170.mat.txt,170,inner_race,0.014,1,93184,94208,train
1367,170.mat.txt,170,inner_race,0.014,1,93696,94720,train
1368,170.mat.txt,170,inner_race,0.014,1,94208,95232,train
1369,170.mat.txt,170,inner_race,0.014,1,94720,95744,train
1370,170.mat.txt,170,inner_race,0.014,1,95232,96256,train
1371,170.mat.txt,170,inner_race,0.014,1,95744,96768,train
1372,170.mat.txt,170,inner_race,0.014,1,96256,97280,train
1373,170.mat.txt,170,inner_race,0.014,1,96768,97792,train
1374,170.mat.txt,170,inner_race,0.014,1,97280,98304,train
1375,170.mat.txt,170,inner_race,0.014,1,97792,98816,train
1376,170.mat.txt,170,inner_race,0.014,1,98304,99328,train
1377,170.mat.txt,170,inner_race,0.014,1,98816,99840,train
1378,170.mat.txt,170,inner_race,0.014,1,99328,100352,train
1379,170.mat.txt,170,inner_race,0.014,1,99840,100864,train
1380,170.mat.txt,170,inner_race,0.014,1,100352,101376,train
1381,170.mat.txt,170,inner_race,0.014,1,100864,101888,train
1382,170.mat.txt,170,inner_race,0.014,1,101376,102400,train
1383,170.mat.txt,170,inner_race,0.014,1,101888,102912,train
1384,170.mat.txt,170,inner_race,0.014,1,102400,103424,train
1385,170.mat.txt,170,inner_race,0.014,1,102912,103936,train
1386,170.mat.txt,170,inner_race,0.014,1,103424,104448,train
1387,170.mat.txt,170,inner_race,0.014,1,103936,104960,train
1388,170.mat.txt,170,inner_race,0.014,1,104448,105472,train
1389,170.mat.txt,170,inner_race,0.014,1,104960,105984,train
1390,170.mat.txt,170,inner_race,0.014,1,105472,106496,train
1391,170.mat.txt,170,inner_race,0.014,1,105984,107008,train
1392,170.mat.txt,170,inner_race,0.014,1,106496,107520,train
1393,170.mat.txt,170,inner_race,0.014,1,107008,108032,train
1394,170.mat.txt,170,inner_race,0.014,1,107520,108544,train
1395,170.mat.txt,170,inner_race,0.014,1,108032,109056,train
1396,170.mat.txt,170,inner_race,0.014,1,108544,109568,train
1397,170.mat.txt,170,inner_race,0.014,1,109056,110080,train
1398,170.mat.txt,170,inner_race,0.014,1,109568,110592,train
1399,170.mat.txt,170,inner_race,0.014,1,110080,111104,train
1400,170.mat.txt,170,inner_race,0.014,1,110592,111616,train
1401,170.mat.txt,170,inner_race,0.014,1,111104,112128,train
1402,170.mat.txt,170,inner_race,0.014,1,111616,112640,train
1403,170.mat.txt,170,inner_race,0.014,1,112128,113152,train
1404,170.mat.txt,170,inner_race,0.014,1,112640,113664,train
1405,170.mat.txt,170,inner_race,0.014,1,113152,114176,train
1406,170.mat.txt,170,inner_race,0.014,1,113664,114688,train
1407,170.mat.txt,170,inner_race,0.014,1,114176,115200,train
1408,170.mat.txt,170,inner_race,0.014,1,114688,115712,train
1409,170.mat.txt,170,inner_race,0.014,1,115200,116224,train
1410,170.mat.txt,170,inner_race,0.014,1,115712,116736,train
1411,170.mat.txt,170,inner_race,0.014,1,116224,117248,train
1412,170.mat.txt,170,inner_race,0.014,1,116736,117760,train
1413,170.mat.txt,170,inner_race,0.014,1,117248,118272,train
1414,170.mat.txt,170,inner_race,0.014,1,117760,118784,train
1415,170.mat.txt,170,inner_race,0.014,1,118272,119296,train
1416,170.mat.txt,170,inner_race,0.014,1,118784,119808,train
1417,170.mat.txt,170,inner_race,0.014,1,119296,120320,train
1418,170.mat.txt,170,inner_race,0.014,1,119808,120832,train
1419,170.mat.txt,170,inner_race,0.014,1,120320,121344,train
1420,171.mat.txt,171,inner_race,0.014,2,0,1024,train
1421,171.mat.txt,171,inner_race,0.014,2,512,1536,train
1422,171.mat.txt,171,inner_race,0.014,2,1024,2048,train
1423,171.mat.txt,171,inner_race,0.014,2,1536,2560,train
1424,171.mat.txt,171,inner_race,0.014,2,2048,3072,train
1425,171.mat.txt,171,inner_race,0.014,2,2560,3584,train
1426,171.mat.txt,171,inner_race,0.014,2,3072,4096,train
1427,171.mat.txt,171,inner_race,0.014,2,3584,4608,train
1428,171.mat.txt,171,inner_race,0.014,2,4096,5120,train
1429,171.mat.txt,171,inner_race,0.014,2,4608,5632,train
1430,171.mat.txt,171,inner_race,0.014,2,5120,6144,train
1431,171.mat.txt,171,inner_race,0.014,2,5632,6656,train
1432,171.mat.txt,171,inner_race,0.014,2,6144,7168,train
1433,171.mat.txt,171,inner_race,0.014,2,6656,7680,train
1434,171.mat.txt,171,inner_race,0.014,2,7168,8192,train
1435,171.mat.txt,171,inner_race,0.014,2,7680,8704,train
1436,171.mat.txt,171,inner_race,0.014,2,8192,9216,train
1437,171.mat.txt,171,inner_race,0.014,2,8704,9728,train
1438,171.mat.txt,171,inner_race,0.014,2,9216,10240,train
1439,171.mat.txt,171,inner_race,0.014,2,9728,10752,train
1440,171.mat.txt,171,inner_race,0.014,2,10240,11264,train
1441,171.mat.txt,171,inner_race,0.014,2,10752,11776,train
1442,171.mat.txt,171,inner_race,0.014,2,11264,12288,train
1443,171.mat.txt,171,inner_race,0.014,2,11776,12800,train
1444,171.mat.txt,171,inner_race,0.014,2,12288,13312,train
1445,171.mat.txt,171,inner_race,0.014,2,12800,13824,train
1446,171.mat.txt,171,inner_race,0.014,2,13312,14336,train
1447,171.mat.txt,171,inner_race,0.014,2,13824,14848,train
1448,171.mat.txt,171,inner_race,0.014,2,14336,15360,train
1449,171.mat.txt,171,inner_race,0.014,2,14848,15872,train
1450,171.mat.txt,171,inner_race,0.014,2,15360,16384,train
1451,171.mat.txt,171,inner_race,0.014,2,15872,16896,train
1452,171.mat.txt,171,inner_race,0.014,2,16384,17408,train
1453,171.mat.txt,171,inner_race,0.014,2,16896,17920,train
1454,171.mat.txt,171,inner_race,0.014,2,17408,18432,train
1455,171.mat.txt,171,inner_race,0.014,2,17920,18944,train
1456,171.mat.txt,171,inner_race,0.014,2,18432,19456,train
1457,171.mat.txt,171,inner_race,0.014,2,18944,19968,train
1458,171.mat.txt,171,inner_race,0.014,2,19456,20480,train
1459,171.mat.txt,171,inner_race,0.014,2,19968,20992,train
1460,171.mat.txt,171,inner_race,0.014,2,20480,21504,train
1461,171.mat.txt,171,inner_race,0.014,2,20992,22016,train
1462,171.mat.txt,171,inner_race,0.014,2,21504,22528,train
1463,171.mat.txt,171,inner_race,0.014,2,22016,23040,train
1464,171.mat.txt,171,inner_race,0.014,2,22528,23552,train
1465,171.mat.txt,171,inner_race,0.014,2,23040,24064,train
1466,171.mat.txt,171,inner_race,0.014,2,23552,24576,train
1467,171.mat.txt,171,inner_race,0.014,2,24064,25088,train
1468,171.mat.txt,171,inner_race,0.014,2,24576,25600,train
1469,171.mat.txt,171,inner_race,0.014,2,25088,26112,train
1470,171.mat.txt,171,inner_race,0.014,2,25600,26624,train
1471,171.mat.txt,171,inner_race,0.014,2,26112,27136,train
1472,171.mat.txt,171,inner_race,0.014,2,26624,27648,train
1473,171.mat.txt,171,inner_race,0.014,2,27136,28160,train
1474,171.mat.txt,171,inner_race,0.014,2,27648,28672,train
1475,171.mat.txt,171,inner_race,0.014,2,28160,29184,train
1476,171.mat.txt,171,inner_race,0.014,2,28672,29696,train
1477,171.mat.txt,171,inner_race,0.014,2,29184,30208,train
1478,171.mat.txt,171,inner_race,0.014,2,29696,30720,train
1479,171.mat.txt,171,inner_race,0.014,2,30208,31232,train
1480,171.mat.txt,171,inner_race,0.014,2,30720,31744,train
1481,171.mat.txt,171,inner_race,0.014,2,31232,32256,train
1482,171.mat.txt,171,inner_race,0.014,2,31744,32768,train
1483,171.mat.txt,171,inner_race,0.014,2,32256,33280,train
1484,171.mat.txt,171,inner_race,0.014,2,32768,33792,train
1485,171.mat.txt,171,inner_race,0.014,2,33280,34304,train
1486,171.mat.txt,171,inner_race,0.014,2,33792,34816,train
1487,171.mat.txt,171,inner_race,0.014,2,34304,35328,train
1488,171.mat.txt,171,inner_race,0.014,2,34816,35840,train
1489,171.mat.txt,171,inner_race,0.014,2,35328,36352,train
1490,171.mat.txt,171,inner_race,0.014,2,35840,36864,train
1491,171.mat.txt,171,inner_race,0.014,2,36352,37376,train
1492,171.mat.txt,171,inner_race,0.014,2,36864,37888,train
1493,171.mat.txt,171,inner_race,0.014,2,37376,38400,train
1494,171.mat.txt,171,inner_race,0.014,2,37888,38912,train
1495,171.mat.txt,171,inner_race,0.014,2,38400,39424,train
1496,171.mat.txt,171,inner_race,0.014,2,38912,39936,train
1497,171.mat.txt,171,inner_race,0.014,2,39424,40448,train
1498,171.mat.txt,171,inner_race,0.014,2,39936,40960,train
1499,171.mat.txt,171,inner_race,0.014,2,40448,41472,train
1500,171.mat.txt,171,inner_race,0.014,2,40960,41984,train
1501,171.mat.txt,171,inner_race,0.014,2,41472,42496,train
1502,171.mat.txt,171,inner_race,0.014,2,41984,43008,train
1503,171.mat.txt,171,inner_race,0.014,2,42496,43520,train
1504,171.mat.txt,171,inner_race,0.014,2,43008,44032,train
1505,171.mat.txt,171,inner_race,0.014,2,43520,44544,train
1506,171.mat.txt,171,inner_race,0.014,2,44032,45056,train
1507,171.mat.txt,171,inner_race,0.014,2,44544,45568,train
1508,171.mat.txt,171,inner_race,0.014,2,45056,46080,train
1509,171.mat.txt,171,inner_race,0.014,2,45568,46592,train
1510,171.mat.txt,171,inner_race,0.014,2,46080,47104,train
1511,171.mat.txt,171,inner_race,0.014,2,46592,47616,train
1512,171.mat.txt,171,inner_race,0.014,2,47104,48128,train
1513,171.mat.txt,171,inner_race,0.014,2,47616,48640,train
1514,171.mat.txt,171,inner_race,0.014,2,48128,49152,train
1515,171.mat.txt,171,inner_race,0.014,2,48640,49664,train
1516,171.mat.txt,171,inner_race,0.014,2,49152,50176,train
1517,171.mat.txt,171,inner_race,0.014,2,49664,50688,train
1518,171.mat.txt,171,inner_race,0.014,2,50176,51200,train
1519,171.mat.txt,171,inner_race,0.014,2,50688,51712,train
1520,171.mat.txt,171,inner_race,0.014,2,51200,52224,train
1521,171.mat.txt,171,inner_race,0.014,2,51712,52736,train
1522,171.mat.txt,171,inner_race,0.014,2,52224,53248,train
1523,171.mat.txt,171,inner_race,0.014,2,52736,53760,train
1524,171.mat.txt,171,inner_race,0.014,2,53248,54272,train
1525,171.mat.txt,171,inner_race,0.014,2,53760,54784,train
1526,171.mat.txt,171,inner_race,0.014,2,54272,55296,train
1527,171.mat.txt,171,inner_race,0.014,2,54784,55808,train
1528,171.mat.txt,171,inner_race,0.014,2,55296,56320,train
1529,171.mat.txt,171,inner_race,0.014,2,55808,56832,train
1530,171.mat.txt,171,inner_race,0.014,2,56320,57344,train
1531,171.mat.txt,171,inner_race,0.014,2,56832,57856,train
1532,171.mat.txt,171,inner_race,0.014,2,57344,58368,train
1533,171.mat.txt,171,inner_race,0.014,2,57856,58880,train
1534,171.mat.txt,171,inner_race,0.014,2,58368,59392,train
1535,171.mat.txt,171,inner_race,0.014,2,58880,59904,train
1536,171.mat.txt,171,inner_race,0.014,2,59392,60416,train
1537,171.mat.txt,171,inner_race,0.014,2,59904,60928,train
1538,171.mat.txt,171,inner_race,0.014,2,60416,61440,train
1539,171.mat.txt,171,inner_race,0.014,2,60928,61952,train
1540,171.mat.txt,171,inner_race,0.014,2,61440,62464,train
1541,171.mat.txt,171,inner_race,0.014,2,61952,62976,train
1542,171.mat.txt,171,inner_race,0.014,2,62464,63488,train
1543,171.mat.txt,171,inner_race,0.014,2,62976,64000,train
1544,171.mat.txt,171,inner_race,0.014,2,63488,64512,train
1545,171.mat.txt,171,inner_race,0.014,2,64000,65024,train
1546,171.mat.txt,171,inner_race,0.014,2,64512,65536,train
1547,171.mat.txt,171,inner_race,0.014,2,65024,66048,train
1548,171.mat.txt,171,inner_race,0.014,2,65536,66560,train
1549,171.mat.txt,171,inner_race,0.014,2,66048,67072,train
1550,171.mat.txt,171,inner_race,0.014,2,66560,67584,train
1551,171.mat.txt,171,inner_race,0.014,2,67072,68096,train
1552,171.mat.txt,171,inner_race,0.014,2,67584,68608,train
1553,171.mat.txt,171,inner_race,0.014,2,68096,69120,train
1554,171.mat.txt,171,inner_race,0.014,2,68608,69632,train
1555,171.mat.txt,171,inner_race,0.014,2,69120,70144,train
1556,171.mat.txt,171,inner_race,0.014,2,69632,70656,train
1557,171.mat.txt,171,inner_race,0.014,2,70144,71168,train
1558,171.mat.txt,171,inner_race,0.014,2,70656,71680,train
1559,171.mat.txt,171,inner_race,0.014,2,71168,72192,train
1560,171.mat.txt,171,inner_race,0.014,2,71680,72704,train
1561,171.mat.txt,171,inner_race,0.014,2,72192,73216,train
1562,171.mat.txt,171,inner_race,0.014,2,72704,73728,train
1563,171.mat.txt,171,inner_race,0.014,2,73216,74240,train
1564,171.mat.txt,171,inner_race,0.014,2,73728,74752,train
1565,171.mat.txt,171,inner_race,0.014,2,74240,75264,train
1566,171.mat.txt,171,inner_race,0.014,2,74752,75776,train
1567,171.mat.txt,171,inner_race,0.014,2,75264,76288,train
1568,171.mat.txt,171,inner_race,0.014,2,75776,76800,train
1569,171.mat.txt,171,inner_race,0.014,2,76288,77312,train
1570,171.mat.txt,171,inner_race,0.014,2,76800,77824,train
1571,171.mat.txt,171,inner_race,0.014,2,77312,78336,train
1572,171.mat.txt,171,inner_race,0.014,2,77824,78848,train
1573,171.mat.txt,171,inner_race,0.014,2,78336,79360,train
1574,171.mat.txt,171,inner_race,0.014,2,78848,79872,train
1575,171.mat.txt,171,inner_race,0.014,2,79360,80384,train
1576,171.mat.txt,171,inner_race,0.014,2,79872,80896,train
1577,171.mat.txt,171,inner_race,0.014,2,80384,81408,train
1578,171.mat.txt,171,inner_race,0.014,2,80896,81920,train
1579,171.mat.txt,171,inner_race,0.014,2,81408,82432,train
1580,171.mat.txt,171,inner_race,0.014,2,81920,82944,train
1581,171.mat.txt,171,inner_race,0.014,2,82432,83456,train
1582,171.mat.txt,171,inner_race,0.014,2,82944,83968,train
1583,171.mat.txt,171,inner_race,0.014,2,83456,84480,train
1584,171.mat.txt,171,inner_race,0.014,2,83968,84992,train
1585,171.mat.txt,171,inner_race,0.014,2,84480,85504,train
1586,171.mat.txt,171,inner_race,0.014,2,84992,86016,train
1587,171.mat.txt,171,inner_race,0.014,2,85504,86528,train
1588,171.mat.txt,171,inner_race,0.014,2,86016,87040,train
1589,171.mat.txt,171,inner_race,0.014,2,86528,87552,train
1590,171.mat.txt,171,inner_race,0.014,2,87040,88064,train
1591,171.mat.txt,171,inner_race,0.014,2,87552,88576,train
1592,171.mat.txt,171,inner_race,0.014,2,88064,89088,train
1593,171.mat.txt,171,inner_race,0.014,2,88576,89600,train
1594,171.mat.txt,171,inner_race,0.014,2,89088,90112,train
1595,171.mat.txt,171,inner_race,0.014,2,89600,90624,train
1596,171.mat.txt,171,inner_race,0.014,2,90112,91136,train
1597,171.mat.txt,171,inner_race,0.014,2,90624,91648,train
1598,171.mat.txt,171,inner_race,0.014,2,91136,92160,train
1599,171.mat.txt,171,inner_race,0.014,2,91648,92672,train
1600,171.mat.txt,171,inner_race,0.014,2,92160,93184,train
1601,171.mat.txt,171,inner_race,0.014,2,92672,93696,train
1602,171.mat.txt,171,inner_race,0.014,2,93184,94208,train
1603,171.mat.txt,171,inner_race,0.014,2,93696,94720,train
1604,171.mat.txt,171,inner_race,0.014,2,94208,95232,train
1605,171.mat.txt,171,inner_race,0.014,2,94720,95744,train
1606,171.mat.txt,171,inner_race,0.014,2,95232,96256,train
1607,171.mat.txt,171,inner_race,0.014,2,95744,96768,train
1608,171.mat.txt,171,inner_race,0.014,2,96256,97280,train
1609,171.mat.txt,171,inner_race,0.014,2,96768,97792,train
1610,171.mat.txt,171,inner_race,0.014,2,97280,98304,train
1611,171.mat.txt,171,inner_race,0.014,2,97792,98816,train
1612,171.mat.txt,171,inner_race,0.014,2,98304,99328,train
1613,171.mat.txt,171,inner_race,0.014,2,98816,99840,train
1614,171.mat.txt,171,inner_race,0.014,2,99328,100352,train
1615,171.mat.txt,171,inner_race,0.014,2,99840,100864,train
1616,171.mat.txt,171,inner_race,0.014,2,100352,101376,train
1617,171.mat.txt,171,inner_race,0.014,2,100864,101888,train
1618,171.mat.txt,171,inner_race,0.014,2,101376,102400,train
1619,171.mat.txt,171,inner_race,0.014,2,101888,102912,train
1620,171.mat.txt,171,inner_race,0.014,2,102400,103424,train
1621,171.mat.txt,171,inner_race,0.014,2,102912,103936,train
1622,171.mat.txt,171,inner_race,0.014,2,103424,104448,train
1623,171.mat.txt,171,inner_race,0.014,2,103936,104960,train
1624,171.mat.txt,171,inner_race,0.014,2,104448,105472,train
1625,171.mat.txt,171,inner_race,0.014,2,104960,105984,train
1626,171.mat.txt,171,inner_race,0.014,2,105472,106496,train
1627,171.mat.txt,171,inner_race,0.014,2,105984,107008,train
1628,171.mat.txt,171,inner_race,0.014,2,106496,107520,train
1629,171.mat.txt,171,inner_race,0.014,2,107008,108032,train
1630,171.mat.txt,171,inner_race,0.014,2,107520,108544,train
1631,171.mat.txt,171,inner_race,0.014,2,108032,109056,train
1632,171.mat.txt,171,inner_race,0.014,2,108544,109568,train
1633,171.mat.txt,171,inner_race,0.014,2,109056,110080,train
1634,171.mat.txt,171,inner_race,0.014,2,109568,110592,train
1635,171.mat.txt,171,inner_race,0.014,2,110080,111104,train
1636,171.mat.txt,171,inner_race,0.014,2,110592,111616,train
1637,171.mat.txt,171,inner_race,0.014,2,111104,112128,train
1638,171.mat.txt,171,inner_race,0.014,2,111616,112640,train
1639,171.mat.txt,171,inner_race,0.014,2,112128,113152,train
1640,171.mat.txt,171,inner_race,0.014,2,112640,113664,train
1641,171.mat.txt,171,inner_race,0.014,2,113152,114176,train
1642,171.mat.txt,171,inner_race,0.014,2,113664,114688,train
1643,171.mat.txt,171,inner_race,0.014,2,114176,115200,train
1644,171.mat.txt,171,inner_race,0.014,2,114688,115712,train
1645,171.mat.txt,171,inner_race,0.014,2,115200,116224,train
1646,171.mat.txt,171,inner_race,0.014,2,115712,116736,train
1647,171.mat.txt,171,inner_race,0.014,2,116224,117248,train
1648,171.mat.txt,171,inner_race,0.014,2,116736,117760,train
1649,171.mat.txt,171,inner_race,0.014,2,117248,118272,train
1650,171.mat.txt,171,inner_race,0.014,2,117760,118784,train
1651,171.mat.txt,171,inner_race,0.014,2,118272,119296,train
1652,171.mat.txt,171,inner_race,0.014,2,118784,119808,train
1653,171.mat.txt,171,inner_race,0.014,2,119296,120320,train
1654,171.mat.txt,171,inner_race,0.014,2,119808,120832,train
1655,171.mat.txt,171,inner_race,0.014,2,120320,121344,train
1656,172.mat.txt,172,inner_race,0.014,3,0,1024,test
1657,172.mat.txt,172,inner_race,0.014,3,512,1536,test
1658,172.mat.txt,172,inner_race,0.014,3,1024,2048,test
1659,172.mat.txt,172,inner_race,0.014,3,1536,2560,test
1660,172.mat.txt,172,inner_race,0.014,3,2048,3072,test
1661,172.mat.txt,172,inner_race,0.014,3,2560,3584,test
1662,172.mat.txt,172,inner_race,0.014,3,3072,4096,test
1663,172.mat.txt,172,inner_race,0.014,3,3584,4608,test
1664,172.mat.txt,172,inner_race,0.014,3,4096,5120,test
1665,172.mat.txt,172,inner_race,0.014,3,4608,5632,test
1666,172.mat.txt,172,inner_race,0.014,3,5120,6144,test
1667,172.mat.txt,172,inner_race,0.014,3,5632,6656,test
1668,172.mat.txt,172,inner_race,0.014,3,6144,7168,test
1669,172.mat.txt,172,inner_race,0.014,3,6656,7680,test
1670,172.mat.txt,172,inner_race,0.014,3,7168,8192,test
1671,172.mat.txt,172,inner_race,0.014,3,7680,8704,test
1672,172.mat.txt,172,inner_race,0.014,3,8192,9216,test
1673,172.mat.txt,172,inner_race,0.014,3,8704,9728,test
1674,172.mat.txt,172,inner_race,0.014,3,9216,10240,test
1675,172.mat.txt,172,inner_race,0.014,3,9728,10752,test
1676,172.mat.txt,172,inner_race,0.014,3,10240,11264,test
1677,172.mat.txt,172,inner_race,0.014,3,10752,11776,test
1678,172.mat.txt,172,inner_race,0.014,3,11264,12288,test
1679,172.mat.txt,172,inner_race,0.014,3,11776,12800,test
1680,172.mat.txt,172,inner_race,0.014,3,12288,13312,test
1681,172.mat.txt,172,inner_race,0.014,3,12800,13824,test
1682,172.mat.txt,172,inner_race,0.014,3,13312,14336,test
1683,172.mat.txt,172,inner_race,0.014,3,13824,14848,test
1684,172.mat.txt,172,inner_race,0.014,3,14336,15360,test
1685,172.mat.txt,172,inner_race,0.014,3,14848,15872,test
1686,172.mat.txt,172,inner_race,0.014,3,15360,16384,test
1687,172.mat.txt,172,inner_race,0.014,3,15872,16896,test
1688,172.mat.txt,172,inner_race,0.014,3,16384,17408,test
1689,172.mat.txt,172,inner_race,0.014,3,16896,17920,test
1690,172.mat.txt,172,inner_race,0.014,3,17408,18432,test
1691,172.mat.txt,172,inner_race,0.014,3,17920,18944,test
1692,172.mat.txt,172,inner_race,0.014,3,18432,19456,test
1693,172.mat.txt,172,inner_race,0.014,3,18944,19968,test
1694,172.mat.txt,172,inner_race,0.014,3,19456,20480,test
1695,172.mat.txt,172,inner_race,0.014,3,19968,20992,test
1696,172.mat.txt,172,inner_race,0.014,3,20480,21504,test
1697,172.mat.txt,172,inner_race,0.014,3,20992,22016,test
1698,172.mat.txt,172,inner_race,0.014,3,21504,22528,test
1699,172.mat.txt,172,inner_race,0.014,3,22016,23040,test
1700,172.mat.txt,172,inner_race,0.014,3,22528,23552,test
1701,172.mat.txt,172,inner_race,0.014,3,23040,24064,test
1702,172.mat.txt,172,inner_race,0.014,3,23552,24576,test
1703,172.mat.txt,172,inner_race,0.014,3,24064,25088,test
1704,172.mat.txt,172,inner_race,0.014,3,24576,25600,test
1705,172.mat.txt,172,inner_race,0.014,3,25088,26112,test
1706,172.mat.txt,172,inner_race,0.014,3,25600,26624,test
1707,172.mat.txt,172,inner_race,0.014,3,26112,27136,test
1708,172.mat.txt,172,inner_race,0.014,3,26624,27648,test
1709,172.mat.txt,172,inner_race,0.014,3,27136,28160,test
1710,172.mat.txt,172,inner_race,0.014,3,27648,28672,test
1711,172.mat.txt,172,inner_race,0.014,3,28160,29184,test
1712,172.mat.txt,172,inner_race,0.014,3,28672,29696,test
1713,172.mat.txt,172,inner_race,0.014,3,29184,30208,test
1714,172.mat.txt,172,inner_race,0.014,3,29696,30720,test
1715,172.mat.txt,172,inner_race,0.014,3,30208,31232,test
1716,172.mat.txt,172,inner_race,0.014,3,30720,31744,test
1717,172.mat.txt,172,inner_race,0.014,3,31232,32256,test
1718,172.mat.txt,172,inner_race,0.014,3,31744,32768,test
1719,172.mat.txt,172,inner_race,0.014,3,32256,33280,test
1720,172.mat.txt,172,inner_race,0.014,3,32768,33792,test
1721,172.mat.txt,172,inner_race,0.014,3,33280,34304,test
1722,172.mat.txt,172,inner_race,0.014,3,33792,34816,test
1723,172.mat.txt,172,inner_race,0.014,3,34304,35328,test
1724,172.mat.txt,172,inner_race,0.014,3,34816,35840,test
1725,172.mat.txt,172,inner_race,0.014,3,35328,36352,test
1726,172.mat.txt,172,inner_race,0.014,3,35840,36864,test
1727,172.mat.txt,172,inner_race,0.014,3,36352,37376,test
1728,172.mat.txt,172,inner_race,0.014,3,36864,37888,test
1729,172.mat.txt,172,inner_race,0.014,3,37376,38400,test
1730,172.mat.txt,172,inner_race,0.014,3,37888,38912,test
1731,172.mat.txt,172,inner_race,0.014,3,38400,39424,test
1732,172.mat.txt,172,inner_race,0.014,3,38912,39936,test
1733,172.mat.txt,172,inner_race,0.014,3,39424,40448,test
1734,172.mat.txt,172,inner_race,0.014,3,39936,40960,test
1735,172.mat.txt,172,inner_race,0.014,3,40448,41472,test
1736,172.mat.txt,172,inner_race,0.014,3,40960,41984,test
1737,172.mat.txt,172,inner_race,0.014,3,41472,42496,test
1738,172.mat.txt,172,inner_race,0.014,3,41984,43008,test
1739,172.mat.txt,172,inner_race,0.014,3,42496,43520,test
1740,172.mat.txt,172,inner_race,0.014,3,43008,44032,test
1741,172.mat.txt,172,inner_race,0.014,3,43520,44544,test
1742,172.mat.txt,172,inner_race,0.014,3,44032,45056,test
1743,172.mat.txt,172,inner_race,0.014,3,44544,45568,test
1744,172.mat.txt,172,inner_race,0.014,3,45056,46080,test
1745,172.mat.txt,172,inner_race,0.014,3,45568,46592,test
1746,172.mat.txt,172,inner_race,0.014,3,46080,47104,test
1747,172.mat.txt,172,inner_race,0.014,3,46592,47616,test
1748,172.mat.txt,172,inner_race,0.014,3,47104,48128,test
1749,172.mat.txt,172,inner_race,0.014,3,47616,48640,test
1750,172.mat.txt,172,inner_race,0.014,3,48128,49152,test
1751,172.mat.txt,172,inner_race,0.014,3,48640,49664,test
1752,172.mat.txt,172,inner_race,0.014,3,49152,50176,test
1753,172.mat.txt,172,inner_race,0.014,3,49664,50688,test
1754,172.mat.txt,172,inner_race,0.014,3,50176,51200,test
1755,172.mat.txt,172,inner_race,0.014,3,50688,51712,test
1756,172.mat.txt,172,inner_race,0.014,3,51200,52224,test
1757,172.mat.txt,172,inner_race,0.014,3,51712,52736,test
1758,172.mat.txt,172,inner_race,0.014,3,52224,53248,test
1759,172.mat.txt,172,inner_race,0.014,3,52736,53760,test
1760,172.mat.txt,172,inner_race,0.014,3,53248,54272,test
1761,172.mat.txt,172,inner_race,0.014,3,53760,54784,test
1762,172.mat.txt,172,inner_race,0.014,3,54272,55296,test
1763,172.mat.txt,172,inner_race,0.014,3,54784,55808,test
1764,172.mat.txt,172,inner_race,0.014,3,55296,56320,test
1765,172.mat.txt,172,inner_race,0.014,3,55808,56832,test
1766,172.mat.txt,172,inner_race,0.014,3,56320,57344,test
1767,172.mat.txt,172,inner_race,0.014,3,56832,57856,test
1768,172.mat.txt,172,inner_race,0.014,3,57344,58368,test
1769,172.mat.txt,172,inner_race,0.014,3,57856,58880,test
1770,172.mat.txt,172,inner_race,0.014,3,58368,59392,test
1771,172.mat.txt,172,inner_race,0.014,3,58880,59904,test
1772,172.mat.txt,172,inner_race,0.014,3,59392,60416,test
1773,172.mat.txt,172,inner_race,0.014,3,59904,60928,test
1774,172.mat.txt,172,inner_race,0.014,3,60416,61440,test
1775,172.mat.txt,172,inner_race,0.014,3,60928,61952,test
1776,172.mat.txt,172,inner_race,0.014,3,61440,62464,test
1777,172.mat.txt,172,inner_race,0.014,3,61952,62976,test
1778,172.mat.txt,172,inner_race,0.014,3,62464,63488,test
1779,172.mat.txt,172,inner_race,0.014,3,62976,64000,test
1780,172.mat.txt,172,inner_race,0.014,3,63488,64512,test
1781,172.mat.txt,172,inner_race,0.014,3,64000,65024,test
1782,172.mat.txt,172,inner_race,0.014,3,64512,65536,test
1783,172.mat.txt,172,inner_race,0.014,3,65024,66048,test
1784,172.mat.txt,172,inner_race,0.014,3,65536,66560,test
1785,172.mat.txt,172,inner_race,0.014,3,66048,67072,test
1786,172.mat.txt,172,inner_race,0.014,3,66560,67584,test
1787,172.mat.txt,172,inner_race,0.014,3,67072,68096,test
1788,172.mat.txt,172,inner_race,0.014,3,67584,68608,test
1789,172.mat.txt,172,inner_race,0.014,3,68096,69120,test
1790,172.mat.txt,172,inner_race,0.014,3,68608,69632,test
1791,172.mat.txt,172,inner_race,0.014,3,69120,70144,test
1792,172.mat.txt,172,inner_race,0.014,3,69632,70656,test
1793,172.mat.txt,172,inner_race,0.014,3,70144,71168,test
1794,172.mat.txt,172,inner_race,0.014,3,70656,71680,test
1795,172.mat.txt,172,inner_race,0.014,3,71168,72192,test
1796,172.mat.txt,172,inner_race,0.014,3,71680,72704,test
1797,172.mat.txt,172,inner_race,0.014,3,72192,73216,test
1798,172.mat.txt,172,inner_race,0.014,3,72704,73728,test
1799,172.mat.txt,172,inner_race,0.014,3,73216,74240,test
1800,172.mat.txt,172,inner_race,0.014,3,73728,74752,test
1801,172.mat.txt,172,inner_race,0.014,3,74240,75264,test
1802,172.mat.txt,172,inner_race,0.014,3,74752,75776,test
1803,172.mat.txt,172,inner_race,0.014,3,75264,76288,test
1804,172.mat.txt,172,inner_race,0.014,3,75776,76800,test
1805,172.mat.txt,172,inner_race,0.014,3,76288,77312,test
1806,172.mat.txt,172,inner_race,0.014,3,76800,77824,test
1807,172.mat.txt,172,inner_race,0.014,3,77312,78336,test
1808,172.mat.txt,172,inner_race,0.014,3,77824,78848,test
1809,172.mat.txt,172,inner_race,0.014,3,78336,79360,test
1810,172.mat.txt,172,inner_race,0.014,3,78848,79872,test
1811,172.mat.txt,172,inner_race,0.014,3,79360,80384,test
1812,172.mat.txt,172,inner_race,0.014,3,79872,80896,test
1813,172.mat.txt,172,inner_race,0.014,3,80384,81408,test
1814,172.mat.txt,172,inner_race,0.014,3,80896,81920,test
1815,172.mat.txt,172,inner_race,0.014,3,81408,82432,test
1816,172.mat.txt,172,inner_race,0.014,3,81920,82944,test
1817,172.mat.txt,172,inner_race,0.014,3,82432,83456,test
1818,172.mat.txt,172,inner_race,0.014,3,82944,83968,test
1819,172.mat.txt,172,inner_race,0.014,3,83456,84480,test
1820,172.mat.txt,172,inner_race,0.014,3,83968,84992,test
1821,172.mat.txt,172,inner_race,0.014,3,84480,85504,test
1822,172.mat.txt,172,inner_race,0.014,3,84992,86016,test
1823,172.mat.txt,172,inner_race,0.014,3,85504,86528,test
1824,172.mat.txt,172,inner_race,0.014,3,86016,87040,test
1825,172.mat.txt,172,inner_race,0.014,3,86528,87552,test
1826,172.mat.txt,172,inner_race,0.014,3,87040,88064,test
1827,172.mat.txt,172,inner_race,0.014,3,87552,88576,test
1828,172.mat.txt,172,inner_race,0.014,3,88064,89088,test
1829,172.mat.txt,172,inner_race,0.014,3,88576,89600,test
1830,172.mat.txt,172,inner_race,0.014,3,89088,90112,test
1831,172.mat.txt,172,inner_race,0.014,3,89600,90624,test
1832,172.mat.txt,172,inner_race,0.014,3,90112,91136,test
1833,172.mat.txt,172,inner_race,0.014,3,90624,91648,test
1834,172.mat.txt,172,inner_race,0.014,3,91136,92160,test
1835,172.mat.txt,172,inner_race,0.014,3,91648,92672,test
1836,172.mat.txt,172,inner_race,0.014,3,92160,93184,test
1837,172.mat.txt,172,inner_race,0.014,3,92672,93696,test
1838,172.mat.txt,172,inner_race,0.014,3,93184,94208,test
1839,172.mat.txt,172,inner_race,0.014,3,93696,94720,test
1840,172.mat.txt,172,inner_race,0.014,3,94208,95232,test
1841,172.mat.txt,172,inner_race,0.014,3,94720,95744,test
1842,172.mat.txt,172,inner_race,0.014,3,95232,96256,test
1843,172.mat.txt,172,inner_race,0.014,3,95744,96768,test
1844,172.mat.txt,172,inner_race,0.014,3,96256,97280,test
1845,172.mat.txt,172,inner_race,0.014,3,96768,97792,test
1846,172.mat.txt,172,inner_race,0.014,3,97280,98304,test
1847,172.mat.txt,172,inner_race,0.014,3,97792,98816,test
1848,172.mat.txt,172,inner_race,0.014,3,98304,99328,test
1849,172.mat.txt,172,inner_race,0.014,3,98816,99840,test
1850,172.mat.txt,172,inner_race,0.014,3,99328,100352,test
1851,172.mat.txt,172,inner_race,0.014,3,99840,100864,test
1852,172.mat.txt,172,inner_race,0.014,3,100352,101376,test
1853,172.mat.txt,172,inner_race,0.014,3,100864,101888,test
1854,172.mat.txt,172,inner_race,0.014,3,101376,102400,test
1855,172.mat.txt,172,inner_race,0.014,3,101888,102912,test
1856,172.mat.txt,172,inner_race,0.014,3,102400,103424,test
1857,172.mat.txt,172,inner_race,0.014,3,102912,103936,test
1858,172.mat.txt,172,inner_race,0.014,3,103424,104448,test
1859,172.mat.txt,172,inner_race,0.014,3,103936,104960,test
1860,172.mat.txt,172,inner_race,0.014,3,104448,105472,test
1861,172.mat.txt,172,inner_race,0.014,3,104960,105984,test
1862,172.mat.txt,172,inner_race,0.014,3,105472,106496,test
1863,172.mat.txt,172,inner_race,0.014,3,105984,107008,test
1864,172.mat.txt,172,inner_race,0.014,3,106496,107520,test
1865,172.mat.txt,172,inner_race,0.014,3,107008,108032,test
1866,172.mat.txt,172,inner_race,0.014,3,107520,108544,test
1867,172.mat.txt,172,inner_race,0.014,3,108032,109056,test
1868,172.mat.txt,172,inner_race,0.014,3,108544,109568,test
1869,172.mat.txt,172,inner_race,0.014,3,109056,110080,test
1870,172.mat.txt,172,inner_race,0.014,3,109568,110592,test
1871,172.mat.txt,172,inner_race,0.014,3,110080,111104,test
1872,172.mat.txt,172,inner_race,0.014,3,110592,111616,test
1873,172.mat.txt,172,inner_race,0.014,3,111104,112128,test
1874,172.mat.txt,172,inner_race,0.014,3,111616,112640,test
1875,172.mat.txt,172,inner_race,0.014,3,112128,113152,test
1876,172.mat.txt,172,inner_race,0.014,3,112640,113664,test
1877,172.mat.txt,172,inner_race,0.014,3,113152,114176,test
1878,172.mat.txt,172,inner_race,0.014,3,113664,114688,test
1879,172.mat.txt,172,inner_race,0.014,3,114176,115200,test
1880,172.mat.txt,172,inner_race,0.014,3,114688,115712,test
1881,172.mat.txt,172,inner_race,0.014,3,115200,116224,test
1882,172.mat.txt,172,inner_race,0.014,3,115712,116736,test
1883,172.mat.txt,172,inner_race,0.014,3,116224,117248,test
1884,172.mat.txt,172,inner_race,0.014,3,116736,117760,test
1885,172.mat.txt,172,inner_race,0.014,3,117248,118272,test
1886,172.mat.txt,172,inner_race,0.014,3,117760,118784,test
1887,172.mat.txt,172,inner_race,0.014,3,118272,119296,test
1888,172.mat.txt,172,inner_race,0.014,3,118784,119808,test
1889,172.mat.txt,172,inner_race,0.014,3,119296,120320,test
1890,172.mat.txt,172,inner_race,0.014,3,119808,120832,test
1891,172.mat.txt,172,inner_race,0.014,3,120320,121344,test
1892,209.mat.txt,209,inner_race,0.021,0,0,1024,train
1893,209.mat.txt,209,inner_race,0.021,0,512,1536,train
1894,209.mat.txt,209,inner_race,0.021,0,1024,2048,train
1895,209.mat.txt,209,inner_race,0.021,0,1536,2560,train
1896,209.mat.txt,209,inner_race,0.021,0,2048,3072,train
1897,209.mat.txt,209,inner_race,0.021,0,2560,3584,train
1898,209.mat.txt,209,inner_race,0.021,0,3072,4096,train
1899,209.mat.txt,209,inner_race,0.021,0,3584,4608,train
1900,209.mat.txt,209,inner_race,0.021,0,4096,5120,train
1901,209.mat.txt,209,inner_race,0.021,0,4608,5632,train
1902,209.mat.txt,209,inner_race,0.021,0,5120,6144,train
1903,209.mat.txt,209,inner_race,0.021,0,5632,6656,train
1904,209.mat.txt,209,inner_race,0.021,0,6144,7168,train
1905,209.mat.txt,209,inner_race,0.021,0,6656,7680,train
1906,209.mat.txt,209,inner_race,0.021,0,7168,8192,train
1907,209.mat.txt,209,inner_race,0.021,0,7680,8704,train
1908,209.mat.txt,209,inner_race,0.021,0,8192,9216,train
1909,209.mat.txt,209,inner_race,0.021,0,8704,9728,train
1910,209.mat.txt,209,inner_race,0.021,0,9216,10240,train
1911,209.mat.txt,209,inner_race,0.021,0,9728,10752,train
1912,209.mat.txt,209,inner_race,0.021,0,10240,11264,train
1913,209.mat.txt,209,inner_race,0.021,0,10752,11776,train
1914,209.mat.txt,209,inner_race,0.021,0,11264,12288,train
1915,209.mat.txt,209,inner_race,0.021,0,11776,12800,train
1916,209.mat.txt,209,inner_race,0.021,0,12288,13312,train
1917,209.mat.txt,209,inner_race,0.021,0,12800,13824,train
1918,209.mat.txt,209,inner_race,0.021,0,13312,14336,train
1919,209.mat.txt,209,inner_race,0.021,0,13824,14848,train
1920,209.mat.txt,209,inner_race,0.021,0,14336,15360,train
1921,209.mat.txt,209,inner_race,0.021,0,14848,15872,train
1922,209.mat.txt,209,inner_race,0.021,0,15360,16384,train
1923,209.mat.txt,209,inner_race,0.021,0,15872,16896,train
1924,209.mat.txt,209,inner_race,0.021,0,16384,17408,train
1925,209.mat.txt,209,inner_race,0.021,0,16896,17920,train
1926,209.mat.txt,209,inner_race,0.021,0,17408,18432,train
1927,209.mat.txt,209,inner_race,0.021,0,17920,18944,train
1928,209.mat.txt,209,inner_race,0.021,0,18432,19456,train
1929,209.mat.txt,209,inner_race,0.021,0,18944,19968,train
1930,209.mat.txt,209,inner_race,0.021,0,19456,20480,train
1931,209.mat.txt,209,inner_race,0.021,0,19968,20992,train
1932,209.mat.txt,209,inner_race,0.021,0,20480,21504,train
1933,209.mat.txt,209,inner_race,0.021,0,20992,22016,train
1934,209.mat.txt,209,inner_race,0.021,0,21504,22528,train
1935,209.mat.txt,209,inner_race,0.021,0,22016,23040,train
1936,209.mat.txt,209,inner_race,0.021,0,22528,23552,train
1937,209.mat.txt,209,inner_race,0.021,0,23040,24064,train
1938,209.mat.txt,209,inner_race,0.021,0,23552,24576,train
1939,209.mat.txt,209,inner_race,0.021,0,24064,25088,train
1940,209.mat.txt,209,inner_race,0.021,0,24576,25600,train
1941,209.mat.txt,209,inner_race,0.021,0,25088,26112,train
1942,209.mat.txt,209,inner_race,0.021,0,25600,26624,train
1943,209.mat.txt,209,inner_race,0.021,0,26112,27136,train
1944,209.mat.txt,209,inner_race,0.021,0,26624,27648,train
1945,209.mat.txt,209,inner_race,0.021,0,27136,28160,train
1946,209.mat.txt,209,inner_race,0.021,0,27648,28672,train
1947,209.mat.txt,209,inner_race,0.021,0,28160,29184,train
1948,209.mat.txt,209,inner_race,0.021,0,28672,29696,train
1949,209.mat.txt,209,inner_race,0.021,0,29184,30208,train
1950,209.mat.txt,209,inner_race,0.021,0,29696,30720,train
1951,209.mat.txt,209,inner_race,0.021,0,30208,31232,train
1952,209.mat.txt,209,inner_race,0.021,0,30720,31744,train
1953,209.mat.txt,209,inner_race,0.021,0,31232,32256,train
1954,209.mat.txt,209,inner_race,0.021,0,31744,32768,train
1955,209.mat.txt,209,inner_race,0.021,0,32256,33280,train
1956,209.mat.txt,209,inner_race,0.021,0,32768,33792,train
1957,209.mat.txt,209,inner_race,0.021,0,33280,34304,train
1958,209.mat.txt,209,inner_race,0.021,0,33792,34816,train
1959,209.mat.txt,209,inner_race,0.021,0,34304,35328,train
1960,209.mat.txt,209,inner_race,0.021,0,34816,35840,train
1961,209.mat.txt,209,inner_race,0.021,0,35328,36352,train
1962,209.mat.txt,209,inner_race,0.021,0,35840,36864,train
1963,209.mat.txt,209,inner_race,0.021,0,36352,37376,train
1964,209.mat.txt,209,inner_race,0.021,0,36864,37888,train
1965,209.mat.txt,209,inner_race,0.021,0,37376,38400,train
1966,209.mat.txt,209,inner_race,0.021,0,37888,38912,train
1967,209.mat.txt,209,inner_race,0.021,0,38400,39424,train
1968,209.mat.txt,209,inner_race,0.021,0,38912,39936,train
1969,209.mat.txt,209,inner_race,0.021,0,39424,40448,train
1970,209.mat.txt,209,inner_race,0.021,0,39936,40960,train
1971,209.mat.txt,209,inner_race,0.021,0,40448,41472,train
1972,209.mat.txt,209,inner_race,0.021,0,40960,41984,train
1973,209.mat.txt,209,inner_race,0.021,0,41472,42496,train
1974,209.mat.txt,209,inner_race,0.021,0,41984,43008,train
1975,209.mat.txt,209,inner_race,0.021,0,42496,43520,train
1976,209.mat.txt,209,inner_race,0.021,0,43008,44032,train
1977,209.mat.txt,209,inner_race,0.021,0,43520,44544,train
1978,209.mat.txt,209,inner_race,0.021,0,44032,45056,train
1979,209.mat.txt,209,inner_race,0.021,0,44544,45568,train
1980,209.mat.txt,209,inner_race,0.021,0,45056,46080,train
1981,209.mat.txt,209,inner_race,0.021,0,45568,46592,train
1982,209.mat.txt,209,inner_race,0.021,0,46080,47104,train
1983,209.mat.txt,209,inner_race,0.021,0,46592,47616,train
1984,209.mat.txt,209,inner_race,0.021,0,47104,48128,train
1985,209.mat.txt,209,inner_race,0.021,0,47616,48640,train
1986,209.mat.txt,209,inner_race,0.021,0,48128,49152,train
1987,209.mat.txt,209,inner_race,0.021,0,48640,49664,train
1988,209.mat.txt,209,inner_race,0.021,0,49152,50176,train
1989,209.mat.txt,209,inner_race,0.021,0,49664,50688,train
1990,209.mat.txt,209,inner_race,0.021,0,50176,51200,train
1991,209.mat.txt,209,inner_race,0.021,0,50688,51712,train
1992,209.mat.txt,209,inner_race,0.021,0,51200,52224,train
1993,209.mat.txt,209,inner_race,0.021,0,51712,52736,train
1994,209.mat.txt,209,inner_race,0.021,0,52224,53248,train
1995,209.mat.txt,209,inner_race,0.021,0,52736,53760,train
1996,209.mat.txt,209,inner_race,0.021,0,53248,54272,train
1997,209.mat.txt,209,inner_race,0.021,0,53760,54784,train
1998,209.mat.txt,209,inner_race,0.021,0,54272,55296,train
1999,209.mat.txt,209,inner_race,0.021,0,54784,55808,train
2000,209.mat.txt,209,inner_race,0.021,0,55296,56320,train
2001,209.mat.txt,209,inner_race,0.021,0,55808,56832,train
2002,209.mat.txt,209,inner_race,0.021,0,56320,57344,train
2003,209.mat.txt,209,inner_race,0.021,0,56832,57856,train
2004,209.mat.txt,209,inner_race,0.021,0,57344,58368,train
2005,209.mat.txt,209,inner_race,0.021,0,57856,58880,train
2006,209.mat.txt,209,inner_race,0.021,0,58368,59392,train
2007,209.mat.txt,209,inner_race,0.021,0,58880,59904,train
2008,209.mat.txt,209,inner_race,0.021,0,59392,60416,train
2009,209.mat.txt,209,inner_race,0.021,0,59904,60928,train
2010,209.mat.txt,209,inner_race,0.021,0,60416,61440,train
2011,209.mat.txt,209,inner_race,0.021,0,60928,61952,train
2012,209.mat.txt,209,inner_race,0.021,0,61440,62464,train
2013,209.mat.txt,209,inner_race,0.021,0,61952,62976,train
2014,209.mat.txt,209,inner_race,0.021,0,62464,63488,train
2015,209.mat.txt,209,inner_race,0.021,0,62976,64000,train
2016,209.mat.txt,209,inner_race,0.021,0,63488,64512,train
2017,209.mat.txt,209,inner_race,0.021,0,64000,65024,train
2018,209.mat.txt,209,inner_race,0.021,0,64512,65536,train
2019,209.mat.txt,209,inner_race,0.021,0,65024,66048,train
2020,209.mat.txt,209,inner_race,0.021,0,65536,66560,train
2021,209.mat.txt,209,inner_race,0.021,0,66048,67072,train
2022,209.mat.txt,209,inner_race,0.021,0,66560,67584,train
2023,209.mat.txt,209,inner_race,0.021,0,67072,68096,train
2024,209.mat.txt,209,inner_race,0.021,0,67584,68608,train
2025,209.mat.txt,209,inner_race,0.021,0,68096,69120,train
2026,209.mat.txt,209,inner_race,0.021,0,68608,69632,train
2027,209.mat.txt,209,inner_race,0.021,0,69120,70144,train
2028,209.mat.txt,209,inner_race,0.021,0,69632,70656,train
2029,209.mat.txt,209,inner_race,0.021,0,70144,71168,train
2030,209.mat.txt,209,inner_race,0.021,0,70656,71680,train
2031,209.mat.txt,209,inner_race,0.021,0,71168,72192,train
2032,209.mat.txt,209,inner_race,0.021,0,71680,72704,train
2033,209.mat.txt,209,inner_race,0.021,0,72192,73216,train
2034,209.mat.txt,209,inner_race,0.021,0,72704,73728,train
2035,209.mat.txt,209,inner_race,0.021,0,73216,74240,train
2036,209.mat.txt,209,inner_race,0.021,0,73728,74752,train
2037,209.mat.txt,209,inner_race,0.021,0,74240,75264,train
2038,209.mat.txt,209,inner_race,0.021,0,74752,75776,train
2039,209.mat.txt,209,inner_race,0.021,0,75264,76288,train
2040,209.mat.txt,209,inner_race,0.021,0,75776,76800,train
2041,209.mat.txt,209,inner_race,0.021,0,76288,77312,train
2042,209.mat.txt,209,inner_race,0.021,0,76800,77824,train
2043,209.mat.txt,209,inner_race,0.021,0,77312,78336,train
2044,209.mat.txt,209,inner_race,0.021,0,77824,78848,train
2045,209.mat.txt,209,inner_race,0.021,0,78336,79360,train
2046,209.mat.txt,209,inner_race,0.021,0,78848,79872,train
2047,209.mat.txt,209,inner_race,0.021,0,79360,80384,train
2048,209.mat.txt,209,inner_race,0.021,0,79872,80896,train
2049,209.mat.txt,209,inner_race,0.021,0,80384,81408,train
2050,209.mat.txt,209,inner_race,0.021,0,80896,81920,train
2051,209.mat.txt,209,inner_race,0.021,0,81408,82432,train
2052,209.mat.txt,209,inner_race,0.021,0,81920,82944,train
2053,209.mat.txt,209,inner_race,0.021,0,82432,83456,train
2054,209.mat.txt,209,inner_race,0.021,0,82944,83968,train
2055,209.mat.txt,209,inner_race,0.021,0,83456,84480,train
2056,209.mat.txt,209,inner_race,0.021,0,83968,84992,train
2057,209.mat.txt,209,inner_race,0.021,0,84480,85504,train
2058,209.mat.txt,209,inner_race,0.021,0,84992,86016,train
2059,209.mat.txt,209,inner_race,0.021,0,85504,86528,train
2060,209.mat.txt,209,inner_race,0.021,0,86016,87040,train
2061,209.mat.txt,209,inner_race,0.021,0,86528,87552,train
2062,209.mat.txt,209,inner_race,0.021,0,87040,88064,train
2063,209.mat.txt,209,inner_race,0.021,0,87552,88576,train
2064,209.mat.txt,209,inner_race,0.021,0,88064,89088,train
2065,209.mat.txt,209,inner_race,0.021,0,88576,89600,train
2066,209.mat.txt,209,inner_race,0.021,0,89088,90112,train
2067,209.mat.txt,209,inner_race,0.021,0,89600,90624,train
2068,209.mat.txt,209,inner_race,0.021,0,90112,91136,train
2069,209.mat.txt,209,inner_race,0.021,0,90624,91648,train
2070,209.mat.txt,209,inner_race,0.021,0,91136,92160,train
2071,209.mat.txt,209,inner_race,0.021,0,91648,92672,train
2072,209.mat.txt,209,inner_race,0.021,0,92160,93184,train
2073,209.mat.txt,209,inner_race,0.021,0,92672,93696,train
2074,209.mat.txt,209,inner_race,0.021,0,93184,94208,train
2075,209.mat.txt,209,inner_race,0.021,0,93696,94720,train
2076,209.mat.txt,209,inner_race,0.021,0,94208,95232,train
2077,209.mat.txt,209,inner_race,0.021,0,94720,95744,train
2078,209.mat.txt,209,inner_race,0.021,0,95232,96256,train
2079,209.mat.txt,209,inner_race,0.021,0,95744,96768,train
2080,209.mat.txt,209,inner_race,0.021,0,96256,97280,train
2081,209.mat.txt,209,inner_race,0.021,0,96768,97792,train
2082,209.mat.txt,209,inner_race,0.021,0,97280,98304,train
2083,209.mat.txt,209,inner_race,0.021,0,97792,98816,train
2084,209.mat.txt,209,inner_race,0.021,0,98304,99328,train
2085,209.mat.txt,209,inner_race,0.021,0,98816,99840,train
2086,209.mat.txt,209,inner_race,0.021,0,99328,100352,train
2087,209.mat.txt,209,inner_race,0.021,0,99840,100864,train
2088,209.mat.txt,209,inner_race,0.021,0,100352,101376,train
2089,209.mat.txt,209,inner_race,0.021,0,100864,101888,train
2090,209.mat.txt,209,inner_race,0.021,0,101376,102400,train
2091,209.mat.txt,209,inner_race,0.021,0,101888,102912,train
2092,209.mat.txt,209,inner_race,0.021,0,102400,103424,train
2093,209.mat.txt,209,inner_race,0.021,0,102912,103936,train
2094,209.mat.txt,209,inner_race,0.021,0,103424,104448,train
2095,209.mat.txt,209,inner_race,0.021,0,103936,104960,train
2096,209.mat.txt,209,inner_race,0.021,0,104448,105472,train
2097,209.mat.txt,209,inner_race,0.021,0,104960,105984,train
2098,209.mat.txt,209,inner_race,0.021,0,105472,106496,train
2099,209.mat.txt,209,inner_race,0.021,0,105984,107008,train
2100,209.mat.txt,209,inner_race,0.021,0,106496,107520,train
2101,209.mat.txt,209,inner_race,0.021,0,107008,108032,train
2102,209.mat.txt,209,inner_race,0.021,0,107520,108544,train
2103,209.mat.txt,209,inner_race,0.021,0,108032,109056,train
2104,209.mat.txt,209,inner_race,0.021,0,108544,109568,train
2105,209.mat.txt,209,inner_race,0.021,0,109056,110080,train
2106,209.mat.txt,209,inner_race,0.021,0,109568,110592,train
2107,209.mat.txt,209,inner_race,0.021,0,110080,111104,train
2108,209.mat.txt,209,inner_race,0.021,0,110592,111616,train
2109,209.mat.txt,209,inner_race,0.021,0,111104,112128,train
2110,209.mat.txt,209,inner_race,0.021,0,111616,112640,train
2111,209.mat.txt,209,inner_race,0.021,0,112128,113152,train
2112,209.mat.txt,209,inner_race,0.021,0,112640,113664,train
2113,209.mat.txt,209,inner_race,0.021,0,113152,114176,train
2114,209.mat.txt,209,inner_race,0.021,0,113664,114688,train
2115,209.mat.txt,209,inner_race,0.021,0,114176,115200,train
2116,209.mat.txt,209,inner_race,0.021,0,114688,115712,train
2117,209.mat.txt,209,inner_race,0.021,0,115200,116224,train
2118,209.mat.txt,209,inner_race,0.021,0,115712,116736,train
2119,209.mat.txt,209,inner_race,0.021,0,116224,117248,train
2120,209.mat.txt,209,inner_race,0.021,0,116736,117760,train
2121,209.mat.txt,209,inner_race,0.021,0,117248,118272,train
2122,209.mat.txt,209,inner_race,0.021,0,117760,118784,train
2123,209.mat.txt,209,inner_race,0.021,0,118272,119296,train
2124,209.mat.txt,209,inner_race,0.021,0,118784,119808,train
2125,209.mat.txt,209,inner_race,0.021,0,119296,120320,train
2126,209.mat.txt,209,inner_race,0.021,0,119808,120832,train
2127,209.mat.txt,209,inner_race,0.021,0,120320,121344,train
2128,209.mat.txt,209,inner_race,0.021,0,120832,121856,train
2129,210.mat.txt,210,inner_race,0.021,1,0,1024,train
2130,210.mat.txt,210,inner_race,0.021,1,512,1536,train
2131,210.mat.txt,210,inner_race,0.021,1,1024,2048,train
2132,210.mat.txt,210,inner_race,0.021,1,1536,2560,train
2133,210.mat.txt,210,inner_race,0.021,1,2048,3072,train
2134,210.mat.txt,210,inner_race,0.021,1,2560,3584,train
2135,210.mat.txt,210,inner_race,0.021,1,3072,4096,train
2136,210.mat.txt,210,inner_race,0.021,1,3584,4608,train
2137,210.mat.txt,210,inner_race,0.021,1,4096,5120,train
2138,210.mat.txt,210,inner_race,0.021,1,4608,5632,train
2139,210.mat.txt,210,inner_race,0.021,1,5120,6144,train
2140,210.mat.txt,210,inner_race,0.021,1,5632,6656,train
2141,210.mat.txt,210,inner_race,0.021,1,6144,7168,train
2142,210.mat.txt,210,inner_race,0.021,1,6656,7680,train
2143,210.mat.txt,210,inner_race,0.021,1,7168,8192,train
2144,210.mat.txt,210,inner_race,0.021,1,7680,8704,train
2145,210.mat.txt,210,inner_race,0.021,1,8192,9216,train
2146,210.mat.txt,210,inner_race,0.021,1,8704,9728,train
2147,210.mat.txt,210,inner_race,0.021,1,9216,10240,train
2148,210.mat.txt,210,inner_race,0.021,1,9728,10752,train
2149,210.mat.txt,210,inner_race,0.021,1,10240,11264,train
2150,210.mat.txt,210,inner_race,0.021,1,10752,11776,train
2151,210.mat.txt,210,inner_race,0.021,1,11264,12288,train
2152,210.mat.txt,210,inner_race,0.021,1,11776,12800,train
2153,210.mat.txt,210,inner_race,0.021,1,12288,13312,train
2154,210.mat.txt,210,inner_race,0.021,1,12800,13824,train
2155,210.mat.txt,210,inner_race,0.021,1,13312,14336,train
2156,210.mat.txt,210,inner_race,0.021,1,13824,14848,train
2157,210.mat.txt,210,inner_race,0.021,1,14336,15360,train
2158,210.mat.txt,210,inner_race,0.021,1,14848,15872,train
2159,210.mat.txt,210,inner_race,0.021,1,15360,16384,train
2160,210.mat.txt,210,inner_race,0.021,1,15872,16896,train
2161,210.mat.txt,210,inner_race,0.021,1,16384,17408,train
2162,210.mat.txt,210,inner_race,0.021,1,16896,17920,train
2163,210.mat.txt,210,inner_race,0.021,1,17408,18432,train
2164,210.mat.txt,210,inner_race,0.021,1,17920,18944,train
2165,210.mat.txt,210,inner_race,0.021,1,18432,19456,train
2166,210.mat.txt,210,inner_race,0.021,1,18944,19968,train
2167,210.mat.txt,210,inner_race,0.021,1,19456,20480,train
2168,210.mat.txt,210,inner_race,0.021,1,19968,20992,train
2169,210.mat.txt,210,inner_race,0.021,1,20480,21504,train
2170,210.mat.txt,210,inner_race,0.021,1,20992,22016,train
2171,210.mat.txt,210,inner_race,0.021,1,21504,22528,train
2172,210.mat.txt,210,inner_race,0.021,1,22016,23040,train
2173,210.mat.txt,210,inner_race,0.021,1,22528,23552,train
2174,210.mat.txt,210,inner_race,0.021,1,23040,24064,train
2175,210.mat.txt,210,inner_race,0.021,1,23552,24576,train
2176,210.mat.txt,210,inner_race,0.021,1,24064,25088,train
2177,210.mat.txt,210,inner_race,0.021,1,24576,25600,train
2178,210.mat.txt,210,inner_race,0.021,1,25088,26112,train
2179,210.mat.txt,210,inner_race,0.021,1,25600,26624,train
2180,210.mat.txt,210,inner_race,0.021,1,26112,27136,train
2181,210.mat.txt,210,inner_race,0.021,1,26624,27648,train
2182,210.mat.txt,210,inner_race,0.021,1,27136,28160,train
2183,210.mat.txt,210,inner_race,0.021,1,27648,28672,train
2184,210.mat.txt,210,inner_race,0.021,1,28160,29184,train
2185,210.mat.txt,210,inner_race,0.021,1,28672,29696,train
2186,210.mat.txt,210,inner_race,0.021,1,29184,30208,train
2187,210.mat.txt,210,inner_race,0.021,1,29696,30720,train
2188,210.mat.txt,210,inner_race,0.021,1,30208,31232,train
2189,210.mat.txt,210,inner_race,0.021,1,30720,31744,train
2190,210.mat.txt,210,inner_race,0.021,1,31232,32256,train
2191,210.mat.txt,210,inner_race,0.021,1,31744,32768,train
2192,210.mat.txt,210,inner_race,0.021,1,32256,33280,train
2193,210.mat.txt,210,inner_race,0.021,1,32768,33792,train
2194,210.mat.txt,210,inner_race,0.021,1,33280,34304,train
2195,210.mat.txt,210,inner_race,0.021,1,33792,34816,train
2196,210.mat.txt,210,inner_race,0.021,1,34304,35328,train
2197,210.mat.txt,210,inner_race,0.021,1,34816,35840,train
2198,210.mat.txt,210,inner_race,0.021,1,35328,36352,train
2199,210.mat.txt,210,inner_race,0.021,1,35840,36864,train
2200,210.mat.txt,210,inner_race,0.021,1,36352,37376,train
2201,210.mat.txt,210,inner_race,0.021,1,36864,37888,train
2202,210.mat.txt,210,inner_race,0.021,1,37376,38400,train
2203,210.mat.txt,210,inner_race,0.021,1,37888,38912,train
2204,210.mat.txt,210,inner_race,0.021,1,38400,39424,train
2205,210.mat.txt,210,inner_race,0.021,1,38912,39936,train
2206,210.mat.txt,210,inner_race,0.021,1,39424,40448,train
2207,210.mat.txt,210,inner_race,0.021,1,39936,40960,train
2208,210.mat.txt,210,inner_race,0.021,1,40448,41472,train
2209,210.mat.txt,210,inner_race,0.021,1,40960,41984,train
2210,210.mat.txt,210,inner_race,0.021,1,41472,42496,train
2211,210.mat.txt,210,inner_race,0.021,1,41984,43008,train
2212,210.mat.txt,210,inner_race,0.021,1,42496,43520,train
2213,210.mat.txt,210,inner_race,0.021,1,43008,44032,train
2214,210.mat.txt,210,inner_race,0.021,1,43520,44544,train
2215,210.mat.txt,210,inner_race,0.021,1,44032,45056,train
2216,210.mat.txt,210,inner_race,0.021,1,44544,45568,train
2217,210.mat.txt,210,inner_race,0.021,1,45056,46080,train
2218,210.mat.txt,210,inner_race,0.021,1,45568,46592,train
2219,210.mat.txt,210,inner_race,0.021,1,46080,47104,train
2220,210.mat.txt,210,inner_race,0.021,1,46592,47616,train
2221,210.mat.txt,210,inner_race,0.021,1,47104,48128,train
2222,210.mat.txt,210,inner_race,0.021,1,47616,48640,train
2223,210.mat.txt,210,inner_race,0.021,1,48128,49152,train
2224,210.mat.txt,210,inner_race,0.021,1,48640,49664,train
2225,210.mat.txt,210,inner_race,0.021,1,49152,50176,train
2226,210.mat.txt,210,inner_race,0.021,1,49664,50688,train
2227,210.mat.txt,210,inner_race,0.021,1,50176,51200,train
2228,210.mat.txt,210,inner_race,0.021,1,50688,51712,train
2229,210.mat.txt,210,inner_race,0.021,1,51200,52224,train
2230,210.mat.txt,210,inner_race,0.021,1,51712,52736,train
2231,210.mat.txt,210,inner_race,0.021,1,52224,53248,train
2232,210.mat.txt,210,inner_race,0.021,1,52736,53760,train
2233,210.mat.txt,210,inner_race,0.021,1,53248,54272,train
2234,210.mat.txt,210,inner_race,0.021,1,53760,54784,train
2235,210.mat.txt,210,inner_race,0.021,1,54272,55296,train
2236,210.mat.txt,210,inner_race,0.021,1,54784,55808,train
2237,210.mat.txt,210,inner_race,0.021,1,55296,56320,train
2238,210.mat.txt,210,inner_race,0.021,1,55808,56832,train
2239,210.mat.txt,210,inner_race,0.021,1,56320,57344,train
2240,210.mat.txt,210,inner_race,0.021,1,56832,57856,train
2241,210.mat.txt,210,inner_race,0.021,1,57344,58368,train
2242,210.mat.txt,210,inner_race,0.021,1,57856,58880,train
2243,210.mat.txt,210,inner_race,0.021,1,58368,59392,train
2244,210.mat.txt,210,inner_race,0.021,1,58880,59904,train
2245,210.mat.txt,210,inner_race,0.021,1,59392,60416,train
2246,210.mat.txt,210,inner_race,0.021,1,59904,60928,train
2247,210.mat.txt,210,inner_race,0.021,1,60416,61440,train
2248,210.mat.txt,210,inner_race,0.021,1,60928,61952,train
2249,210.mat.txt,210,inner_race,0.021,1,61440,62464,train
2250,210.mat.txt,210,inner_race,0.021,1,61952,62976,train
2251,210.mat.txt,210,inner_race,0.021,1,62464,63488,train
2252,210.mat.txt,210,inner_race,0.021,1,62976,64000,train
2253,210.mat.txt,210,inner_race,0.021,1,63488,64512,train
2254,210.mat.txt,210,inner_race,0.021,1,64000,65024,train
2255,210.mat.txt,210,inner_race,0.021,1,64512,65536,train
2256,210.mat.txt,210,inner_race,0.021,1,65024,66048,train
2257,210.mat.txt,210,inner_race,0.021,1,65536,66560,train
2258,210.mat.txt,210,inner_race,0.021,1,66048,67072,train
2259,210.mat.txt,210,inner_race,0.021,1,66560,67584,train
2260,210.mat.txt,210,inner_race,0.021,1,67072,68096,train
2261,210.mat.txt,210,inner_race,0.021,1,67584,68608,train
2262,210.mat.txt,210,inner_race,0.021,1,68096,69120,train
2263,210.mat.txt,210,inner_race,0.021,1,68608,69632,train
2264,210.mat.txt,210,inner_race,0.021,1,69120,70144,train
2265,210.mat.txt,210,inner_race,0.021,1,69632,70656,train
2266,210.mat.txt,210,inner_race,0.021,1,70144,71168,train
2267,210.mat.txt,210,inner_race,0.021,1,70656,71680,train
2268,210.mat.txt,210,inner_race,0.021,1,71168,72192,train
2269,210.mat.txt,210,inner_race,0.021,1,71680,72704,train
2270,210.mat.txt,210,inner_race,0.021,1,72192,73216,train
2271,210.mat.txt,210,inner_race,0.021,1,72704,73728,train
2272,210.mat.txt,210,inner_race,0.021,1,73216,74240,train
2273,210.mat.txt,210,inner_race,0.021,1,73728,74752,train
2274,210.mat.txt,210,inner_race,0.021,1,74240,75264,train
2275,210.mat.txt,210,inner_race,0.021,1,74752,75776,train
2276,210.mat.txt,210,inner_race,0.021,1,75264,76288,train
2277,210.mat.txt,210,inner_race,0.021,1,75776,76800,train
2278,210.mat.txt,210,inner_race,0.021,1,76288,77312,train
2279,210.mat.txt,210,inner_race,0.021,1,76800,77824,train
2280,210.mat.txt,210,inner_race,0.021,1,77312,78336,train
2281,210.mat.txt,210,inner_race,0.021,1,77824,78848,train
2282,210.mat.txt,210,inner_race,0.021,1,78336,79360,train
2283,210.mat.txt,210,inner_race,0.021,1,78848,79872,train
2284,210.mat.txt,210,inner_race,0.021,1,79360,80384,train
2285,210.mat.txt,210,inner_race,0.021,1,79872,80896,train
2286,210.mat.txt,210,inner_race,0.021,1,80384,81408,train
2287,210.mat.txt,210,inner_race,0.021,1,80896,81920,train
2288,210.mat.txt,210,inner_race,0.021,1,81408,82432,train
2289,210.mat.txt,210,inner_race,0.021,1,81920,82944,train
2290,210.mat.txt,210,inner_race,0.021,1,82432,83456,train
2291,210.mat.txt,210,inner_race,0.021,1,82944,83968,train
2292,210.mat.txt,210,inner_race,0.021,1,83456,84480,train
2293,210.mat.txt,210,inner_race,0.021,1,83968,84992,train
2294,210.mat.txt,210,inner_race,0.021,1,84480,85504,train
2295,210.mat.txt,210,inner_race,0.021,1,84992,86016,train
2296,210.mat.txt,210,inner_race,0.021,1,85504,86528,train
2297,210.mat.txt,210,inner_race,0.021,1,86016,87040,train
2298,210.mat.txt,210,inner_race,0.021,1,86528,87552,train
2299,210.mat.txt,210,inner_race,0.021,1,87040,88064,train
2300,210.mat.txt,210,inner_race,0.021,1,87552,88576,train
2301,210.mat.txt,210,inner_race,0.021,1,88064,89088,train
2302,210.mat.txt,210,inner_race,0.021,1,88576,89600,train
2303,210.mat.txt,210,inner_race,0.021,1,89088,90112,train
2304,210.mat.txt,210,inner_race,0.021,1,89600,90624,train
2305,210.mat.txt,210,inner_race,0.021,1,90112,91136,train
2306,210.mat.txt,210,inner_race,0.021,1,90624,91648,train
2307,210.mat.txt,210,inner_race,0.021,1,91136,92160,train
2308,210.mat.txt,210,inner_race,0.021,1,91648,92672,train
2309,210.mat.txt,210,inner_race,0.021,1,92160,93184,train
2310,210.mat.txt,210,inner_race,0.021,1,92672,93696,train
2311,210.mat.txt,210,inner_race,0.021,1,93184,94208,train
2312,210.mat.txt,210,inner_race,0.021,1,93696,94720,train
2313,210.mat.txt,210,inner_race,0.021,1,94208,95232,train
2314,210.mat.txt,210,inner_race,0.021,1,94720,95744,train
2315,210.mat.txt,210,inner_race,0.021,1,95232,96256,train
2316,210.mat.txt,210,inner_race,0.021,1,95744,96768,train
2317,210.mat.txt,210,inner_race,0.021,1,96256,97280,train
2318,210.mat.txt,210,inner_race,0.021,1,96768,97792,train
2319,210.mat.txt,210,inner_race,0.021,1,97280,98304,train
2320,210.mat.txt,210,inner_race,0.021,1,97792,98816,train
2321,210.mat.txt,210,inner_race,0.021,1,98304,99328,train
2322,210.mat.txt,210,inner_race,0.021,1,98816,99840,train
2323,210.mat.txt,210,inner_race,0.021,1,99328,100352,train
2324,210.mat.txt,210,inner_race,0.021,1,99840,100864,train
2325,210.mat.txt,210,inner_race,0.021,1,100352,101376,train
2326,210.mat.txt,210,inner_race,0.021,1,100864,101888,train
2327,210.mat.txt,210,inner_race,0.021,1,101376,102400,train
2328,210.mat.txt,210,inner_race,0.021,1,101888,102912,train
2329,210.mat.txt,210,inner_race,0.021,1,102400,103424,train
2330,210.mat.txt,210,inner_race,0.021,1,102912,103936,train
2331,210.mat.txt,210,inner_race,0.021,1,103424,104448,train
2332,210.mat.txt,210,inner_race,0.021,1,103936,104960,train
2333,210.mat.txt,210,inner_race,0.021,1,104448,105472,train
2334,210.mat.txt,210,inner_race,0.021,1,104960,105984,train
2335,210.mat.txt,210,inner_race,0.021,1,105472,106496,train
2336,210.mat.txt,210,inner_race,0.021,1,105984,107008,train
2337,210.mat.txt,210,inner_race,0.021,1,106496,107520,train
2338,210.mat.txt,210,inner_race,0.021,1,107008,108032,train
2339,210.mat.txt,210,inner_race,0.021,1,107520,108544,train
2340,210.mat.txt,210,inner_race,0.021,1,108032,109056,train
2341,210.mat.txt,210,inner_race,0.021,1,108544,109568,train
2342,210.mat.txt,210,inner_race,0.021,1,109056,110080,train
2343,210.mat.txt,210,inner_race,0.021,1,109568,110592,train
2344,210.mat.txt,210,inner_race,0.021,1,110080,111104,train
2345,210.mat.txt,210,inner_race,0.021,1,110592,111616,train
2346,210.mat.txt,210,inner_race,0.021,1,111104,112128,train
2347,210.mat.txt,210,inner_race,0.021,1,111616,112640,train
2348,210.mat.txt,210,inner_race,0.021,1,112128,113152,train
2349,210.mat.txt,210,inner_race,0.021,1,112640,113664,train
2350,210.mat.txt,210,inner_race,0.021,1,113152,114176,train
2351,210.mat.txt,210,inner_race,0.021,1,113664,114688,train
2352,210.mat.txt,210,inner_race,0.021,1,114176,115200,train
2353,210.mat.txt,210,inner_race,0.021,1,114688,115712,train
2354,210.mat.txt,210,inner_race,0.021,1,115200,116224,train
2355,210.mat.txt,210,inner_race,0.021,1,115712,116736,train
2356,210.mat.txt,210,inner_race,0.021,1,116224,117248,train
2357,210.mat.txt,210,inner_race,0.021,1,116736,117760,train
2358,210.mat.txt,210,inner_race,0.021,1,117248,118272,train
2359,210.mat.txt,210,inner_race,0.021,1,117760,118784,train
2360,210.mat.txt,210,inner_race,0.021,1,118272,119296,train
2361,210.mat.txt,210,inner_race,0.021,1,118784,119808,train
2362,210.mat.txt,210,inner_race,0.021,1,119296,120320,train
2363,210.mat.txt,210,inner_race,0.021,1,119808,120832,train
2364,210.mat.txt,210,inner_race,0.021,1,120320,121344,train
2365,211.mat.txt,211,inner_race,0.021,2,0,1024,train
2366,211.mat.txt,211,inner_race,0.021,2,512,1536,train
2367,211.mat.txt,211,inner_race,0.021,2,1024,2048,train
2368,211.mat.txt,211,inner_race,0.021,2,1536,2560,train
2369,211.mat.txt,211,inner_race,0.021,2,2048,3072,train
2370,211.mat.txt,211,inner_race,0.021,2,2560,3584,train
2371,211.mat.txt,211,inner_race,0.021,2,3072,4096,train
2372,211.mat.txt,211,inner_race,0.021,2,3584,4608,train
2373,211.mat.txt,211,inner_race,0.021,2,4096,5120,train
2374,211.mat.txt,211,inner_race,0.021,2,4608,5632,train
2375,211.mat.txt,211,inner_race,0.021,2,5120,6144,train
2376,211.mat.txt,211,inner_race,0.021,2,5632,6656,train
2377,211.mat.txt,211,inner_race,0.021,2,6144,7168,train
2378,211.mat.txt,211,inner_race,0.021,2,6656,7680,train
2379,211.mat.txt,211,inner_race,0.021,2,7168,8192,train
2380,211.mat.txt,211,inner_race,0.021,2,7680,8704,train
2381,211.mat.txt,211,inner_race,0.021,2,8192,9216,train
2382,211.mat.txt,211,inner_race,0.021,2,8704,9728,train
2383,211.mat.txt,211,inner_race,0.021,2,9216,10240,train
2384,211.mat.txt,211,inner_race,0.021,2,9728,10752,train
2385,211.mat.txt,211,inner_race,0.021,2,10240,11264,train
2386,211.mat.txt,211,inner_race,0.021,2,10752,11776,train
2387,211.mat.txt,211,inner_race,0.021,2,11264,12288,train
2388,211.mat.txt,211,inner_race,0.021,2,11776,12800,train
2389,211.mat.txt,211,inner_race,0.021,2,12288,13312,train
2390,211.mat.txt,211,inner_race,0.021,2,12800,13824,train
2391,211.mat.txt,211,inner_race,0.021,2,13312,14336,train
2392,211.mat.txt,211,inner_race,0.021,2,13824,14848,train
2393,211.mat.txt,211,inner_race,0.021,2,14336,15360,train
2394,211.mat.txt,211,inner_race,0.021,2,14848,15872,train
2395,211.mat.txt,211,inner_race,0.021,2,15360,16384,train
2396,211.mat.txt,211,inner_race,0.021,2,15872,16896,train
2397,211.mat.txt,211,inner_race,0.021,2,16384,17408,train
2398,211.mat.txt,211,inner_race,0.021,2,16896,17920,train
2399,211.mat.txt,211,inner_race,0.021,2,17408,18432,train
2400,211.mat.txt,211,inner_race,0.021,2,17920,18944,train
2401,211.mat.txt,211,inner_race,0.021,2,18432,19456,train
2402,211.mat.txt,211,inner_race,0.021,2,18944,19968,train
2403,211.mat.txt,211,inner_race,0.021,2,19456,20480,train
2404,211.mat.txt,211,inner_race,0.021,2,19968,20992,train
2405,211.mat.txt,211,inner_race,0.021,2,20480,21504,train
2406,211.mat.txt,211,inner_race,0.021,2,20992,22016,train
2407,211.mat.txt,211,inner_race,0.021,2,21504,22528,train
2408,211.mat.txt,211,inner_race,0.021,2,22016,23040,train
2409,211.mat.txt,211,inner_race,0.021,2,22528,23552,train
2410,211.mat.txt,211,inner_race,0.021,2,23040,24064,train
2411,211.mat.txt,211,inner_race,0.021,2,23552,24576,train
2412,211.mat.txt,211,inner_race,0.021,2,24064,25088,train
2413,211.mat.txt,211,inner_race,0.021,2,24576,25600,train
2414,211.mat.txt,211,inner_race,0.021,2,25088,26112,train
2415,211.mat.txt,211,inner_race,0.021,2,25600,26624,train
2416,211.mat.txt,211,inner_race,0.021,2,26112,27136,train
2417,211.mat.txt,211,inner_race,0.021,2,26624,27648,train
2418,211.mat.txt,211,inner_race,0.021,2,27136,28160,train
2419,211.mat.txt,211,inner_race,0.021,2,27648,28672,train
2420,211.mat.txt,211,inner_race,0.021,2,28160,29184,train
2421,211.mat.txt,211,inner_race,0.021,2,28672,29696,train
2422,211.mat.txt,211,inner_race,0.021,2,29184,30208,train
2423,211.mat.txt,211,inner_race,0.021,2,29696,30720,train
2424,211.mat.txt,211,inner_race,0.021,2,30208,31232,train
2425,211.mat.txt,211,inner_race,0.021,2,30720,31744,train
2426,211.mat.txt,211,inner_race,0.021,2,31232,32256,train
2427,211.mat.txt,211,inner_race,0.021,2,31744,32768,train
2428,211.mat.txt,211,inner_race,0.021,2,32256,33280,train
2429,211.mat.txt,211,inner_race,0.021,2,32768,33792,train
2430,211.mat.txt,211,inner_race,0.021,2,33280,34304,train
2431,211.mat.txt,211,inner_race,0.021,2,33792,34816,train
2432,211.mat.txt,211,inner_race,0.021,2,34304,35328,train
2433,211.mat.txt,211,inner_race,0.021,2,34816,35840,train
2434,211.mat.txt,211,inner_race,0.021,2,35328,36352,train
2435,211.mat.txt,211,inner_race,0.021,2,35840,36864,train
2436,211.mat.txt,211,inner_race,0.021,2,36352,37376,train
2437,211.mat.txt,211,inner_race,0.021,2,36864,37888,train
2438,211.mat.txt,211,inner_race,0.021,2,37376,38400,train
2439,211.mat.txt,211,inner_race,0.021,2,37888,38912,train
2440,211.mat.txt,211,inner_race,0.021,2,38400,39424,train
2441,211.mat.txt,211,inner_race,0.021,2,38912,39936,train
2442,211.mat.txt,211,inner_race,0.021,2,39424,40448,train
2443,211.mat.txt,211,inner_race,0.021,2,39936,40960,train
2444,211.mat.txt,211,inner_race,0.021,2,40448,41472,train
2445,211.mat.txt,211,inner_race,0.021,2,40960,41984,train
2446,211.mat.txt,211,inner_race,0.021,2,41472,42496,train
2447,211.mat.txt,211,inner_race,0.021,2,41984,43008,train
2448,211.mat.txt,211,inner_race,0.021,2,42496,43520,train
2449,211.mat.txt,211,inner_race,0.021,2,43008,44032,train
2450,211.mat.txt,211,inner_race,0.021,2,43520,44544,train
2451,211.mat.txt,211,inner_race,0.021,2,44032,45056,train
2452,211.mat.txt,211,inner_race,0.021,2,44544,45568,train
2453,211.mat.txt,211,inner_race,0.021,2,45056,46080,train
2454,211.mat.txt,211,inner_race,0.021,2,45568,46592,train
2455,211.mat.txt,211,inner_race,0.021,2,46080,47104,train
2456,211.mat.txt,211,inner_race,0.021,2,46592,47616,train
2457,211.mat.txt,211,inner_race,0.021,2,47104,48128,train
2458,211.mat.txt,211,inner_race,0.021,2,47616,48640,train
2459,211.mat.txt,211,inner_race,0.021,2,48128,49152,train
2460,211.mat.txt,211,inner_race,0.021,2,48640,49664,train
2461,211.mat.txt,211,inner_race,0.021,2,49152,50176,train
2462,211.mat.txt,211,inner_race,0.021,2,49664,50688,train
2463,211.mat.txt,211,inner_race,0.021,2,50176,51200,train
2464,211.mat.txt,211,inner_race,0.021,2,50688,51712,train
2465,211.mat.txt,211,inner_race,0.021,2,51200,52224,train
2466,211.mat.txt,211,inner_race,0.021,2,51712,52736,train
2467,211.mat.txt,211,inner_race,0.021,2,52224,53248,train
2468,211.mat.txt,211,inner_race,0.021,2,52736,53760,train
2469,211.mat.txt,211,inner_race,0.021,2,53248,54272,train
2470,211.mat.txt,211,inner_race,0.021,2,53760,54784,train
2471,211.mat.txt,211,inner_race,0.021,2,54272,55296,train
2472,211.mat.txt,211,inner_race,0.021,2,54784,55808,train
2473,211.mat.txt,211,inner_race,0.021,2,55296,56320,train
2474,211.mat.txt,211,inner_race,0.021,2,55808,56832,train
2475,211.mat.txt,211,inner_race,0.021,2,56320,57344,train
2476,211.mat.txt,211,inner_race,0.021,2,56832,57856,train
2477,211.mat.txt,211,inner_race,0.021,2,57344,58368,train
2478,211.mat.txt,211,inner_race,0.021,2,57856,58880,train
2479,211.mat.txt,211,inner_race,0.021,2,58368,59392,train
2480,211.mat.txt,211,inner_race,0.021,2,58880,59904,train
2481,211.mat.txt,211,inner_race,0.021,2,59392,60416,train
2482,211.mat.txt,211,inner_race,0.021,2,59904,60928,train
2483,211.mat.txt,211,inner_race,0.021,2,60416,61440,train
2484,211.mat.txt,211,inner_race,0.021,2,60928,61952,train
2485,211.mat.txt,211,inner_race,0.021,2,61440,62464,train
2486,211.mat.txt,211,inner_race,0.021,2,61952,62976,train
2487,211.mat.txt,211,inner_race,0.021,2,62464,63488,train
2488,211.mat.txt,211,inner_race,0.021,2,62976,64000,train
2489,211.mat.txt,211,inner_race,0.021,2,63488,64512,train
2490,211.mat.txt,211,inner_race,0.021,2,64000,65024,train
2491,211.mat.txt,211,inner_race,0.021,2,64512,65536,train
2492,211.mat.txt,211,inner_race,0.021,2,65024,66048,train
2493,211.mat.txt,211,inner_race,0.021,2,65536,66560,train
2494,211.mat.txt,211,inner_race,0.021,2,66048,67072,train
2495,211.mat.txt,211,inner_race,0.021,2,66560,67584,train
2496,211.mat.txt,211,inner_race,0.021,2,67072,68096,train
2497,211.mat.txt,211,inner_race,0.021,2,67584,68608,train
2498,211.mat.txt,211,inner_race,0.021,2,68096,69120,train
2499,211.mat.txt,211,inner_race,0.021,2,68608,69632,train
2500,211.mat.txt,211,inner_race,0.021,2,69120,70144,train
2501,211.mat.txt,211,inner_race,0.021,2,69632,70656,train
2502,211.mat.txt,211,inner_race,0.021,2,70144,71168,train
2503,211.mat.txt,211,inner_race,0.021,2,70656,71680,train
2504,211.mat.txt,211,inner_race,0.021,2,71168,72192,train
2505,211.mat.txt,211,inner_race,0.021,2,71680,72704,train
2506,211.mat.txt,211,inner_race,0.021,2,72192,73216,train
2507,211.mat.txt,211,inner_race,0.021,2,72704,73728,train
2508,211.mat.txt,211,inner_race,0.021,2,73216,74240,train
2509,211.mat.txt,211,inner_race,0.021,2,73728,74752,train
2510,211.mat.txt,211,inner_race,0.021,2,74240,75264,train
2511,211.mat.txt,211,inner_race,0.021,2,74752,75776,train
2512,211.mat.txt,211,inner_race,0.021,2,75264,76288,train
2513,211.mat.txt,211,inner_race,0.021,2,75776,76800,train
2514,211.mat.txt,211,inner_race,0.021,2,76288,77312,train
2515,211.mat.txt,211,inner_race,0.021,2,76800,77824,train
2516,211.mat.txt,211,inner_race,0.021,2,77312,78336,train
2517,211.mat.txt,211,inner_race,0.021,2,77824,78848,train
2518,211.mat.txt,211,inner_race,0.021,2,78336,79360,train
2519,211.mat.txt,211,inner_race,0.021,2,78848,79872,train
2520,211.mat.txt,211,inner_race,0.021,2,79360,80384,train
2521,211.mat.txt,211,inner_race,0.021,2,79872,80896,train
2522,211.mat.txt,211,inner_race,0.021,2,80384,81408,train
2523,211.mat.txt,211,inner_race,0.021,2,80896,81920,train
2524,211.mat.txt,211,inner_race,0.021,2,81408,82432,train
2525,211.mat.txt,211,inner_race,0.021,2,81920,82944,train
2526,211.mat.txt,211,inner_race,0.021,2,82432,83456,train
2527,211.mat.txt,211,inner_race,0.021,2,82944,83968,train
2528,211.mat.txt,211,inner_race,0.021,2,83456,84480,train
2529,211.mat.txt,211,inner_race,0.021,2,83968,84992,train
2530,211.mat.txt,211,inner_race,0.021,2,84480,85504,train
2531,211.mat.txt,211,inner_race,0.021,2,84992,86016,train
2532,211.mat.txt,211,inner_race,0.021,2,85504,86528,train
2533,211.mat.txt,211,inner_race,0.021,2,86016,87040,train
2534,211.mat.txt,211,inner_race,0.021,2,86528,87552,train
2535,211.mat.txt,211,inner_race,0.021,2,87040,88064,train
2536,211.mat.txt,211,inner_race,0.021,2,87552,88576,train
2537,211.mat.txt,211,inner_race,0.021,2,88064,89088,train
2538,211.mat.txt,211,inner_race,0.021,2,88576,89600,train
2539,211.mat.txt,211,inner_race,0.021,2,89088,90112,train
2540,211.mat.txt,211,inner_race,0.021,2,89600,90624,train
2541,211.mat.txt,211,inner_race,0.021,2,90112,91136,train
2542,211.mat.txt,211,inner_race,0.021,2,90624,91648,train
2543,211.mat.txt,211,inner_race,0.021,2,91136,92160,train
2544,211.mat.txt,211,inner_race,0.021,2,91648,92672,train
2545,211.mat.txt,211,inner_race,0.021,2,92160,93184,train
2546,211.mat.txt,211,inner_race,0.021,2,92672,93696,train
2547,211.mat.txt,211,inner_race,0.021,2,93184,94208,train
2548,211.mat.txt,211,inner_race,0.021,2,93696,94720,train
2549,211.mat.txt,211,inner_race,0.021,2,94208,95232,train
2550,211.mat.txt,211,inner_race,0.021,2,94720,95744,train
2551,211.mat.txt,211,inner_race,0.021,2,95232,96256,train
2552,211.mat.txt,211,inner_race,0.021,2,95744,96768,train
2553,211.mat.txt,211,inner_race,0.021,2,96256,97280,train
2554,211.mat.txt,211,inner_race,0.021,2,96768,97792,train
2555,211.mat.txt,211,inner_race,0.021,2,97280,98304,train
2556,211.mat.txt,211,inner_race,0.021,2,97792,98816,train
2557,211.mat.txt,211,inner_race,0.021,2,98304,99328,train
2558,211.mat.txt,211,inner_race,0.021,2,98816,99840,train
2559,211.mat.txt,211,inner_race,0.021,2,99328,100352,train
2560,211.mat.txt,211,inner_race,0.021,2,99840,100864,train
2561,211.mat.txt,211,inner_race,0.021,2,100352,101376,train
2562,211.mat.txt,211,inner_race,0.021,2,100864,101888,train
2563,211.mat.txt,211,inner_race,0.021,2,101376,102400,train
2564,211.mat.txt,211,inner_race,0.021,2,101888,102912,train
2565,211.mat.txt,211,inner_race,0.021,2,102400,103424,train
2566,211.mat.txt,211,inner_race,0.021,2,102912,103936,train
2567,211.mat.txt,211,inner_race,0.021,2,103424,104448,train
2568,211.mat.txt,211,inner_race,0.021,2,103936,104960,train
2569,211.mat.txt,211,inner_race,0.021,2,104448,105472,train
2570,211.mat.txt,211,inner_race,0.021,2,104960,105984,train
2571,211.mat.txt,211,inner_race,0.021,2,105472,106496,train
2572,211.mat.txt,211,inner_race,0.021,2,105984,107008,train
2573,211.mat.txt,211,inner_race,0.021,2,106496,107520,train
2574,211.mat.txt,211,inner_race,0.021,2,107008,108032,train
2575,211.mat.txt,211,inner_race,0.021,2,107520,108544,train
2576,211.mat.txt,211,inner_race,0.021,2,108032,109056,train
2577,211.mat.txt,211,inner_race,0.021,2,108544,109568,train
2578,211.mat.txt,211,inner_race,0.021,2,109056,110080,train
2579,211.mat.txt,211,inner_race,0.021,2,109568,110592,train
2580,211.mat.txt,211,inner_race,0.021,2,110080,111104,train
2581,211.mat.txt,211,inner_race,0.021,2,110592,111616,train
2582,211.mat.txt,211,inner_race,0.021,2,111104,112128,train
2583,211.mat.txt,211,inner_race,0.021,2,111616,112640,train
2584,211.mat.txt,211,inner_race,0.021,2,112128,113152,train
2585,211.mat.txt,211,inner_race,0.021,2,112640,113664,train
2586,211.mat.txt,211,inner_race,0.021,2,113152,114176,train
2587,211.mat.txt,211,inner_race,0.021,2,113664,114688,train
2588,211.mat.txt,211,inner_race,0.021,2,114176,115200,train
2589,211.mat.txt,211,inner_race,0.021,2,114688,115712,train
2590,211.mat.txt,211,inner_race,0.021,2,115200,116224,train
2591,211.mat.txt,211,inner_race,0.021,2,115712,116736,train
2592,211.mat.txt,211,inner_race,0.021,2,116224,117248,train
2593,211.mat.txt,211,inner_race,0.021,2,116736,117760,train
2594,211.mat.txt,211,inner_race,0.021,2,117248,118272,train
2595,211.mat.txt,211,inner_race,0.021,2,117760,118784,train
2596,211.mat.txt,211,inner_race,0.021,2,118272,119296,train
2597,211.mat.txt,211,inner_race,0.021,2,118784,119808,train
2598,211.mat.txt,211,inner_race,0.021,2,119296,120320,train
2599,211.mat.txt,211,inner_race,0.021,2,119808,120832,train
2600,211.mat.txt,211,inner_race,0.021,2,120320,121344,train
2601,212.mat.txt,212,inner_race,0.021,3,0,1024,test
2602,212.mat.txt,212,inner_race,0.021,3,512,1536,test
2603,212.mat.txt,212,inner_race,0.021,3,1024,2048,test
2604,212.mat.txt,212,inner_race,0.021,3,1536,2560,test
2605,212.mat.txt,212,inner_race,0.021,3,2048,3072,test
2606,212.mat.txt,212,inner_race,0.021,3,2560,3584,test
2607,212.mat.txt,212,inner_race,0.021,3,3072,4096,test
2608,212.mat.txt,212,inner_race,0.021,3,3584,4608,test
2609,212.mat.txt,212,inner_race,0.021,3,4096,5120,test
2610,212.mat.txt,212,inner_race,0.021,3,4608,5632,test
2611,212.mat.txt,212,inner_race,0.021,3,5120,6144,test
2612,212.mat.txt,212,inner_race,0.021,3,5632,6656,test
2613,212.mat.txt,212,inner_race,0.021,3,6144,7168,test
2614,212.mat.txt,212,inner_race,0.021,3,6656,7680,test
2615,212.mat.txt,212,inner_race,0.021,3,7168,8192,test
2616,212.mat.txt,212,inner_race,0.021,3,7680,8704,test
2617,212.mat.txt,212,inner_race,0.021,3,8192,9216,test
2618,212.mat.txt,212,inner_race,0.021,3,8704,9728,test
2619,212.mat.txt,212,inner_race,0.021,3,9216,10240,test
2620,212.mat.txt,212,inner_race,0.021,3,9728,10752,test
2621,212.mat.txt,212,inner_race,0.021,3,10240,11264,test
2622,212.mat.txt,212,inner_race,0.021,3,10752,11776,test
2623,212.mat.txt,212,inner_race,0.021,3,11264,12288,test
2624,212.mat.txt,212,inner_race,0.021,3,11776,12800,test
2625,212.mat.txt,212,inner_race,0.021,3,12288,13312,test
2626,212.mat.txt,212,inner_race,0.021,3,12800,13824,test
2627,212.mat.txt,212,inner_race,0.021,3,13312,14336,test
2628,212.mat.txt,212,inner_race,0.021,3,13824,14848,test
2629,212.mat.txt,212,inner_race,0.021,3,14336,15360,test
2630,212.mat.txt,212,inner_race,0.021,3,14848,15872,test
2631,212.mat.txt,212,inner_race,0.021,3,15360,16384,test
2632,212.mat.txt,212,inner_race,0.021,3,15872,16896,test
2633,212.mat.txt,212,inner_race,0.021,3,16384,17408,test
2634,212.mat.txt,212,inner_race,0.021,3,16896,17920,test
2635,212.mat.txt,212,inner_race,0.021,3,17408,18432,test
2636,212.mat.txt,212,inner_race,0.021,3,17920,18944,test
2637,212.mat.txt,212,inner_race,0.021,3,18432,19456,test
2638,212.mat.txt,212,inner_race,0.021,3,18944,19968,test
2639,212.mat.txt,212,inner_race,0.021,3,19456,20480,test
2640,212.mat.txt,212,inner_race,0.021,3,19968,20992,test
2641,212.mat.txt,212,inner_race,0.021,3,20480,21504,test
2642,212.mat.txt,212,inner_race,0.021,3,20992,22016,test
2643,212.mat.txt,212,inner_race,0.021,3,21504,22528,test
2644,212.mat.txt,212,inner_race,0.021,3,22016,23040,test
2645,212.mat.txt,212,inner_race,0.021,3,22528,23552,test
2646,212.mat.txt,212,inner_race,0.021,3,23040,24064,test
2647,212.mat.txt,212,inner_race,0.021,3,23552,24576,test
2648,212.mat.txt,212,inner_race,0.021,3,24064,25088,test
2649,212.mat.txt,212,inner_race,0.021,3,24576,25600,test
2650,212.mat.txt,212,inner_race,0.021,3,25088,26112,test
2651,212.mat.txt,212,inner_race,0.021,3,25600,26624,test
2652,212.mat.txt,212,inner_race,0.021,3,26112,27136,test
2653,212.mat.txt,212,inner_race,0.021,3,26624,27648,test
2654,212.mat.txt,212,inner_race,0.021,3,27136,28160,test
2655,212.mat.txt,212,inner_race,0.021,3,27648,28672,test
2656,212.mat.txt,212,inner_race,0.021,3,28160,29184,test
2657,212.mat.txt,212,inner_race,0.021,3,28672,29696,test
2658,212.mat.txt,212,inner_race,0.021,3,29184,30208,test
2659,212.mat.txt,212,inner_race,0.021,3,29696,30720,test
2660,212.mat.txt,212,inner_race,0.021,3,30208,31232,test
2661,212.mat.txt,212,inner_race,0.021,3,30720,31744,test
2662,212.mat.txt,212,inner_race,0.021,3,31232,32256,test
2663,212.mat.txt,212,inner_race,0.021,3,31744,32768,test
2664,212.mat.txt,212,inner_race,0.021,3,32256,33280,test
2665,212.mat.txt,212,inner_race,0.021,3,32768,33792,test
2666,212.mat.txt,212,inner_race,0.021,3,33280,34304,test
2667,212.mat.txt,212,inner_race,0.021,3,33792,34816,test
2668,212.mat.txt,212,inner_race,0.021,3,34304,35328,test
2669,212.mat.txt,212,inner_race,0.021,3,34816,35840,test
2670,212.mat.txt,212,inner_race,0.021,3,35328,36352,test
2671,212.mat.txt,212,inner_race,0.021,3,35840,36864,test
2672,212.mat.txt,212,inner_race,0.021,3,36352,37376,test
2673,212.mat.txt,212,inner_race,0.021,3,36864,37888,test
2674,212.mat.txt,212,inner_race,0.021,3,37376,38400,test
2675,212.mat.txt,212,inner_race,0.021,3,37888,38912,test
2676,212.mat.txt,212,inner_race,0.021,3,38400,39424,test
2677,212.mat.txt,212,inner_race,0.021,3,38912,39936,test
2678,212.mat.txt,212,inner_race,0.021,3,39424,40448,test
2679,212.mat.txt,212,inner_race,0.021,3,39936,40960,test
2680,212.mat.txt,212,inner_race,0.021,3,40448,41472,test
2681,212.mat.txt,212,inner_race,0.021,3,40960,41984,test
2682,212.mat.txt,212,inner_race,0.021,3,41472,42496,test
2683,212.mat.txt,212,inner_race,0.021,3,41984,43008,test
2684,212.mat.txt,212,inner_race,0.021,3,42496,43520,test
2685,212.mat.txt,212,inner_race,0.021,3,43008,44032,test
2686,212.mat.txt,212,inner_race,0.021,3,43520,44544,test
2687,212.mat.txt,212,inner_race,0.021,3,44032,45056,test
2688,212.mat.txt,212,inner_race,0.021,3,44544,45568,test
2689,212.mat.txt,212,inner_race,0.021,3,45056,46080,test
2690,212.mat.txt,212,inner_race,0.021,3,45568,46592,test
2691,212.mat.txt,212,inner_race,0.021,3,46080,47104,test
2692,212.mat.txt,212,inner_race,0.021,3,46592,47616,test
2693,212.mat.txt,212,inner_race,0.021,3,47104,48128,test
2694,212.mat.txt,212,inner_race,0.021,3,47616,48640,test
2695,212.mat.txt,212,inner_race,0.021,3,48128,49152,test
2696,212.mat.txt,212,inner_race,0.021,3,48640,49664,test
2697,212.mat.txt,212,inner_race,0.021,3,49152,50176,test
2698,212.mat.txt,212,inner_race,0.021,3,49664,50688,test
2699,212.mat.txt,212,inner_race,0.021,3,50176,51200,test
2700,212.mat.txt,212,inner_race,0.021,3,50688,51712,test
2701,212.mat.txt,212,inner_race,0.021,3,51200,52224,test
2702,212.mat.txt,212,inner_race,0.021,3,51712,52736,test
2703,212.mat.txt,212,inner_race,0.021,3,52224,53248,test
2704,212.mat.txt,212,inner_race,0.021,3,52736,53760,test
2705,212.mat.txt,212,inner_race,0.021,3,53248,54272,test
2706,212.mat.txt,212,inner_race,0.021,3,53760,54784,test
2707,212.mat.txt,212,inner_race,0.021,3,54272,55296,test
2708,212.mat.txt,212,inner_race,0.021,3,54784,55808,test
2709,212.mat.txt,212,inner_race,0.021,3,55296,56320,test
2710,212.mat.txt,212,inner_race,0.021,3,55808,56832,test
2711,212.mat.txt,212,inner_race,0.021,3,56320,57344,test
2712,212.mat.txt,212,inner_race,0.021,3,56832,57856,test
2713,212.mat.txt,212,inner_race,0.021,3,57344,58368,test
2714,212.mat.txt,212,inner_race,0.021,3,57856,58880,test
2715,212.mat.txt,212,inner_race,0.021,3,58368,59392,test
2716,212.mat.txt,212,inner_race,0.021,3,58880,59904,test
2717,212.mat.txt,212,inner_race,0.021,3,59392,60416,test
2718,212.mat.txt,212,inner_race,0.021,3,59904,60928,test
2719,212.mat.txt,212,inner_race,0.021,3,60416,61440,test
2720,212.mat.txt,212,inner_race,0.021,3,60928,61952,test
2721,212.mat.txt,212,inner_race,0.021,3,61440,62464,test
2722,212.mat.txt,212,inner_race,0.021,3,61952,62976,test
2723,212.mat.txt,212,inner_race,0.021,3,62464,63488,test
2724,212.mat.txt,212,inner_race,0.021,3,62976,64000,test
2725,212.mat.txt,212,inner_race,0.021,3,63488,64512,test
2726,212.mat.txt,212,inner_race,0.021,3,64000,65024,test
2727,212.mat.txt,212,inner_race,0.021,3,64512,65536,test
2728,212.mat.txt,212,inner_race,0.021,3,65024,66048,test
2729,212.mat.txt,212,inner_race,0.021,3,65536,66560,test
2730,212.mat.txt,212,inner_race,0.021,3,66048,67072,test
2731,212.mat.txt,212,inner_race,0.021,3,66560,67584,test
2732,212.mat.txt,212,inner_race,0.021,3,67072,68096,test
2733,212.mat.txt,212,inner_race,0.021,3,67584,68608,test
2734,212.mat.txt,212,inner_race,0.021,3,68096,69120,test
2735,212.mat.txt,212,inner_race,0.021,3,68608,69632,test
2736,212.mat.txt,212,inner_race,0.021,3,69120,70144,test
2737,212.mat.txt,212,inner_race,0.021,3,69632,70656,test
2738,212.mat.txt,212,inner_race,0.021,3,70144,71168,test
2739,212.mat.txt,212,inner_race,0.021,3,70656,71680,test
2740,212.mat.txt,212,inner_race,0.021,3,71168,72192,test
2741,212.mat.txt,212,inner_race,0.021,3,71680,72704,test
2742,212.mat.txt,212,inner_race,0.021,3,72192,73216,test
2743,212.mat.txt,212,inner_race,0.021,3,72704,73728,test
2744,212.mat.txt,212,inner_race,0.021,3,73216,74240,test
2745,212.mat.txt,212,inner_race,0.021,3,73728,74752,test
2746,212.mat.txt,212,inner_race,0.021,3,74240,75264,test
2747,212.mat.txt,212,inner_race,0.021,3,74752,75776,test
2748,212.mat.txt,212,inner_race,0.021,3,75264,76288,test
2749,212.mat.txt,212,inner_race,0.021,3,75776,76800,test
2750,212.mat.txt,212,inner_race,0.021,3,76288,77312,test
2751,212.mat.txt,212,inner_race,0.021,3,76800,77824,test
2752,212.mat.txt,212,inner_race,0.021,3,77312,78336,test
2753,212.mat.txt,212,inner_race,0.021,3,77824,78848,test
2754,212.mat.txt,212,inner_race,0.021,3,78336,79360,test
2755,212.mat.txt,212,inner_race,0.021,3,78848,79872,test
2756,212.mat.txt,212,inner_race,0.021,3,79360,80384,test
2757,212.mat.txt,212,inner_race,0.021,3,79872,80896,test
2758,212.mat.txt,212,inner_race,0.021,3,80384,81408,test
2759,212.mat.txt,212,inner_race,0.021,3,80896,81920,test
2760,212.mat.txt,212,inner_race,0.021,3,81408,82432,test
2761,212.mat.txt,212,inner_race,0.021,3,81920,82944,test
2762,212.mat.txt,212,inner_race,0.021,3,82432,83456,test
2763,212.mat.txt,212,inner_race,0.021,3,82944,83968,test
2764,212.mat.txt,212,inner_race,0.021,3,83456,84480,test
2765,212.mat.txt,212,inner_race,0.021,3,83968,84992,test
2766,212.mat.txt,212,inner_race,0.021,3,84480,85504,test
2767,212.mat.txt,212,inner_race,0.021,3,84992,86016,test
2768,212.mat.txt,212,inner_race,0.021,3,85504,86528,test
2769,212.mat.txt,212,inner_race,0.021,3,86016,87040,test
2770,212.mat.txt,212,inner_race,0.021,3,86528,87552,test
2771,212.mat.txt,212,inner_race,0.021,3,87040,88064,test
2772,212.mat.txt,212,inner_race,0.021,3,87552,88576,test
2773,212.mat.txt,212,inner_race,0.021,3,88064,89088,test
2774,212.mat.txt,212,inner_race,0.021,3,88576,89600,test
2775,212.mat.txt,212,inner_race,0.021,3,89088,90112,test
2776,212.mat.txt,212,inner_race,0.021,3,89600,90624,test
2777,212.mat.txt,212,inner_race,0.021,3,90112,91136,test
2778,212.mat.txt,212,inner_race,0.021,3,90624,91648,test
2779,212.mat.txt,212,inner_race,0.021,3,91136,92160,test
2780,212.mat.txt,212,inner_race,0.021,3,91648,92672,test
2781,212.mat.txt,212,inner_race,0.021,3,92160,93184,test
2782,212.mat.txt,212,inner_race,0.021,3,92672,93696,test
2783,212.mat.txt,212,inner_race,0.021,3,93184,94208,test
2784,212.mat.txt,212,inner_race,0.021,3,93696,94720,test
2785,212.mat.txt,212,inner_race,0.021,3,94208,95232,test
2786,212.mat.txt,212,inner_race,0.021,3,94720,95744,test
2787,212.mat.txt,212,inner_race,0.021,3,95232,96256,test
2788,212.mat.txt,212,inner_race,0.021,3,95744,96768,test
2789,212.mat.txt,212,inner_race,0.021,3,96256,97280,test
2790,212.mat.txt,212,inner_race,0.021,3,96768,97792,test
2791,212.mat.txt,212,inner_race,0.021,3,97280,98304,test
2792,212.mat.txt,212,inner_race,0.021,3,97792,98816,test
2793,212.mat.txt,212,inner_race,0.021,3,98304,99328,test
2794,212.mat.txt,212,inner_race,0.021,3,98816,99840,test
2795,212.mat.txt,212,inner_race,0.021,3,99328,100352,test
2796,212.mat.txt,212,inner_race,0.021,3,99840,100864,test
2797,212.mat.txt,212,inner_race,0.021,3,100352,101376,test
2798,212.mat.txt,212,inner_race,0.021,3,100864,101888,test
2799,212.mat.txt,212,inner_race,0.021,3,101376,102400,test
2800,212.mat.txt,212,inner_race,0.021,3,101888,102912,test
2801,212.mat.txt,212,inner_race,0.021,3,102400,103424,test
2802,212.mat.txt,212,inner_race,0.021,3,102912,103936,test
2803,212.mat.txt,212,inner_race,0.021,3,103424,104448,test
2804,212.mat.txt,212,inner_race,0.021,3,103936,104960,test
2805,212.mat.txt,212,inner_race,0.021,3,104448,105472,test
2806,212.mat.txt,212,inner_race,0.021,3,104960,105984,test
2807,212.mat.txt,212,inner_race,0.021,3,105472,106496,test
2808,212.mat.txt,212,inner_race,0.021,3,105984,107008,test
2809,212.mat.txt,212,inner_race,0.021,3,106496,107520,test
2810,212.mat.txt,212,inner_race,0.021,3,107008,108032,test
2811,212.mat.txt,212,inner_race,0.021,3,107520,108544,test
2812,212.mat.txt,212,inner_race,0.021,3,108032,109056,test
2813,212.mat.txt,212,inner_race,0.021,3,108544,109568,test
2814,212.mat.txt,212,inner_race,0.021,3,109056,110080,test
2815,212.mat.txt,212,inner_race,0.021,3,109568,110592,test
2816,212.mat.txt,212,inner_race,0.021,3,110080,111104,test
2817,212.mat.txt,212,inner_race,0.021,3,110592,111616,test
2818,212.mat.txt,212,inner_race,0.021,3,111104,112128,test
2819,212.mat.txt,212,inner_race,0.021,3,111616,112640,test
2820,212.mat.txt,212,inner_race,0.021,3,112128,113152,test
2821,212.mat.txt,212,inner_race,0.021,3,112640,113664,test
2822,212.mat.txt,212,inner_race,0.021,3,113152,114176,test
2823,212.mat.txt,212,inner_race,0.021,3,113664,114688,test
2824,212.mat.txt,212,inner_race,0.021,3,114176,115200,test
2825,212.mat.txt,212,inner_race,0.021,3,114688,115712,test
2826,212.mat.txt,212,inner_race,0.021,3,115200,116224,test
2827,212.mat.txt,212,inner_race,0.021,3,115712,116736,test
2828,212.mat.txt,212,inner_race,0.021,3,116224,117248,test
2829,212.mat.txt,212,inner_race,0.021,3,116736,117760,test
2830,212.mat.txt,212,inner_race,0.021,3,117248,118272,test
2831,212.mat.txt,212,inner_race,0.021,3,117760,118784,test
2832,212.mat.txt,212,inner_race,0.021,3,118272,119296,test
2833,212.mat.txt,212,inner_race,0.021,3,118784,119808,test
2834,212.mat.txt,212,inner_race,0.021,3,119296,120320,test
2835,212.mat.txt,212,inner_race,0.021,3,119808,120832,test
2836,212.mat.txt,212,inner_race,0.021,3,120320,121344,test
2837,212.mat.txt,212,inner_race,0.021,3,120832,121856,test
2838,130.mat.txt,130,outer_race,0.007,0,0,1024,train
2839,130.mat.txt,130,outer_race,0.007,0,512,1536,train
2840,130.mat.txt,130,outer_race,0.007,0,1024,2048,train
2841,130.mat.txt,130,outer_race,0.007,0,1536,2560,train
2842,130.mat.txt,130,outer_race,0.007,0,2048,3072,train
2843,130.mat.txt,130,outer_race,0.007,0,2560,3584,train
2844,130.mat.txt,130,outer_race,0.007,0,3072,4096,train
2845,130.mat.txt,130,outer_race,0.007,0,3584,4608,train
2846,130.mat.txt,130,outer_race,0.007,0,4096,5120,train
2847,130.mat.txt,130,outer_race,0.007,0,4608,5632,train
2848,130.mat.txt,130,outer_race,0.007,0,5120,6144,train
2849,130.mat.txt,130,outer_race,0.007,0,5632,6656,train
2850,130.mat.txt,130,outer_race,0.007,0,6144,7168,train
2851,130.mat.txt,130,outer_race,0.007,0,6656,7680,train
2852,130.mat.txt,130,outer_race,0.007,0,7168,8192,train
2853,130.mat.txt,130,outer_race,0.007,0,7680,8704,train
2854,130.mat.txt,130,outer_race,0.007,0,8192,9216,train
2855,130.mat.txt,130,outer_race,0.007,0,8704,9728,train
2856,130.mat.txt,130,outer_race,0.007,0,9216,10240,train
2857,130.mat.txt,130,outer_race,0.007,0,9728,10752,train
2858,130.mat.txt,130,outer_race,0.007,0,10240,11264,train
2859,130.mat.txt,130,outer_race,0.007,0,10752,11776,train
2860,130.mat.txt,130,outer_race,0.007,0,11264,12288,train
2861,130.mat.txt,130,outer_race,0.007,0,11776,12800,train
2862,130.mat.txt,130,outer_race,0.007,0,12288,13312,train
2863,130.mat.txt,130,outer_race,0.007,0,12800,13824,train
2864,130.mat.txt,130,outer_race,0.007,0,13312,14336,train
2865,130.mat.txt,130,outer_race,0.007,0,13824,14848,train
2866,130.mat.txt,130,outer_race,0.007,0,14336,15360,train
2867,130.mat.txt,130,outer_race,0.007,0,14848,15872,train
2868,130.mat.txt,130,outer_race,0.007,0,15360,16384,train
2869,130.mat.txt,130,outer_race,0.007,0,15872,16896,train
2870,130.mat.txt,130,outer_race,0.007,0,16384,17408,train
2871,130.mat.txt,130,outer_race,0.007,0,16896,17920,train
2872,130.mat.txt,130,outer_race,0.007,0,17408,18432,train
2873,130.mat.txt,130,outer_race,0.007,0,17920,18944,train
2874,130.mat.txt,130,outer_race,0.007,0,18432,19456,train
2875,130.mat.txt,130,outer_race,0.007,0,18944,19968,train
2876,130.mat.txt,130,outer_race,0.007,0,19456,20480,train
2877,130.mat.txt,130,outer_race,0.007,0,19968,20992,train
2878,130.mat.txt,130,outer_race,0.007,0,20480,21504,train
2879,130.mat.txt,130,outer_race,0.007,0,20992,22016,train
2880,130.mat.txt,130,outer_race,0.007,0,21504,22528,train
2881,130.mat.txt,130,outer_race,0.007,0,22016,23040,train
2882,130.mat.txt,130,outer_race,0.007,0,22528,23552,train
2883,130.mat.txt,130,outer_race,0.007,0,23040,24064,train
2884,130.mat.txt,130,outer_race,0.007,0,23552,24576,train
2885,130.mat.txt,130,outer_race,0.007,0,24064,25088,train
2886,130.mat.txt,130,outer_race,0.007,0,24576,25600,train
2887,130.mat.txt,130,outer_race,0.007,0,25088,26112,train
2888,130.mat.txt,130,outer_race,0.007,0,25600,26624,train
2889,130.mat.txt,130,outer_race,0.007,0,26112,27136,train
2890,130.mat.txt,130,outer_race,0.007,0,26624,27648,train
2891,130.mat.txt,130,outer_race,0.007,0,27136,28160,train
2892,130.mat.txt,130,outer_race,0.007,0,27648,28672,train
2893,130.mat.txt,130,outer_race,0.007,0,28160,29184,train
2894,130.mat.txt,130,outer_race,0.007,0,28672,29696,train
2895,130.mat.txt,130,outer_race,0.007,0,29184,30208,train
2896,130.mat.txt,130,outer_race,0.007,0,29696,30720,train
2897,130.mat.txt,130,outer_race,0.007,0,30208,31232,train
2898,130.mat.txt,130,outer_race,0.007,0,30720,31744,train
2899,130.mat.txt,130,outer_race,0.007,0,31232,32256,train
2900,130.mat.txt,130,outer_race,0.007,0,31744,32768,train
2901,130.mat.txt,130,outer_race,0.007,0,32256,33280,train
2902,130.mat.txt,130,outer_race,0.007,0,32768,33792,train
2903,130.mat.txt,130,outer_race,0.007,0,33280,34304,train
2904,130.mat.txt,130,outer_race,0.007,0,33792,34816,train
2905,130.mat.txt,130,outer_race,0.007,0,34304,35328,train
2906,130.mat.txt,130,outer_race,0.007,0,34816,35840,train
2907,130.mat.txt,130,outer_race,0.007,0,35328,36352,train
2908,130.mat.txt,130,outer_race,0.007,0,35840,36864,train
2909,130.mat.txt,130,outer_race,0.007,0,36352,37376,train
2910,130.mat.txt,130,outer_race,0.007,0,36864,37888,train
2911,130.mat.txt,130,outer_race,0.007,0,37376,38400,train
2912,130.mat.txt,130,outer_race,0.007,0,37888,38912,train
2913,130.mat.txt,130,outer_race,0.007,0,38400,39424,train
2914,130.mat.txt,130,outer_race,0.007,0,38912,39936,train
2915,130.mat.txt,130,outer_race,0.007,0,39424,40448,train
2916,130.mat.txt,130,outer_race,0.007,0,39936,40960,train
2917,130.mat.txt,130,outer_race,0.007,0,40448,41472,train
2918,130.mat.txt,130,outer_race,0.007,0,40960,41984,train
2919,130.mat.txt,130,outer_race,0.007,0,41472,42496,train
2920,130.mat.txt,130,outer_race,0.007,0,41984,43008,train
2921,130.mat.txt,130,outer_race,0.007,0,42496,43520,train
2922,130.mat.txt,130,outer_race,0.007,0,43008,44032,train
2923,130.mat.txt,130,outer_race,0.007,0,43520,44544,train
2924,130.mat.txt,130,outer_race,0.007,0,44032,45056,train
2925,130.mat.txt,130,outer_race,0.007,0,44544,45568,train
2926,130.mat.txt,130,outer_race,0.007,0,45056,46080,train
2927,130.mat.txt,130,outer_race,0.007,0,45568,46592,train
2928,130.mat.txt,130,outer_race,0.007,0,46080,47104,train
2929,130.mat.txt,130,outer_race,0.007,0,46592,47616,train
2930,130.mat.txt,130,outer_race,0.007,0,47104,48128,train
2931,130.mat.txt,130,outer_race,0.007,0,47616,48640,train
2932,130.mat.txt,130,outer_race,0.007,0,48128,49152,train
2933,130.mat.txt,130,outer_race,0.007,0,48640,49664,train
2934,130.mat.txt,130,outer_race,0.007,0,49152,50176,train
2935,130.mat.txt,130,outer_race,0.007,0,49664,50688,train
2936,130.mat.txt,130,outer_race,0.007,0,50176,51200,train
2937,130.mat.txt,130,outer_race,0.007,0,50688,51712,train
2938,130.mat.txt,130,outer_race,0.007,0,51200,52224,train
2939,130.mat.txt,130,outer_race,0.007,0,51712,52736,train
2940,130.mat.txt,130,outer_race,0.007,0,52224,53248,train
2941,130.mat.txt,130,outer_race,0.007,0,52736,53760,train
2942,130.mat.txt,130,outer_race,0.007,0,53248,54272,train
2943,130.mat.txt,130,outer_race,0.007,0,53760,54784,train
2944,130.mat.txt,130,outer_race,0.007,0,54272,55296,train
2945,130.mat.txt,130,outer_race,0.007,0,54784,55808,train
2946,130.mat.txt,130,outer_race,0.007,0,55296,56320,train
2947,130.mat.txt,130,outer_race,0.007,0,55808,56832,train
2948,130.mat.txt,130,outer_race,0.007,0,56320,57344,train
2949,130.mat.txt,130,outer_race,0.007,0,56832,57856,train
2950,130.mat.txt,130,outer_race,0.007,0,57344,58368,train
2951,130.mat.txt,130,outer_race,0.007,0,57856,58880,train
2952,130.mat.txt,130,outer_race,0.007,0,58368,59392,train
2953,130.mat.txt,130,outer_race,0.007,0,58880,59904,train
2954,130.mat.txt,130,outer_race,0.007,0,59392,60416,train
2955,130.mat.txt,130,outer_race,0.007,0,59904,60928,train
2956,130.mat.txt,130,outer_race,0.007,0,60416,61440,train
2957,130.mat.txt,130,outer_race,0.007,0,60928,61952,train
2958,130.mat.txt,130,outer_race,0.007,0,61440,62464,train
2959,130.mat.txt,130,outer_race,0.007,0,61952,62976,train
2960,130.mat.txt,130,outer_race,0.007,0,62464,63488,train
2961,130.mat.txt,130,outer_race,0.007,0,62976,64000,train
2962,130.mat.txt,130,outer_race,0.007,0,63488,64512,train
2963,130.mat.txt,130,outer_race,0.007,0,64000,65024,train
2964,130.mat.txt,130,outer_race,0.007,0,64512,65536,train
2965,130.mat.txt,130,outer_race,0.007,0,65024,66048,train
2966,130.mat.txt,130,outer_race,0.007,0,65536,66560,train
2967,130.mat.txt,130,outer_race,0.007,0,66048,67072,train
2968,130.mat.txt,130,outer_race,0.007,0,66560,67584,train
2969,130.mat.txt,130,outer_race,0.007,0,67072,68096,train
2970,130.mat.txt,130,outer_race,0.007,0,67584,68608,train
2971,130.mat.txt,130,outer_race,0.007,0,68096,69120,train
2972,130.mat.txt,130,outer_race,0.007,0,68608,69632,train
2973,130.mat.txt,130,outer_race,0.007,0,69120,70144,train
2974,130.mat.txt,130,outer_race,0.007,0,69632,70656,train
2975,130.mat.txt,130,outer_race,0.007,0,70144,71168,train
2976,130.mat.txt,130,outer_race,0.007,0,70656,71680,train
2977,130.mat.txt,130,outer_race,0.007,0,71168,72192,train
2978,130.mat.txt,130,outer_race,0.007,0,71680,72704,train
2979,130.mat.txt,130,outer_race,0.007,0,72192,73216,train
2980,130.mat.txt,130,outer_race,0.007,0,72704,73728,train
2981,130.mat.txt,130,outer_race,0.007,0,73216,74240,train
2982,130.mat.txt,130,outer_race,0.007,0,73728,74752,train
2983,130.mat.txt,130,outer_race,0.007,0,74240,75264,train
2984,130.mat.txt,130,outer_race,0.007,0,74752,75776,train
2985,130.mat.txt,130,outer_race,0.007,0,75264,76288,train
2986,130.mat.txt,130,outer_race,0.007,0,75776,76800,train
2987,130.mat.txt,130,outer_race,0.007,0,76288,77312,train
2988,130.mat.txt,130,outer_race,0.007,0,76800,77824,train
2989,130.mat.txt,130,outer_race,0.007,0,77312,78336,train
2990,130.mat.txt,130,outer_race,0.007,0,77824,78848,train
2991,130.mat.txt,130,outer_race,0.007,0,78336,79360,train
2992,130.mat.txt,130,outer_race,0.007,0,78848,79872,train
2993,130.mat.txt,130,outer_race,0.007,0,79360,80384,train
2994,130.mat.txt,130,outer_race,0.007,0,79872,80896,train
2995,130.mat.txt,130,outer_race,0.007,0,80384,81408,train
2996,130.mat.txt,130,outer_race,0.007,0,80896,81920,train
2997,130.mat.txt,130,outer_race,0.007,0,81408,82432,train
2998,130.mat.txt,130,outer_race,0.007,0,81920,82944,train
2999,130.mat.txt,130,outer_race,0.007,0,82432,83456,train
3000,130.mat.txt,130,outer_race,0.007,0,82944,83968,train
3001,130.mat.txt,130,outer_race,0.007,0,83456,84480,train
3002,130.mat.txt,130,outer_race,0.007,0,83968,84992,train
3003,130.mat.txt,130,outer_race,0.007,0,84480,85504,train
3004,130.mat.txt,130,outer_race,0.007,0,84992,86016,train
3005,130.mat.txt,130,outer_race,0.007,0,85504,86528,train
3006,130.mat.txt,130,outer_race,0.007,0,86016,87040,train
3007,130.mat.txt,130,outer_race,0.007,0,86528,87552,train
3008,130.mat.txt,130,outer_race,0.007,0,87040,88064,train
3009,130.mat.txt,130,outer_race,0.007,0,87552,88576,train
3010,130.mat.txt,130,outer_race,0.007,0,88064,89088,train
3011,130.mat.txt,130,outer_race,0.007,0,88576,89600,train
3012,130.mat.txt,130,outer_race,0.007,0,89088,90112,train
3013,130.mat.txt,130,outer_race,0.007,0,89600,90624,train
3014,130.mat.txt,130,outer_race,0.007,0,90112,91136,train
3015,130.mat.txt,130,outer_race,0.007,0,90624,91648,train
3016,130.mat.txt,130,outer_race,0.007,0,91136,92160,train
3017,130.mat.txt,130,outer_race,0.007,0,91648,92672,train
3018,130.mat.txt,130,outer_race,0.007,0,92160,93184,train
3019,130.mat.txt,130,outer_race,0.007,0,92672,93696,train
3020,130.mat.txt,130,outer_race,0.007,0,93184,94208,train
3021,130.mat.txt,130,outer_race,0.007,0,93696,94720,train
3022,130.mat.txt,130,outer_race,0.007,0,94208,95232,train
3023,130.mat.txt,130,outer_race,0.007,0,94720,95744,train
3024,130.mat.txt,130,outer_race,0.007,0,95232,96256,train
3025,130.mat.txt,130,outer_race,0.007,0,95744,96768,train
3026,130.mat.txt,130,outer_race,0.007,0,96256,97280,train
3027,130.mat.txt,130,outer_race,0.007,0,96768,97792,train
3028,130.mat.txt,130,outer_race,0.007,0,97280,98304,train
3029,130.mat.txt,130,outer_race,0.007,0,97792,98816,train
3030,130.mat.txt,130,outer_race,0.007,0,98304,99328,train
3031,130.mat.txt,130,outer_race,0.007,0,98816,99840,train
3032,130.mat.txt,130,outer_race,0.007,0,99328,100352,train
3033,130.mat.txt,130,outer_race,0.007,0,99840,100864,train
3034,130.mat.txt,130,outer_race,0.007,0,100352,101376,train
3035,130.mat.txt,130,outer_race,0.007,0,100864,101888,train
3036,130.mat.txt,130,outer_race,0.007,0,101376,102400,train
3037,130.mat.txt,130,outer_race,0.007,0,101888,102912,train
3038,130.mat.txt,130,outer_race,0.007,0,102400,103424,train
3039,130.mat.txt,130,outer_race,0.007,0,102912,103936,train
3040,130.mat.txt,130,outer_race,0.007,0,103424,104448,train
3041,130.mat.txt,130,outer_race,0.007,0,103936,104960,train
3042,130.mat.txt,130,outer_race,0.007,0,104448,105472,train
3043,130.mat.txt,130,outer_race,0.007,0,104960,105984,train
3044,130.mat.txt,130,outer_race,0.007,0,105472,106496,train
3045,130.mat.txt,130,outer_race,0.007,0,105984,107008,train
3046,130.mat.txt,130,outer_race,0.007,0,106496,107520,train
3047,130.mat.txt,130,outer_race,0.007,0,107008,108032,train
3048,130.mat.txt,130,outer_race,0.007,0,107520,108544,train
3049,130.mat.txt,130,outer_race,0.007,0,108032,109056,train
3050,130.mat.txt,130,outer_race,0.007,0,108544,109568,train
3051,130.mat.txt,130,outer_race,0.007,0,109056,110080,train
3052,130.mat.txt,130,outer_race,0.007,0,109568,110592,train
3053,130.mat.txt,130,outer_race,0.007,0,110080,111104,train
3054,130.mat.txt,130,outer_race,0.007,0,110592,111616,train
3055,130.mat.txt,130,outer_race,0.007,0,111104,112128,train
3056,130.mat.txt,130,outer_race,0.007,0,111616,112640,train
3057,130.mat.txt,130,outer_race,0.007,0,112128,113152,train
3058,130.mat.txt,130,outer_race,0.007,0,112640,113664,train
3059,130.mat.txt,130,outer_race,0.007,0,113152,114176,train
3060,130.mat.txt,130,outer_race,0.007,0,113664,114688,train
3061,130.mat.txt,130,outer_race,0.007,0,114176,115200,train
3062,130.mat.txt,130,outer_race,0.007,0,114688,115712,train
3063,130.mat.txt,130,outer_race,0.007,0,115200,116224,train
3064,130.mat.txt,130,outer_race,0.007,0,115712,116736,train
3065,130.mat.txt,130,outer_race,0.007,0,116224,117248,train
3066,130.mat.txt,130,outer_race,0.007,0,116736,117760,train
3067,130.mat.txt,130,outer_race,0.007,0,117248,118272,train
3068,130.mat.txt,130,outer_race,0.007,0,117760,118784,train
3069,130.mat.txt,130,outer_race,0.007,0,118272,119296,train
3070,130.mat.txt,130,outer_race,0.007,0,118784,119808,train
3071,130.mat.txt,130,outer_race,0.007,0,119296,120320,train
3072,130.mat.txt,130,outer_race,0.007,0,119808,120832,train
3073,130.mat.txt,130,outer_race,0.007,0,120320,121344,train
3074,130.mat.txt,130,outer_race,0.007,0,120832,121856,train
3075,131.mat.txt,131,outer_race,0.007,1,0,1024,train
3076,131.mat.txt,131,outer_race,0.007,1,512,1536,train
3077,131.mat.txt,131,outer_race,0.007,1,1024,2048,train
3078,131.mat.txt,131,outer_race,0.007,1,1536,2560,train
3079,131.mat.txt,131,outer_race,0.007,1,2048,3072,train
3080,131.mat.txt,131,outer_race,0.007,1,2560,3584,train
3081,131.mat.txt,131,outer_race,0.007,1,3072,4096,train
3082,131.mat.txt,131,outer_race,0.007,1,3584,4608,train
3083,131.mat.txt,131,outer_race,0.007,1,4096,5120,train
3084,131.mat.txt,131,outer_race,0.007,1,4608,5632,train
3085,131.mat.txt,131,outer_race,0.007,1,5120,6144,train
3086,131.mat.txt,131,outer_race,0.007,1,5632,6656,train
3087,131.mat.txt,131,outer_race,0.007,1,6144,7168,train
3088,131.mat.txt,131,outer_race,0.007,1,6656,7680,train
3089,131.mat.txt,131,outer_race,0.007,1,7168,8192,train
3090,131.mat.txt,131,outer_race,0.007,1,7680,8704,train
3091,131.mat.txt,131,outer_race,0.007,1,8192,9216,train
3092,131.mat.txt,131,outer_race,0.007,1,8704,9728,train
3093,131.mat.txt,131,outer_race,0.007,1,9216,10240,train
3094,131.mat.txt,131,outer_race,0.007,1,9728,10752,train
3095,131.mat.txt,131,outer_race,0.007,1,10240,11264,train
3096,131.mat.txt,131,outer_race,0.007,1,10752,11776,train
3097,131.mat.txt,131,outer_race,0.007,1,11264,12288,train
3098,131.mat.txt,131,outer_race,0.007,1,11776,12800,train
3099,131.mat.txt,131,outer_race,0.007,1,12288,13312,train
3100,131.mat.txt,131,outer_race,0.007,1,12800,13824,train
3101,131.mat.txt,131,outer_race,0.007,1,13312,14336,train
3102,131.mat.txt,131,outer_race,0.007,1,13824,14848,train
3103,131.mat.txt,131,outer_race,0.007,1,14336,15360,train
3104,131.mat.txt,131,outer_race,0.007,1,14848,15872,train
3105,131.mat.txt,131,outer_race,0.007,1,15360,16384,train
3106,131.mat.txt,131,outer_race,0.007,1,15872,16896,train
3107,131.mat.txt,131,outer_race,0.007,1,16384,17408,train
3108,131.mat.txt,131,outer_race,0.007,1,16896,17920,train
3109,131.mat.txt,131,outer_race,0.007,1,17408,18432,train
3110,131.mat.txt,131,outer_race,0.007,1,17920,18944,train
3111,131.mat.txt,131,outer_race,0.007,1,18432,19456,train
3112,131.mat.txt,131,outer_race,0.007,1,18944,19968,train
3113,131.mat.txt,131,outer_race,0.007,1,19456,20480,train
3114,131.mat.txt,131,outer_race,0.007,1,19968,20992,train
3115,131.mat.txt,131,outer_race,0.007,1,20480,21504,train
3116,131.mat.txt,131,outer_race,0.007,1,20992,22016,train
3117,131.mat.txt,131,outer_race,0.007,1,21504,22528,train
3118,131.mat.txt,131,outer_race,0.007,1,22016,23040,train
3119,131.mat.txt,131,outer_race,0.007,1,22528,23552,train
3120,131.mat.txt,131,outer_race,0.007,1,23040,24064,train
3121,131.mat.txt,131,outer_race,0.007,1,23552,24576,train
3122,131.mat.txt,131,outer_race,0.007,1,24064,25088,train
3123,131.mat.txt,131,outer_race,0.007,1,24576,25600,train
3124,131.mat.txt,131,outer_race,0.007,1,25088,26112,train
3125,131.mat.txt,131,outer_race,0.007,1,25600,26624,train
3126,131.mat.txt,131,outer_race,0.007,1,26112,27136,train
3127,131.mat.txt,131,outer_race,0.007,1,26624,27648,train
3128,131.mat.txt,131,outer_race,0.007,1,27136,28160,train
3129,131.mat.txt,131,outer_race,0.007,1,27648,28672,train
3130,131.mat.txt,131,outer_race,0.007,1,28160,29184,train
3131,131.mat.txt,131,outer_race,0.007,1,28672,29696,train
3132,131.mat.txt,131,outer_race,0.007,1,29184,30208,train
3133,131.mat.txt,131,outer_race,0.007,1,29696,30720,train
3134,131.mat.txt,131,outer_race,0.007,1,30208,31232,train
3135,131.mat.txt,131,outer_race,0.007,1,30720,31744,train
3136,131.mat.txt,131,outer_race,0.007,1,31232,32256,train
3137,131.mat.txt,131,outer_race,0.007,1,31744,32768,train
3138,131.mat.txt,131,outer_race,0.007,1,32256,33280,train
3139,131.mat.txt,131,outer_race,0.007,1,32768,33792,train
3140,131.mat.txt,131,outer_race,0.007,1,33280,34304,train
3141,131.mat.txt,131,outer_race,0.007,1,33792,34816,train
3142,131.mat.txt,131,outer_race,0.007,1,34304,35328,train
3143,131.mat.txt,131,outer_race,0.007,1,34816,35840,train
3144,131.mat.txt,131,outer_race,0.007,1,35328,36352,train
3145,131.mat.txt,131,outer_race,0.007,1,35840,36864,train
3146,131.mat.txt,131,outer_race,0.007,1,36352,37376,train
3147,131.mat.txt,131,outer_race,0.007,1,36864,37888,train
3148,131.mat.txt,131,outer_race,0.007,1,37376,38400,train
3149,131.mat.txt,131,outer_race,0.007,1,37888,38912,train
3150,131.mat.txt,131,outer_race,0.007,1,38400,39424,train
3151,131.mat.txt,131,outer_race,0.007,1,38912,39936,train
3152,131.mat.txt,131,outer_race,0.007,1,39424,40448,train
3153,131.mat.txt,131,outer_race,0.007,1,39936,40960,train
3154,131.mat.txt,131,outer_race,0.007,1,40448,41472,train
3155,131.mat.txt,131,outer_race,0.007,1,40960,41984,train
3156,131.mat.txt,131,outer_race,0.007,1,41472,42496,train
3157,131.mat.txt,131,outer_race,0.007,1,41984,43008,train
3158,131.mat.txt,131,outer_race,0.007,1,42496,43520,train
3159,131.mat.txt,131,outer_race,0.007,1,43008,44032,train
3160,131.mat.txt,131,outer_race,0.007,1,43520,44544,train
3161,131.mat.txt,131,outer_race,0.007,1,44032,45056,train
3162,131.mat.txt,131,outer_race,0.007,1,44544,45568,train
3163,131.mat.txt,131,outer_race,0.007,1,45056,46080,train
3164,131.mat.txt,131,outer_race,0.007,1,45568,46592,train
3165,131.mat.txt,131,outer_race,0.007,1,46080,47104,train
3166,131.mat.txt,131,outer_race,0.007,1,46592,47616,train
3167,131.mat.txt,131,outer_race,0.007,1,47104,48128,train
3168,131.mat.txt,131,outer_race,0.007,1,47616,48640,train
3169,131.mat.txt,131,outer_race,0.007,1,48128,49152,train
3170,131.mat.txt,131,outer_race,0.007,1,48640,49664,train
3171,131.mat.txt,131,outer_race,0.007,1,49152,50176,train
3172,131.mat.txt,131,outer_race,0.007,1,49664,50688,train
3173,131.mat.txt,131,outer_race,0.007,1,50176,51200,train
3174,131.mat.txt,131,outer_race,0.007,1,50688,51712,train
3175,131.mat.txt,131,outer_race,0.007,1,51200,52224,train
3176,131.mat.txt,131,outer_race,0.007,1,51712,52736,train
3177,131.mat.txt,131,outer_race,0.007,1,52224,53248,train
3178,131.mat.txt,131,outer_race,0.007,1,52736,53760,train
3179,131.mat.txt,131,outer_race,0.007,1,53248,54272,train
3180,131.mat.txt,131,outer_race,0.007,1,53760,54784,train
3181,131.mat.txt,131,outer_race,0.007,1,54272,55296,train
3182,131.mat.txt,131,outer_race,0.007,1,54784,55808,train
3183,131.mat.txt,131,outer_race,0.007,1,55296,56320,train
3184,131.mat.txt,131,outer_race,0.007,1,55808,56832,train
3185,131.mat.txt,131,outer_race,0.007,1,56320,57344,train
3186,131.mat.txt,131,outer_race,0.007,1,56832,57856,train
3187,131.mat.txt,131,outer_race,0.007,1,57344,58368,train
3188,131.mat.txt,131,outer_race,0.007,1,57856,58880,train
3189,131.mat.txt,131,outer_race,0.007,1,58368,59392,train
3190,131.mat.txt,131,outer_race,0.007,1,58880,59904,train
3191,131.mat.txt,131,outer_race,0.007,1,59392,60416,train
3192,131.mat.txt,131,outer_race,0.007,1,59904,60928,train
3193,131.mat.txt,131,outer_race,0.007,1,60416,61440,train
3194,131.mat.txt,131,outer_race,0.007,1,60928,61952,train
3195,131.mat.txt,131,outer_race,0.007,1,61440,62464,train
3196,131.mat.txt,131,outer_race,0.007,1,61952,62976,train
3197,131.mat.txt,131,outer_race,0.007,1,62464,63488,train
3198,131.mat.txt,131,outer_race,0.007,1,62976,64000,train
3199,131.mat.txt,131,outer_race,0.007,1,63488,64512,train
3200,131.mat.txt,131,outer_race,0.007,1,64000,65024,train
3201,131.mat.txt,131,outer_race,0.007,1,64512,65536,train
3202,131.mat.txt,131,outer_race,0.007,1,65024,66048,train
3203,131.mat.txt,131,outer_race,0.007,1,65536,66560,train
3204,131.mat.txt,131,outer_race,0.007,1,66048,67072,train
3205,131.mat.txt,131,outer_race,0.007,1,66560,67584,train
3206,131.mat.txt,131,outer_race,0.007,1,67072,68096,train
3207,131.mat.txt,131,outer_race,0.007,1,67584,68608,train
3208,131.mat.txt,131,outer_race,0.007,1,68096,69120,train
3209,131.mat.txt,131,outer_race,0.007,1,68608,69632,train
3210,131.mat.txt,131,outer_race,0.007,1,69120,70144,train
3211,131.mat.txt,131,outer_race,0.007,1,69632,70656,train
3212,131.mat.txt,131,outer_race,0.007,1,70144,71168,train
3213,131.mat.txt,131,outer_race,0.007,1,70656,71680,train
3214,131.mat.txt,131,outer_race,0.007,1,71168,72192,train
3215,131.mat.txt,131,outer_race,0.007,1,71680,72704,train
3216,131.mat.txt,131,outer_race,0.007,1,72192,73216,train
3217,131.mat.txt,131,outer_race,0.007,1,72704,73728,train
3218,131.mat.txt,131,outer_race,0.007,1,73216,74240,train
3219,131.mat.txt,131,outer_race,0.007,1,73728,74752,train
3220,131.mat.txt,131,outer_race,0.007,1,74240,75264,train
3221,131.mat.txt,131,outer_race,0.007,1,74752,75776,train
3222,131.mat.txt,131,outer_race,0.007,1,75264,76288,train
3223,131.mat.txt,131,outer_race,0.007,1,75776,76800,train
3224,131.mat.txt,131,outer_race,0.007,1,76288,77312,train
3225,131.mat.txt,131,outer_race,0.007,1,76800,77824,train
3226,131.mat.txt,131,outer_race,0.007,1,77312,78336,train
3227,131.mat.txt,131,outer_race,0.007,1,77824,78848,train
3228,131.mat.txt,131,outer_race,0.007,1,78336,79360,train
3229,131.mat.txt,131,outer_race,0.007,1,78848,79872,train
3230,131.mat.txt,131,outer_race,0.007,1,79360,80384,train
3231,131.mat.txt,131,outer_race,0.007,1,79872,80896,train
3232,131.mat.txt,131,outer_race,0.007,1,80384,81408,train
3233,131.mat.txt,131,outer_race,0.007,1,80896,81920,train
3234,131.mat.txt,131,outer_race,0.007,1,81408,82432,train
3235,131.mat.txt,131,outer_race,0.007,1,81920,82944,train
3236,131.mat.txt,131,outer_race,0.007,1,82432,83456,train
3237,131.mat.txt,131,outer_race,0.007,1,82944,83968,train
3238,131.mat.txt,131,outer_race,0.007,1,83456,84480,train
3239,131.mat.txt,131,outer_race,0.007,1,83968,84992,train
3240,131.mat.txt,131,outer_race,0.007,1,84480,85504,train
3241,131.mat.txt,131,outer_race,0.007,1,84992,86016,train
3242,131.mat.txt,131,outer_race,0.007,1,85504,86528,train
3243,131.mat.txt,131,outer_race,0.007,1,86016,87040,train
3244,131.mat.txt,131,outer_race,0.007,1,86528,87552,train
3245,131.mat.txt,131,outer_race,0.007,1,87040,88064,train
3246,131.mat.txt,131,outer_race,0.007,1,87552,88576,train
3247,131.mat.txt,131,outer_race,0.007,1,88064,89088,train
3248,131.mat.txt,131,outer_race,0.007,1,88576,89600,train
3249,131.mat.txt,131,outer_race,0.007,1,89088,90112,train
3250,131.mat.txt,131,outer_race,0.007,1,89600,90624,train
3251,131.mat.txt,131,outer_race,0.007,1,90112,91136,train
3252,131.mat.txt,131,outer_race,0.007,1,90624,91648,train
3253,131.mat.txt,131,outer_race,0.007,1,91136,92160,train
3254,131.mat.txt,131,outer_race,0.007,1,91648,92672,train
3255,131.mat.txt,131,outer_race,0.007,1,92160,93184,train
3256,131.mat.txt,131,outer_race,0.007,1,92672,93696,train
3257,131.mat.txt,131,outer_race,0.007,1,93184,94208,train
3258,131.mat.txt,131,outer_race,0.007,1,93696,94720,train
3259,131.mat.txt,131,outer_race,0.007,1,94208,95232,train
3260,131.mat.txt,131,outer_race,0.007,1,94720,95744,train
3261,131.mat.txt,131,outer_race,0.007,1,95232,96256,train
3262,131.mat.txt,131,outer_race,0.007,1,95744,96768,train
3263,131.mat.txt,131,outer_race,0.007,1,96256,97280,train
3264,131.mat.txt,131,outer_race,0.007,1,96768,97792,train
3265,131.mat.txt,131,outer_race,0.007,1,97280,98304,train
3266,131.mat.txt,131,outer_race,0.007,1,97792,98816,train
3267,131.mat.txt,131,outer_race,0.007,1,98304,99328,train
3268,131.mat.txt,131,outer_race,0.007,1,98816,99840,train
3269,131.mat.txt,131,outer_race,0.007,1,99328,100352,train
3270,131.mat.txt,131,outer_race,0.007,1,99840,100864,train
3271,131.mat.txt,131,outer_race,0.007,1,100352,101376,train
3272,131.mat.txt,131,outer_race,0.007,1,100864,101888,train
3273,131.mat.txt,131,outer_race,0.007,1,101376,102400,train
3274,131.mat.txt,131,outer_race,0.007,1,101888,102912,train
3275,131.mat.txt,131,outer_race,0.007,1,102400,103424,train
3276,131.mat.txt,131,outer_race,0.007,1,102912,103936,train
3277,131.mat.txt,131,outer_race,0.007,1,103424,104448,train
3278,131.mat.txt,131,outer_race,0.007,1,103936,104960,train
3279,131.mat.txt,131,outer_race,0.007,1,104448,105472,train
3280,131.mat.txt,131,outer_race,0.007,1,104960,105984,train
3281,131.mat.txt,131,outer_race,0.007,1,105472,106496,train
3282,131.mat.txt,131,outer_race,0.007,1,105984,107008,train
3283,131.mat.txt,131,outer_race,0.007,1,106496,107520,train
3284,131.mat.txt,131,outer_race,0.007,1,107008,108032,train
3285,131.mat.txt,131,outer_race,0.007,1,107520,108544,train
3286,131.mat.txt,131,outer_race,0.007,1,108032,109056,train
3287,131.mat.txt,131,outer_race,0.007,1,108544,109568,train
3288,131.mat.txt,131,outer_race,0.007,1,109056,110080,train
3289,131.mat.txt,131,outer_race,0.007,1,109568,110592,train
3290,131.mat.txt,131,outer_race,0.007,1,110080,111104,train
3291,131.mat.txt,131,outer_race,0.007,1,110592,111616,train
3292,131.mat.txt,131,outer_race,0.007,1,111104,112128,train
3293,131.mat.txt,131,outer_race,0.007,1,111616,112640,train
3294,131.mat.txt,131,outer_race,0.007,1,112128,113152,train
3295,131.mat.txt,131,outer_race,0.007,1,112640,113664,train
3296,131.mat.txt,131,outer_race,0.007,1,113152,114176,train
3297,131.mat.txt,131,outer_race,0.007,1,113664,114688,train
3298,131.mat.txt,131,outer_race,0.007,1,114176,115200,train
3299,131.mat.txt,131,outer_race,0.007,1,114688,115712,train
3300,131.mat.txt,131,outer_race,0.007,1,115200,116224,train
3301,131.mat.txt,131,outer_race,0.007,1,115712,116736,train
3302,131.mat.txt,131,outer_race,0.007,1,116224,117248,train
3303,131.mat.txt,131,outer_race,0.007,1,116736,117760,train
3304,131.mat.txt,131,outer_race,0.007,1,117248,118272,train
3305,131.mat.txt,131,outer_race,0.007,1,117760,118784,train
3306,131.mat.txt,131,outer_race,0.007,1,118272,119296,train
3307,131.mat.txt,131,outer_race,0.007,1,118784,119808,train
3308,131.mat.txt,131,outer_race,0.007,1,119296,120320,train
3309,131.mat.txt,131,outer_race,0.007,1,119808,120832,train
3310,131.mat.txt,131,outer_race,0.007,1,120320,121344,train
3311,131.mat.txt,131,outer_race,0.007,1,120832,121856,train
3312,131.mat.txt,131,outer_race,0.007,1,121344,122368,train
3313,132.mat.txt,132,outer_race,0.007,2,0,1024,train
3314,132.mat.txt,132,outer_race,0.007,2,512,1536,train
3315,132.mat.txt,132,outer_race,0.007,2,1024,2048,train
3316,132.mat.txt,132,outer_race,0.007,2,1536,2560,train
3317,132.mat.txt,132,outer_race,0.007,2,2048,3072,train
3318,132.mat.txt,132,outer_race,0.007,2,2560,3584,train
3319,132.mat.txt,132,outer_race,0.007,2,3072,4096,train
3320,132.mat.txt,132,outer_race,0.007,2,3584,4608,train
3321,132.mat.txt,132,outer_race,0.007,2,4096,5120,train
3322,132.mat.txt,132,outer_race,0.007,2,4608,5632,train
3323,132.mat.txt,132,outer_race,0.007,2,5120,6144,train
3324,132.mat.txt,132,outer_race,0.007,2,5632,6656,train
3325,132.mat.txt,132,outer_race,0.007,2,6144,7168,train
3326,132.mat.txt,132,outer_race,0.007,2,6656,7680,train
3327,132.mat.txt,132,outer_race,0.007,2,7168,8192,train
3328,132.mat.txt,132,outer_race,0.007,2,7680,8704,train
3329,132.mat.txt,132,outer_race,0.007,2,8192,9216,train
3330,132.mat.txt,132,outer_race,0.007,2,8704,9728,train
3331,132.mat.txt,132,outer_race,0.007,2,9216,10240,train
3332,132.mat.txt,132,outer_race,0.007,2,9728,10752,train
3333,132.mat.txt,132,outer_race,0.007,2,10240,11264,train
3334,132.mat.txt,132,outer_race,0.007,2,10752,11776,train
3335,132.mat.txt,132,outer_race,0.007,2,11264,12288,train
3336,132.mat.txt,132,outer_race,0.007,2,11776,12800,train
3337,132.mat.txt,132,outer_race,0.007,2,12288,13312,train
3338,132.mat.txt,132,outer_race,0.007,2,12800,13824,train
3339,132.mat.txt,132,outer_race,0.007,2,13312,14336,train
3340,132.mat.txt,132,outer_race,0.007,2,13824,14848,train
3341,132.mat.txt,132,outer_race,0.007,2,14336,15360,train
3342,132.mat.txt,132,outer_race,0.007,2,14848,15872,train
3343,132.mat.txt,132,outer_race,0.007,2,15360,16384,train
3344,132.mat.txt,132,outer_race,0.007,2,15872,16896,train
3345,132.mat.txt,132,outer_race,0.007,2,16384,17408,train
3346,132.mat.txt,132,outer_race,0.007,2,16896,17920,train
3347,132.mat.txt,132,outer_race,0.007,2,17408,18432,train
3348,132.mat.txt,132,outer_race,0.007,2,17920,18944,train
3349,132.mat.txt,132,outer_race,0.007,2,18432,19456,train
3350,132.mat.txt,132,outer_race,0.007,2,18944,19968,train
3351,132.mat.txt,132,outer_race,0.007,2,19456,20480,train
3352,132.mat.txt,132,outer_race,0.007,2,19968,20992,train
3353,132.mat.txt,132,outer_race,0.007,2,20480,21504,train
3354,132.mat.txt,132,outer_race,0.007,2,20992,22016,train
3355,132.mat.txt,132,outer_race,0.007,2,21504,22528,train
3356,132.mat.txt,132,outer_race,0.007,2,22016,23040,train
3357,132.mat.txt,132,outer_race,0.007,2,22528,23552,train
3358,132.mat.txt,132,outer_race,0.007,2,23040,24064,train
3359,132.mat.txt,132,outer_race,0.007,2,23552,24576,train
3360,132.mat.txt,132,outer_race,0.007,2,24064,25088,train
3361,132.mat.txt,132,outer_race,0.007,2,24576,25600,train
3362,132.mat.txt,132,outer_race,0.007,2,25088,26112,train
3363,132.mat.txt,132,outer_race,0.007,2,25600,26624,train
3364,132.mat.txt,132,outer_race,0.007,2,26112,27136,train
3365,132.mat.txt,132,outer_race,0.007,2,26624,27648,train
3366,132.mat.txt,132,outer_race,0.007,2,27136,28160,train
3367,132.mat.txt,132,outer_race,0.007,2,27648,28672,train
3368,132.mat.txt,132,outer_race,0.007,2,28160,29184,train
3369,132.mat.txt,132,outer_race,0.007,2,28672,29696,train
3370,132.mat.txt,132,outer_race,0.007,2,29184,30208,train
3371,132.mat.txt,132,outer_race,0.007,2,29696,30720,train
3372,132.mat.txt,132,outer_race,0.007,2,30208,31232,train
3373,132.mat.txt,132,outer_race,0.007,2,30720,31744,train
3374,132.mat.txt,132,outer_race,0.007,2,31232,32256,train
3375,132.mat.txt,132,outer_race,0.007,2,31744,32768,train
3376,132.mat.txt,132,outer_race,0.007,2,32256,33280,train
3377,132.mat.txt,132,outer_race,0.007,2,32768,33792,train
3378,132.mat.txt,132,outer_race,0.007,2,33280,34304,train
3379,132.mat.txt,132,outer_race,0.007,2,33792,34816,train
3380,132.mat.txt,132,outer_race,0.007,2,34304,35328,train
3381,132.mat.txt,132,outer_race,0.007,2,34816,35840,train
3382,132.mat.txt,132,outer_race,0.007,2,35328,36352,train
3383,132.mat.txt,132,outer_race,0.007,2,35840,36864,train
3384,132.mat.txt,132,outer_race,0.007,2,36352,37376,train
3385,132.mat.txt,132,outer_race,0.007,2,36864,37888,train
3386,132.mat.txt,132,outer_race,0.007,2,37376,38400,train
3387,132.mat.txt,132,outer_race,0.007,2,37888,38912,train
3388,132.mat.txt,132,outer_race,0.007,2,38400,39424,train
3389,132.mat.txt,132,outer_race,0.007,2,38912,39936,train
3390,132.mat.txt,132,outer_race,0.007,2,39424,40448,train
3391,132.mat.txt,132,outer_race,0.007,2,39936,40960,train
3392,132.mat.txt,132,outer_race,0.007,2,40448,41472,train
3393,132.mat.txt,132,outer_race,0.007,2,40960,41984,train
3394,132.mat.txt,132,outer_race,0.007,2,41472,42496,train
3395,132.mat.txt,132,outer_race,0.007,2,41984,43008,train
3396,132.mat.txt,132,outer_race,0.007,2,42496,43520,train
3397,132.mat.txt,132,outer_race,0.007,2,43008,44032,train
3398,132.mat.txt,132,outer_race,0.007,2,43520,44544,train
3399,132.mat.txt,132,outer_race,0.007,2,44032,45056,train
3400,132.mat.txt,132,outer_race,0.007,2,44544,45568,train
3401,132.mat.txt,132,outer_race,0.007,2,45056,46080,train
3402,132.mat.txt,132,outer_race,0.007,2,45568,46592,train
3403,132.mat.txt,132,outer_race,0.007,2,46080,47104,train
3404,132.mat.txt,132,outer_race,0.007,2,46592,47616,train
3405,132.mat.txt,132,outer_race,0.007,2,47104,48128,train
3406,132.mat.txt,132,outer_race,0.007,2,47616,48640,train
3407,132.mat.txt,132,outer_race,0.007,2,48128,49152,train
3408,132.mat.txt,132,outer_race,0.007,2,48640,49664,train
3409,132.mat.txt,132,outer_race,0.007,2,49152,50176,train
3410,132.mat.txt,132,outer_race,0.007,2,49664,50688,train
3411,132.mat.txt,132,outer_race,0.007,2,50176,51200,train
3412,132.mat.txt,132,outer_race,0.007,2,50688,51712,train
3413,132.mat.txt,132,outer_race,0.007,2,51200,52224,train
3414,132.mat.txt,132,outer_race,0.007,2,51712,52736,train
3415,132.mat.txt,132,outer_race,0.007,2,52224,53248,train
3416,132.mat.txt,132,outer_race,0.007,2,52736,53760,train
3417,132.mat.txt,132,outer_race,0.007,2,53248,54272,train
3418,132.mat.txt,132,outer_race,0.007,2,53760,54784,train
3419,132.mat.txt,132,outer_race,0.007,2,54272,55296,train
3420,132.mat.txt,132,outer_race,0.007,2,54784,55808,train
3421,132.mat.txt,132,outer_race,0.007,2,55296,56320,train
3422,132.mat.txt,132,outer_race,0.007,2,55808,56832,train
3423,132.mat.txt,132,outer_race,0.007,2,56320,57344,train
3424,132.mat.txt,132,outer_race,0.007,2,56832,57856,train
3425,132.mat.txt,132,outer_race,0.007,2,57344,58368,train
3426,132.mat.txt,132,outer_race,0.007,2,57856,58880,train
3427,132.mat.txt,132,outer_race,0.007,2,58368,59392,train
3428,132.mat.txt,132,outer_race,0.007,2,58880,59904,train
3429,132.mat.txt,132,outer_race,0.007,2,59392,60416,train
3430,132.mat.txt,132,outer_race,0.007,2,59904,60928,train
3431,132.mat.txt,132,outer_race,0.007,2,60416,61440,train
3432,132.mat.txt,132,outer_race,0.007,2,60928,61952,train
3433,132.mat.txt,132,outer_race,0.007,2,61440,62464,train
3434,132.mat.txt,132,outer_race,0.007,2,61952,62976,train
3435,132.mat.txt,132,outer_race,0.007,2,62464,63488,train
3436,132.mat.txt,132,outer_race,0.007,2,62976,64000,train
3437,132.mat.txt,132,outer_race,0.007,2,63488,64512,train
3438,132.mat.txt,132,outer_race,0.007,2,64000,65024,train
3439,132.mat.txt,132,outer_race,0.007,2,64512,65536,train
3440,132.mat.txt,132,outer_race,0.007,2,65024,66048,train
3441,132.mat.txt,132,outer_race,0.007,2,65536,66560,train
3442,132.mat.txt,132,outer_race,0.007,2,66048,67072,train
3443,132.mat.txt,132,outer_race,0.007,2,66560,67584,train
3444,132.mat.txt,132,outer_race,0.007,2,67072,68096,train
3445,132.mat.txt,132,outer_race,0.007,2,67584,68608,train
3446,132.mat.txt,132,outer_race,0.007,2,68096,69120,train
3447,132.mat.txt,132,outer_race,0.007,2,68608,69632,train
3448,132.mat.txt,132,outer_race,0.007,2,69120,70144,train
3449,132.mat.txt,132,outer_race,0.007,2,69632,70656,train
3450,132.mat.txt,132,outer_race,0.007,2,70144,71168,train
3451,132.mat.txt,132,outer_race,0.007,2,70656,71680,train
3452,132.mat.txt,132,outer_race,0.007,2,71168,72192,train
3453,132.mat.txt,132,outer_race,0.007,2,71680,72704,train
3454,132.mat.txt,132,outer_race,0.007,2,72192,73216,train
3455,132.mat.txt,132,outer_race,0.007,2,72704,73728,train
3456,132.mat.txt,132,outer_race,0.007,2,73216,74240,train
3457,132.mat.txt,132,outer_race,0.007,2,73728,74752,train
3458,132.mat.txt,132,outer_race,0.007,2,74240,75264,train
3459,132.mat.txt,132,outer_race,0.007,2,74752,75776,train
3460,132.mat.txt,132,outer_race,0.007,2,75264,76288,train
3461,132.mat.txt,132,outer_race,0.007,2,75776,76800,train
3462,132.mat.txt,132,outer_race,0.007,2,76288,77312,train
3463,132.mat.txt,132,outer_race,0.007,2,76800,77824,train
3464,132.mat.txt,132,outer_race,0.007,2,77312,78336,train
3465,132.mat.txt,132,outer_race,0.007,2,77824,78848,train
3466,132.mat.txt,132,outer_race,0.007,2,78336,79360,train
3467,132.mat.txt,132,outer_race,0.007,2,78848,79872,train
3468,132.mat.txt,132,outer_race,0.007,2,79360,80384,train
3469,132.mat.txt,132,outer_race,0.007,2,79872,80896,train
3470,132.mat.txt,132,outer_race,0.007,2,80384,81408,train
3471,132.mat.txt,132,outer_race,0.007,2,80896,81920,train
3472,132.mat.txt,132,outer_race,0.007,2,81408,82432,train
3473,132.mat.txt,132,outer_race,0.007,2,81920,82944,train
3474,132.mat.txt,132,outer_race,0.007,2,82432,83456,train
3475,132.mat.txt,132,outer_race,0.007,2,82944,83968,train
3476,132.mat.txt,132,outer_race,0.007,2,83456,84480,train
3477,132.mat.txt,132,outer_race,0.007,2,83968,84992,train
3478,132.mat.txt,132,outer_race,0.007,2,84480,85504,train
3479,132.mat.txt,132,outer_race,0.007,2,84992,86016,train
3480,132.mat.txt,132,outer_race,0.007,2,85504,86528,train
3481,132.mat.txt,132,outer_race,0.007,2,86016,87040,train
3482,132.mat.txt,132,outer_race,0.007,2,86528,87552,train
3483,132.mat.txt,132,outer_race,0.007,2,87040,88064,train
3484,132.mat.txt,132,outer_race,0.007,2,87552,88576,train
3485,132.mat.txt,132,outer_race,0.007,2,88064,89088,train
3486,132.mat.txt,132,outer_race,0.007,2,88576,89600,train
3487,132.mat.txt,132,outer_race,0.007,2,89088,90112,train
3488,132.mat.txt,132,outer_race,0.007,2,89600,90624,train
3489,132.mat.txt,132,outer_race,0.007,2,90112,91136,train
3490,132.mat.txt,132,outer_race,0.007,2,90624,91648,train
3491,132.mat.txt,132,outer_race,0.007,2,91136,92160,train
3492,132.mat.txt,132,outer_race,0.007,2,91648,92672,train
3493,132.mat.txt,132,outer_race,0.007,2,92160,93184,train
3494,132.mat.txt,132,outer_race,0.007,2,92672,93696,train
3495,132.mat.txt,132,outer_race,0.007,2,93184,94208,train
3496,132.mat.txt,132,outer_race,0.007,2,93696,94720,train
3497,132.mat.txt,132,outer_race,0.007,2,94208,95232,train
3498,132.mat.txt,132,outer_race,0.007,2,94720,95744,train
3499,132.mat.txt,132,outer_race,0.007,2,95232,96256,train
3500,132.mat.txt,132,outer_race,0.007,2,95744,96768,train
3501,132.mat.txt,132,outer_race,0.007,2,96256,97280,train
3502,132.mat.txt,132,outer_race,0.007,2,96768,97792,train
3503,132.mat.txt,132,outer_race,0.007,2,97280,98304,train
3504,132.mat.txt,132,outer_race,0.007,2,97792,98816,train
3505,132.mat.txt,132,outer_race,0.007,2,98304,99328,train
3506,132.mat.txt,132,outer_race,0.007,2,98816,99840,train
3507,132.mat.txt,132,outer_race,0.007,2,99328,100352,train
3508,132.mat.txt,132,outer_race,0.007,2,99840,100864,train
3509,132.mat.txt,132,outer_race,0.007,2,100352,101376,train
3510,132.mat.txt,132,outer_race,0.007,2,100864,101888,train
3511,132.mat.txt,132,outer_race,0.007,2,101376,102400,train
3512,132.mat.txt,132,outer_race,0.007,2,101888,102912,train
3513,132.mat.txt,132,outer_race,0.007,2,102400,103424,train
3514,132.mat.txt,132,outer_race,0.007,2,102912,103936,train
3515,132.mat.txt,132,outer_race,0.007,2,103424,104448,train
3516,132.mat.txt,132,outer_race,0.007,2,103936,104960,train
3517,132.mat.txt,132,outer_race,0.007,2,104448,105472,train
3518,132.mat.txt,132,outer_race,0.007,2,104960,105984,train
3519,132.mat.txt,132,outer_race,0.007,2,105472,106496,train
3520,132.mat.txt,132,outer_race,0.007,2,105984,107008,train
3521,132.mat.txt,132,outer_race,0.007,2,106496,107520,train
3522,132.mat.txt,132,outer_race,0.007,2,107008,108032,train
3523,132.mat.txt,132,outer_race,0.007,2,107520,108544,train
3524,132.mat.txt,132,outer_race,0.007,2,108032,109056,train
3525,132.mat.txt,132,outer_race,0.007,2,108544,109568,train
3526,132.mat.txt,132,outer_race,0.007,2,109056,110080,train
3527,132.mat.txt,132,outer_race,0.007,2,109568,110592,train
3528,132.mat.txt,132,outer_race,0.007,2,110080,111104,train
3529,132.mat.txt,132,outer_race,0.007,2,110592,111616,train
3530,132.mat.txt,132,outer_race,0.007,2,111104,112128,train
3531,132.mat.txt,132,outer_race,0.007,2,111616,112640,train
3532,132.mat.txt,132,outer_race,0.007,2,112128,113152,train
3533,132.mat.txt,132,outer_race,0.007,2,112640,113664,train
3534,132.mat.txt,132,outer_race,0.007,2,113152,114176,train
3535,132.mat.txt,132,outer_race,0.007,2,113664,114688,train
3536,132.mat.txt,132,outer_race,0.007,2,114176,115200,train
3537,132.mat.txt,132,outer_race,0.007,2,114688,115712,train
3538,132.mat.txt,132,outer_race,0.007,2,115200,116224,train
3539,132.mat.txt,132,outer_race,0.007,2,115712,116736,train
3540,132.mat.txt,132,outer_race,0.007,2,116224,117248,train
3541,132.mat.txt,132,outer_race,0.007,2,116736,117760,train
3542,132.mat.txt,132,outer_race,0.007,2,117248,118272,train
3543,132.mat.txt,132,outer_race,0.007,2,117760,118784,train
3544,132.mat.txt,132,outer_race,0.007,2,118272,119296,train
3545,132.mat.txt,132,outer_race,0.007,2,118784,119808,train
3546,132.mat.txt,132,outer_race,0.007,2,119296,120320,train
3547,132.mat.txt,132,outer_race,0.007,2,119808,120832,train
3548,132.mat.txt,132,outer_race,0.007,2,120320,121344,train
3549,133.mat.txt,133,outer_race,0.007,3,0,1024,test
3550,133.mat.txt,133,outer_race,0.007,3,512,1536,test
3551,133.mat.txt,133,outer_race,0.007,3,1024,2048,test
3552,133.mat.txt,133,outer_race,0.007,3,1536,2560,test
3553,133.mat.txt,133,outer_race,0.007,3,2048,3072,test
3554,133.mat.txt,133,outer_race,0.007,3,2560,3584,test
3555,133.mat.txt,133,outer_race,0.007,3,3072,4096,test
3556,133.mat.txt,133,outer_race,0.007,3,3584,4608,test
3557,133.mat.txt,133,outer_race,0.007,3,4096,5120,test
3558,133.mat.txt,133,outer_race,0.007,3,4608,5632,test
3559,133.mat.txt,133,outer_race,0.007,3,5120,6144,test
3560,133.mat.txt,133,outer_race,0.007,3,5632,6656,test
3561,133.mat.txt,133,outer_race,0.007,3,6144,7168,test
3562,133.mat.txt,133,outer_race,0.007,3,6656,7680,test
3563,133.mat.txt,133,outer_race,0.007,3,7168,8192,test
3564,133.mat.txt,133,outer_race,0.007,3,7680,8704,test
3565,133.mat.txt,133,outer_race,0.007,3,8192,9216,test
3566,133.mat.txt,133,outer_race,0.007,3,8704,9728,test
3567,133.mat.txt,133,outer_race,0.007,3,9216,10240,test
3568,133.mat.txt,133,outer_race,0.007,3,9728,10752,test
3569,133.mat.txt,133,outer_race,0.007,3,10240,11264,test
3570,133.mat.txt,133,outer_race,0.007,3,10752,11776,test
3571,133.mat.txt,133,outer_race,0.007,3,11264,12288,test
3572,133.mat.txt,133,outer_race,0.007,3,11776,12800,test
3573,133.mat.txt,133,outer_race,0.007,3,12288,13312,test
3574,133.mat.txt,133,outer_race,0.007,3,12800,13824,test
3575,133.mat.txt,133,outer_race,0.007,3,13312,14336,test
3576,133.mat.txt,133,outer_race,0.007,3,13824,14848,test
3577,133.mat.txt,133,outer_race,0.007,3,14336,15360,test
3578,133.mat.txt,133,outer_race,0.007,3,14848,15872,test
3579,133.mat.txt,133,outer_race,0.007,3,15360,16384,test
3580,133.mat.txt,133,outer_race,0.007,3,15872,16896,test
3581,133.mat.txt,133,outer_race,0.007,3,16384,17408,test
3582,133.mat.txt,133,outer_race,0.007,3,16896,17920,test
3583,133.mat.txt,133,outer_race,0.007,3,17408,18432,test
3584,133.mat.txt,133,outer_race,0.007,3,17920,18944,test
3585,133.mat.txt,133,outer_race,0.007,3,18432,19456,test
3586,133.mat.txt,133,outer_race,0.007,3,18944,19968,test
3587,133.mat.txt,133,outer_race,0.007,3,19456,20480,test
3588,133.mat.txt,133,outer_race,0.007,3,19968,20992,test
3589,133.mat.txt,133,outer_race,0.007,3,20480,21504,test
3590,133.mat.txt,133,outer_race,0.007,3,20992,22016,test
3591,133.mat.txt,133,outer_race,0.007,3,21504,22528,test
3592,133.mat.txt,133,outer_race,0.007,3,22016,23040,test
3593,133.mat.txt,133,outer_race,0.007,3,22528,23552,test
3594,133.mat.txt,133,outer_race,0.007,3,23040,24064,test
3595,133.mat.txt,133,outer_race,0.007,3,23552,24576,test
3596,133.mat.txt,133,outer_race,0.007,3,24064,25088,test
3597,133.mat.txt,133,outer_race,0.007,3,24576,25600,test
3598,133.mat.txt,133,outer_race,0.007,3,25088,26112,test
3599,133.mat.txt,133,outer_race,0.007,3,25600,26624,test
3600,133.mat.txt,133,outer_race,0.007,3,26112,27136,test
3601,133.mat.txt,133,outer_race,0.007,3,26624,27648,test
3602,133.mat.txt,133,outer_race,0.007,3,27136,28160,test
3603,133.mat.txt,133,outer_race,0.007,3,27648,28672,test
3604,133.mat.txt,133,outer_race,0.007,3,28160,29184,test
3605,133.mat.txt,133,outer_race,0.007,3,28672,29696,test
3606,133.mat.txt,133,outer_race,0.007,3,29184,30208,test
3607,133.mat.txt,133,outer_race,0.007,3,29696,30720,test
3608,133.mat.txt,133,outer_race,0.007,3,30208,31232,test
3609,133.mat.txt,133,outer_race,0.007,3,30720,31744,test
3610,133.mat.txt,133,outer_race,0.007,3,31232,32256,test
3611,133.mat.txt,133,outer_race,0.007,3,31744,32768,test
3612,133.mat.txt,133,outer_race,0.007,3,32256,33280,test
3613,133.mat.txt,133,outer_race,0.007,3,32768,33792,test
3614,133.mat.txt,133,outer_race,0.007,3,33280,34304,test
3615,133.mat.txt,133,outer_race,0.007,3,33792,34816,test
3616,133.mat.txt,133,outer_race,0.007,3,34304,35328,test
3617,133.mat.txt,133,outer_race,0.007,3,34816,35840,test
3618,133.mat.txt,133,outer_race,0.007,3,35328,36352,test
3619,133.mat.txt,133,outer_race,0.007,3,35840,36864,test
3620,133.mat.txt,133,outer_race,0.007,3,36352,37376,test
3621,133.mat.txt,133,outer_race,0.007,3,36864,37888,test
3622,133.mat.txt,133,outer_race,0.007,3,37376,38400,test
3623,133.mat.txt,133,outer_race,0.007,3,37888,38912,test
3624,133.mat.txt,133,outer_race,0.007,3,38400,39424,test
3625,133.mat.txt,133,outer_race,0.007,3,38912,39936,test
3626,133.mat.txt,133,outer_race,0.007,3,39424,40448,test
3627,133.mat.txt,133,outer_race,0.007,3,39936,40960,test
3628,133.mat.txt,133,outer_race,0.007,3,40448,41472,test
3629,133.mat.txt,133,outer_race,0.007,3,40960,41984,test
3630,133.mat.txt,133,outer_race,0.007,3,41472,42496,test
3631,133.mat.txt,133,outer_race,0.007,3,41984,43008,test
3632,133.mat.txt,133,outer_race,0.007,3,42496,43520,test
3633,133.mat.txt,133,outer_race,0.007,3,43008,44032,test
3634,133.mat.txt,133,outer_race,0.007,3,43520,44544,test
3635,133.mat.txt,133,outer_race,0.007,3,44032,45056,test
3636,133.mat.txt,133,outer_race,0.007,3,44544,45568,test
3637,133.mat.txt,133,outer_race,0.007,3,45056,46080,test
3638,133.mat.txt,133,outer_race,0.007,3,45568,46592,test
3639,133.mat.txt,133,outer_race,0.007,3,46080,47104,test
3640,133.mat.txt,133,outer_race,0.007,3,46592,47616,test
3641,133.mat.txt,133,outer_race,0.007,3,47104,48128,test
3642,133.mat.txt,133,outer_race,0.007,3,47616,48640,test
3643,133.mat.txt,133,outer_race,0.007,3,48128,49152,test
3644,133.mat.txt,133,outer_race,0.007,3,48640,49664,test
3645,133.mat.txt,133,outer_race,0.007,3,49152,50176,test
3646,133.mat.txt,133,outer_race,0.007,3,49664,50688,test
3647,133.mat.txt,133,outer_race,0.007,3,50176,51200,test
3648,133.mat.txt,133,outer_race,0.007,3,50688,51712,test
3649,133.mat.txt,133,outer_race,0.007,3,51200,52224,test
3650,133.mat.txt,133,outer_race,0.007,3,51712,52736,test
3651,133.mat.txt,133,outer_race,0.007,3,52224,53248,test
3652,133.mat.txt,133,outer_race,0.007,3,52736,53760,test
3653,133.mat.txt,133,outer_race,0.007,3,53248,54272,test
3654,133.mat.txt,133,outer_race,0.007,3,53760,54784,test
3655,133.mat.txt,133,outer_race,0.007,3,54272,55296,test
3656,133.mat.txt,133,outer_race,0.007,3,54784,55808,test
3657,133.mat.txt,133,outer_race,0.007,3,55296,56320,test
3658,133.mat.txt,133,outer_race,0.007,3,55808,56832,test
3659,133.mat.txt,133,outer_race,0.007,3,56320,57344,test
3660,133.mat.txt,133,outer_race,0.007,3,56832,57856,test
3661,133.mat.txt,133,outer_race,0.007,3,57344,58368,test
3662,133.mat.txt,133,outer_race,0.007,3,57856,58880,test
3663,133.mat.txt,133,outer_race,0.007,3,58368,59392,test
3664,133.mat.txt,133,outer_race,0.007,3,58880,59904,test
3665,133.mat.txt,133,outer_race,0.007,3,59392,60416,test
3666,133.mat.txt,133,outer_race,0.007,3,59904,60928,test
3667,133.mat.txt,133,outer_race,0.007,3,60416,61440,test
3668,133.mat.txt,133,outer_race,0.007,3,60928,61952,test
3669,133.mat.txt,133,outer_race,0.007,3,61440,62464,test
3670,133.mat.txt,133,outer_race,0.007,3,61952,62976,test
3671,133.mat.txt,133,outer_race,0.007,3,62464,63488,test
3672,133.mat.txt,133,outer_race,0.007,3,62976,64000,test
3673,133.mat.txt,133,outer_race,0.007,3,63488,64512,test
3674,133.mat.txt,133,outer_race,0.007,3,64000,65024,test
3675,133.mat.txt,133,outer_race,0.007,3,64512,65536,test
3676,133.mat.txt,133,outer_race,0.007,3,65024,66048,test
3677,133.mat.txt,133,outer_race,0.007,3,65536,66560,test
3678,133.mat.txt,133,outer_race,0.007,3,66048,67072,test
3679,133.mat.txt,133,outer_race,0.007,3,66560,67584,test
3680,133.mat.txt,133,outer_race,0.007,3,67072,68096,test
3681,133.mat.txt,133,outer_race,0.007,3,67584,68608,test
3682,133.mat.txt,133,outer_race,0.007,3,68096,69120,test
3683,133.mat.txt,133,outer_race,0.007,3,68608,69632,test
3684,133.mat.txt,133,outer_race,0.007,3,69120,70144,test
3685,133.mat.txt,133,outer_race,0.007,3,69632,70656,test
3686,133.mat.txt,133,outer_race,0.007,3,70144,71168,test
3687,133.mat.txt,133,outer_race,0.007,3,70656,71680,test
3688,133.mat.txt,133,outer_race,0.007,3,71168,72192,test
3689,133.mat.txt,133,outer_race,0.007,3,71680,72704,test
3690,133.mat.txt,133,outer_race,0.007,3,72192,73216,test
3691,133.mat.txt,133,outer_race,0.007,3,72704,73728,test
3692,133.mat.txt,133,outer_race,0.007,3,73216,74240,test
3693,133.mat.txt,133,outer_race,0.007,3,73728,74752,test
3694,133.mat.txt,133,outer_race,0.007,3,74240,75264,test
3695,133.mat.txt,133,outer_race,0.007,3,74752,75776,test
3696,133.mat.txt,133,outer_race,0.007,3,75264,76288,test
3697,133.mat.txt,133,outer_race,0.007,3,75776,76800,test
3698,133.mat.txt,133,outer_race,0.007,3,76288,77312,test
3699,133.mat.txt,133,outer_race,0.007,3,76800,77824,test
3700,133.mat.txt,133,outer_race,0.007,3,77312,78336,test
3701,133.mat.txt,133,outer_race,0.007,3,77824,78848,test
3702,133.mat.txt,133,outer_race,0.007,3,78336,79360,test
3703,133.mat.txt,133,outer_race,0.007,3,78848,79872,test
3704,133.mat.txt,133,outer_race,0.007,3,79360,80384,test
3705,133.mat.txt,133,outer_race,0.007,3,79872,80896,test
3706,133.mat.txt,133,outer_race,0.007,3,80384,81408,test
3707,133.mat.txt,133,outer_race,0.007,3,80896,81920,test
3708,133.mat.txt,133,outer_race,0.007,3,81408,82432,test
3709,133.mat.txt,133,outer_race,0.007,3,81920,82944,test
3710,133.mat.txt,133,outer_race,0.007,3,82432,83456,test
3711,133.mat.txt,133,outer_race,0.007,3,82944,83968,test
3712,133.mat.txt,133,outer_race,0.007,3,83456,84480,test
3713,133.mat.txt,133,outer_race,0.007,3,83968,84992,test
3714,133.mat.txt,133,outer_race,0.007,3,84480,85504,test
3715,133.mat.txt,133,outer_race,0.007,3,84992,86016,test
3716,133.mat.txt,133,outer_race,0.007,3,85504,86528,test
3717,133.mat.txt,133,outer_race,0.007,3,86016,87040,test
3718,133.mat.txt,133,outer_race,0.007,3,86528,87552,test
3719,133.mat.txt,133,outer_race,0.007,3,87040,88064,test
3720,133.mat.txt,133,outer_race,0.007,3,87552,88576,test
3721,133.mat.txt,133,outer_race,0.007,3,88064,89088,test
3722,133.mat.txt,133,outer_race,0.007,3,88576,89600,test
3723,133.mat.txt,133,outer_race,0.007,3,89088,90112,test
3724,133.mat.txt,133,outer_race,0.007,3,89600,90624,test
3725,133.mat.txt,133,outer_race,0.007,3,90112,91136,test
3726,133.mat.txt,133,outer_race,0.007,3,90624,91648,test
3727,133.mat.txt,133,outer_race,0.007,3,91136,92160,test
3728,133.mat.txt,133,outer_race,0.007,3,91648,92672,test
3729,133.mat.txt,133,outer_race,0.007,3,92160,93184,test
3730,133.mat.txt,133,outer_race,0.007,3,92672,93696,test
3731,133.mat.txt,133,outer_race,0.007,3,93184,94208,test
3732,133.mat.txt,133,outer_race,0.007,3,93696,94720,test
3733,133.mat.txt,133,outer_race,0.007,3,94208,95232,test
3734,133.mat.txt,133,outer_race,0.007,3,94720,95744,test
3735,133.mat.txt,133,outer_race,0.007,3,95232,96256,test
3736,133.mat.txt,133,outer_race,0.007,3,95744,96768,test
3737,133.mat.txt,133,outer_race,0.007,3,96256,97280,test
3738,133.mat.txt,133,outer_race,0.007,3,96768,97792,test
3739,133.mat.txt,133,outer_race,0.007,3,97280,98304,test
3740,133.mat.txt,133,outer_race,0.007,3,97792,98816,test
3741,133.mat.txt,133,outer_race,0.007,3,98304,99328,test
3742,133.mat.txt,133,outer_race,0.007,3,98816,99840,test
3743,133.mat.txt,133,outer_race,0.007,3,99328,100352,test
3744,133.mat.txt,133,outer_race,0.007,3,99840,100864,test
3745,133.mat.txt,133,outer_race,0.007,3,100352,101376,test
3746,133.mat.txt,133,outer_race,0.007,3,100864,101888,test
3747,133.mat.txt,133,outer_race,0.007,3,101376,102400,test
3748,133.mat.txt,133,outer_race,0.007,3,101888,102912,test
3749,133.mat.txt,133,outer_race,0.007,3,102400,103424,test
3750,133.mat.txt,133,outer_race,0.007,3,102912,103936,test
3751,133.mat.txt,133,outer_race,0.007,3,103424,104448,test
3752,133.mat.txt,133,outer_race,0.007,3,103936,104960,test
3753,133.mat.txt,133,outer_race,0.007,3,104448,105472,test
3754,133.mat.txt,133,outer_race,0.007,3,104960,105984,test
3755,133.mat.txt,133,outer_race,0.007,3,105472,106496,test
3756,133.mat.txt,133,outer_race,0.007,3,105984,107008,test
3757,133.mat.txt,133,outer_race,0.007,3,106496,107520,test
3758,133.mat.txt,133,outer_race,0.007,3,107008,108032,test
3759,133.mat.txt,133,outer_race,0.007,3,107520,108544,test
3760,133.mat.txt,133,outer_race,0.007,3,108032,109056,test
3761,133.mat.txt,133,outer_race,0.007,3,108544,109568,test
3762,133.mat.txt,133,outer_race,0.007,3,109056,110080,test
3763,133.mat.txt,133,outer_race,0.007,3,109568,110592,test
3764,133.mat.txt,133,outer_race,0.007,3,110080,111104,test
3765,133.mat.txt,133,outer_race,0.007,3,110592,111616,test
3766,133.mat.txt,133,outer_race,0.007,3,111104,112128,test
3767,133.mat.txt,133,outer_race,0.007,3,111616,112640,test
3768,133.mat.txt,133,outer_race,0.007,3,112128,113152,test
3769,133.mat.txt,133,outer_race,0.007,3,112640,113664,test
3770,133.mat.txt,133,outer_race,0.007,3,113152,114176,test
3771,133.mat.txt,133,outer_race,0.007,3,113664,114688,test
3772,133.mat.txt,133,outer_race,0.007,3,114176,115200,test
3773,133.mat.txt,133,outer_race,0.007,3,114688,115712,test
3774,133.mat.txt,133,outer_race,0.007,3,115200,116224,test
3775,133.mat.txt,133,outer_race,0.007,3,115712,116736,test
3776,133.mat.txt,133,outer_race,0.007,3,116224,117248,test
3777,133.mat.txt,133,outer_race,0.007,3,116736,117760,test
3778,133.mat.txt,133,outer_race,0.007,3,117248,118272,test
3779,133.mat.txt,133,outer_race,0.007,3,117760,118784,test
3780,133.mat.txt,133,outer_race,0.007,3,118272,119296,test
3781,133.mat.txt,133,outer_race,0.007,3,118784,119808,test
3782,133.mat.txt,133,outer_race,0.007,3,119296,120320,test
3783,133.mat.txt,133,outer_race,0.007,3,119808,120832,test
3784,133.mat.txt,133,outer_race,0.007,3,120320,121344,test
3785,133.mat.txt,133,outer_race,0.007,3,120832,121856,test
3786,133.mat.txt,133,outer_race,0.007,3,121344,122368,test
3787,197.mat.txt,197,outer_race,0.014,0,0,1024,train
3788,197.mat.txt,197,outer_race,0.014,0,512,1536,train
3789,197.mat.txt,197,outer_race,0.014,0,1024,2048,train
3790,197.mat.txt,197,outer_race,0.014,0,1536,2560,train
3791,197.mat.txt,197,outer_race,0.014,0,2048,3072,train
3792,197.mat.txt,197,outer_race,0.014,0,2560,3584,train
3793,197.mat.txt,197,outer_race,0.014,0,3072,4096,train
3794,197.mat.txt,197,outer_race,0.014,0,3584,4608,train
3795,197.mat.txt,197,outer_race,0.014,0,4096,5120,train
3796,197.mat.txt,197,outer_race,0.014,0,4608,5632,train
3797,197.mat.txt,197,outer_race,0.014,0,5120,6144,train
3798,197.mat.txt,197,outer_race,0.014,0,5632,6656,train
3799,197.mat.txt,197,outer_race,0.014,0,6144,7168,train
3800,197.mat.txt,197,outer_race,0.014,0,6656,7680,train
3801,197.mat.txt,197,outer_race,0.014,0,7168,8192,train
3802,197.mat.txt,197,outer_race,0.014,0,7680,8704,train
3803,197.mat.txt,197,outer_race,0.014,0,8192,9216,train
3804,197.mat.txt,197,outer_race,0.014,0,8704,9728,train
3805,197.mat.txt,197,outer_race,0.014,0,9216,10240,train
3806,197.mat.txt,197,outer_race,0.014,0,9728,10752,train
3807,197.mat.txt,197,outer_race,0.014,0,10240,11264,train
3808,197.mat.txt,197,outer_race,0.014,0,10752,11776,train
3809,197.mat.txt,197,outer_race,0.014,0,11264,12288,train
3810,197.mat.txt,197,outer_race,0.014,0,11776,12800,train
3811,197.mat.txt,197,outer_race,0.014,0,12288,13312,train
3812,197.mat.txt,197,outer_race,0.014,0,12800,13824,train
3813,197.mat.txt,197,outer_race,0.014,0,13312,14336,train
3814,197.mat.txt,197,outer_race,0.014,0,13824,14848,train
3815,197.mat.txt,197,outer_race,0.014,0,14336,15360,train
3816,197.mat.txt,197,outer_race,0.014,0,14848,15872,train
3817,197.mat.txt,197,outer_race,0.014,0,15360,16384,train
3818,197.mat.txt,197,outer_race,0.014,0,15872,16896,train
3819,197.mat.txt,197,outer_race,0.014,0,16384,17408,train
3820,197.mat.txt,197,outer_race,0.014,0,16896,17920,train
3821,197.mat.txt,197,outer_race,0.014,0,17408,18432,train
3822,197.mat.txt,197,outer_race,0.014,0,17920,18944,train
3823,197.mat.txt,197,outer_race,0.014,0,18432,19456,train
3824,197.mat.txt,197,outer_race,0.014,0,18944,19968,train
3825,197.mat.txt,197,outer_race,0.014,0,19456,20480,train
3826,197.mat.txt,197,outer_race,0.014,0,19968,20992,train
3827,197.mat.txt,197,outer_race,0.014,0,20480,21504,train
3828,197.mat.txt,197,outer_race,0.014,0,20992,22016,train
3829,197.mat.txt,197,outer_race,0.014,0,21504,22528,train
3830,197.mat.txt,197,outer_race,0.014,0,22016,23040,train
3831,197.mat.txt,197,outer_race,0.014,0,22528,23552,train
3832,197.mat.txt,197,outer_race,0.014,0,23040,24064,train
3833,197.mat.txt,197,outer_race,0.014,0,23552,24576,train
3834,197.mat.txt,197,outer_race,0.014,0,24064,25088,train
3835,197.mat.txt,197,outer_race,0.014,0,24576,25600,train
3836,197.mat.txt,197,outer_race,0.014,0,25088,26112,train
3837,197.mat.txt,197,outer_race,0.014,0,25600,26624,train
3838,197.mat.txt,197,outer_race,0.014,0,26112,27136,train
3839,197.mat.txt,197,outer_race,0.014,0,26624,27648,train
3840,197.mat.txt,197,outer_race,0.014,0,27136,28160,train
3841,197.mat.txt,197,outer_race,0.014,0,27648,28672,train
3842,197.mat.txt,197,outer_race,0.014,0,28160,29184,train
3843,197.mat.txt,197,outer_race,0.014,0,28672,29696,train
3844,197.mat.txt,197,outer_race,0.014,0,29184,30208,train
3845,197.mat.txt,197,outer_race,0.014,0,29696,30720,train
3846,197.mat.txt,197,outer_race,0.014,0,30208,31232,train
3847,197.mat.txt,197,outer_race,0.014,0,30720,31744,train
3848,197.mat.txt,197,outer_race,0.014,0,31232,32256,train
3849,197.mat.txt,197,outer_race,0.014,0,31744,32768,train
3850,197.mat.txt,197,outer_race,0.014,0,32256,33280,train
3851,197.mat.txt,197,outer_race,0.014,0,32768,33792,train
3852,197.mat.txt,197,outer_race,0.014,0,33280,34304,train
3853,197.mat.txt,197,outer_race,0.014,0,33792,34816,train
3854,197.mat.txt,197,outer_race,0.014,0,34304,35328,train
3855,197.mat.txt,197,outer_race,0.014,0,34816,35840,train
3856,197.mat.txt,197,outer_race,0.014,0,35328,36352,train
3857,197.mat.txt,197,outer_race,0.014,0,35840,36864,train
3858,197.mat.txt,197,outer_race,0.014,0,36352,37376,train
3859,197.mat.txt,197,outer_race,0.014,0,36864,37888,train
3860,197.mat.txt,197,outer_race,0.014,0,37376,38400,train
3861,197.mat.txt,197,outer_race,0.014,0,37888,38912,train
3862,197.mat.txt,197,outer_race,0.014,0,38400,39424,train
3863,197.mat.txt,197,outer_race,0.014,0,38912,39936,train
3864,197.mat.txt,197,outer_race,0.014,0,39424,40448,train
3865,197.mat.txt,197,outer_race,0.014,0,39936,40960,train
3866,197.mat.txt,197,outer_race,0.014,0,40448,41472,train
3867,197.mat.txt,197,outer_race,0.014,0,40960,41984,train
3868,197.mat.txt,197,outer_race,0.014,0,41472,42496,train
3869,197.mat.txt,197,outer_race,0.014,0,41984,43008,train
3870,197.mat.txt,197,outer_race,0.014,0,42496,43520,train
3871,197.mat.txt,197,outer_race,0.014,0,43008,44032,train
3872,197.mat.txt,197,outer_race,0.014,0,43520,44544,train
3873,197.mat.txt,197,outer_race,0.014,0,44032,45056,train
3874,197.mat.txt,197,outer_race,0.014,0,44544,45568,train
3875,197.mat.txt,197,outer_race,0.014,0,45056,46080,train
3876,197.mat.txt,197,outer_race,0.014,0,45568,46592,train
3877,197.mat.txt,197,outer_race,0.014,0,46080,47104,train
3878,197.mat.txt,197,outer_race,0.014,0,46592,47616,train
3879,197.mat.txt,197,outer_race,0.014,0,47104,48128,train
3880,197.mat.txt,197,outer_race,0.014,0,47616,48640,train
3881,197.mat.txt,197,outer_race,0.014,0,48128,49152,train
3882,197.mat.txt,197,outer_race,0.014,0,48640,49664,train
3883,197.mat.txt,197,outer_race,0.014,0,49152,50176,train
3884,197.mat.txt,197,outer_race,0.014,0,49664,50688,train
3885,197.mat.txt,197,outer_race,0.014,0,50176,51200,train
3886,197.mat.txt,197,outer_race,0.014,0,50688,51712,train
3887,197.mat.txt,197,outer_race,0.014,0,51200,52224,train
3888,197.mat.txt,197,outer_race,0.014,0,51712,52736,train
3889,197.mat.txt,197,outer_race,0.014,0,52224,53248,train
3890,197.mat.txt,197,outer_race,0.014,0,52736,53760,train
3891,197.mat.txt,197,outer_race,0.014,0,53248,54272,train
3892,197.mat.txt,197,outer_race,0.014,0,53760,54784,train
3893,197.mat.txt,197,outer_race,0.014,0,54272,55296,train
3894,197.mat.txt,197,outer_race,0.014,0,54784,55808,train
3895,197.mat.txt,197,outer_race,0.014,0,55296,56320,train
3896,197.mat.txt,197,outer_race,0.014,0,55808,56832,train
3897,197.mat.txt,197,outer_race,0.014,0,56320,57344,train
3898,197.mat.txt,197,outer_race,0.014,0,56832,57856,train
3899,197.mat.txt,197,outer_race,0.014,0,57344,58368,train
3900,197.mat.txt,197,outer_race,0.014,0,57856,58880,train
3901,197.mat.txt,197,outer_race,0.014,0,58368,59392,train
3902,197.mat.txt,197,outer_race,0.014,0,58880,59904,train
3903,197.mat.txt,197,outer_race,0.014,0,59392,60416,train
3904,197.mat.txt,197,outer_race,0.014,0,59904,60928,train
3905,197.mat.txt,197,outer_race,0.014,0,60416,61440,train
3906,197.mat.txt,197,outer_race,0.014,0,60928,61952,train
3907,197.mat.txt,197,outer_race,0.014,0,61440,62464,train
3908,197.mat.txt,197,outer_race,0.014,0,61952,62976,train
3909,197.mat.txt,197,outer_race,0.014,0,62464,63488,train
3910,197.mat.txt,197,outer_race,0.014,0,62976,64000,train
3911,197.mat.txt,197,outer_race,0.014,0,63488,64512,train
3912,197.mat.txt,197,outer_race,0.014,0,64000,65024,train
3913,197.mat.txt,197,outer_race,0.014,0,64512,65536,train
3914,197.mat.txt,197,outer_race,0.014,0,65024,66048,train
3915,197.mat.txt,197,outer_race,0.014,0,65536,66560,train
3916,197.mat.txt,197,outer_race,0.014,0,66048,67072,train
3917,197.mat.txt,197,outer_race,0.014,0,66560,67584,train
3918,197.mat.txt,197,outer_race,0.014,0,67072,68096,train
3919,197.mat.txt,197,outer_race,0.014,0,67584,68608,train
3920,197.mat.txt,197,outer_race,0.014,0,68096,69120,train
3921,197.mat.txt,197,outer_race,0.014,0,68608,69632,train
3922,197.mat.txt,197,outer_race,0.014,0,69120,70144,train
3923,197.mat.txt,197,outer_race,0.014,0,69632,70656,train
3924,197.mat.txt,197,outer_race,0.014,0,70144,71168,train
3925,197.mat.txt,197,outer_race,0.014,0,70656,71680,train
3926,197.mat.txt,197,outer_race,0.014,0,71168,72192,train
3927,197.mat.txt,197,outer_race,0.014,0,71680,72704,train
3928,197.mat.txt,197,outer_race,0.014,0,72192,73216,train
3929,197.mat.txt,197,outer_race,0.014,0,72704,73728,train
3930,197.mat.txt,197,outer_race,0.014,0,73216,74240,train
3931,197.mat.txt,197,outer_race,0.014,0,73728,74752,train
3932,197.mat.txt,197,outer_race,0.014,0,74240,75264,train
3933,197.mat.txt,197,outer_race,0.014,0,74752,75776,train
3934,197.mat.txt,197,outer_race,0.014,0,75264,76288,train
3935,197.mat.txt,197,outer_race,0.014,0,75776,76800,train
3936,197.mat.txt,197,outer_race,0.014,0,76288,77312,train
3937,197.mat.txt,197,outer_race,0.014,0,76800,77824,train
3938,197.mat.txt,197,outer_race,0.014,0,77312,78336,train
3939,197.mat.txt,197,outer_race,0.014,0,77824,78848,train
3940,197.mat.txt,197,outer_race,0.014,0,78336,79360,train
3941,197.mat.txt,197,outer_race,0.014,0,78848,79872,train
3942,197.mat.txt,197,outer_race,0.014,0,79360,80384,train
3943,197.mat.txt,197,outer_race,0.014,0,79872,80896,train
3944,197.mat.txt,197,outer_race,0.014,0,80384,81408,train
3945,197.mat.txt,197,outer_race,0.014,0,80896,81920,train
3946,197.mat.txt,197,outer_race,0.014,0,81408,82432,train
3947,197.mat.txt,197,outer_race,0.014,0,81920,82944,train
3948,197.mat.txt,197,outer_race,0.014,0,82432,83456,train
3949,197.mat.txt,197,outer_race,0.014,0,82944,83968,train
3950,197.mat.txt,197,outer_race,0.014,0,83456,84480,train
3951,197.mat.txt,197,outer_race,0.014,0,83968,84992,train
3952,197.mat.txt,197,outer_race,0.014,0,84480,85504,train
3953,197.mat.txt,197,outer_race,0.014,0,84992,86016,train
3954,197.mat.txt,197,outer_race,0.014,0,85504,86528,train
3955,197.mat.txt,197,outer_race,0.014,0,86016,87040,train
3956,197.mat.txt,197,outer_race,0.014,0,86528,87552,train
3957,197.mat.txt,197,outer_race,0.014,0,87040,88064,train
3958,197.mat.txt,197,outer_race,0.014,0,87552,88576,train
3959,197.mat.txt,197,outer_race,0.014,0,88064,89088,train
3960,197.mat.txt,197,outer_race,0.014,0,88576,89600,train
3961,197.mat.txt,197,outer_race,0.014,0,89088,90112,train
3962,197.mat.txt,197,outer_race,0.014,0,89600,90624,train
3963,197.mat.txt,197,outer_race,0.014,0,90112,91136,train
3964,197.mat.txt,197,outer_race,0.014,0,90624,91648,train
3965,197.mat.txt,197,outer_race,0.014,0,91136,92160,train
3966,197.mat.txt,197,outer_race,0.014,0,91648,92672,train
3967,197.mat.txt,197,outer_race,0.014,0,92160,93184,train
3968,197.mat.txt,197,outer_race,0.014,0,92672,93696,train
3969,197.mat.txt,197,outer_race,0.014,0,93184,94208,train
3970,197.mat.txt,197,outer_race,0.014,0,93696,94720,train
3971,197.mat.txt,197,outer_race,0.014,0,94208,95232,train
3972,197.mat.txt,197,outer_race,0.014,0,94720,95744,train
3973,197.mat.txt,197,outer_race,0.014,0,95232,96256,train
3974,197.mat.txt,197,outer_race,0.014,0,95744,96768,train
3975,197.mat.txt,197,outer_race,0.014,0,96256,97280,train
3976,197.mat.txt,197,outer_race,0.014,0,96768,97792,train
3977,197.mat.txt,197,outer_race,0.014,0,97280,98304,train
3978,197.mat.txt,197,outer_race,0.014,0,97792,98816,train
3979,197.mat.txt,197,outer_race,0.014,0,98304,99328,train
3980,197.mat.txt,197,outer_race,0.014,0,98816,99840,train
3981,197.mat.txt,197,outer_race,0.014,0,99328,100352,train
3982,197.mat.txt,197,outer_race,0.014,0,99840,100864,train
3983,197.mat.txt,197,outer_race,0.014,0,100352,101376,train
3984,197.mat.txt,197,outer_race,0.014,0,100864,101888,train
3985,197.mat.txt,197,outer_race,0.014,0,101376,102400,train
3986,197.mat.txt,197,outer_race,0.014,0,101888,102912,train
3987,197.mat.txt,197,outer_race,0.014,0,102400,103424,train
3988,197.mat.txt,197,outer_race,0.014,0,102912,103936,train
3989,197.mat.txt,197,outer_race,0.014,0,103424,104448,train
3990,197.mat.txt,197,outer_race,0.014,0,103936,104960,train
3991,197.mat.txt,197,outer_race,0.014,0,104448,105472,train
3992,197.mat.txt,197,outer_race,0.014,0,104960,105984,train
3993,197.mat.txt,197,outer_race,0.014,0,105472,106496,train
3994,197.mat.txt,197,outer_race,0.014,0,105984,107008,train
3995,197.mat.txt,197,outer_race,0.014,0,106496,107520,train
3996,197.mat.txt,197,outer_race,0.014,0,107008,108032,train
3997,197.mat.txt,197,outer_race,0.014,0,107520,108544,train
3998,197.mat.txt,197,outer_race,0.014,0,108032,109056,train
3999,197.mat.txt,197,outer_race,0.014,0,108544,109568,train
4000,197.mat.txt,197,outer_race,0.014,0,109056,110080,train
4001,197.mat.txt,197,outer_race,0.014,0,109568,110592,train
4002,197.mat.txt,197,outer_race,0.014,0,110080,111104,train
4003,197.mat.txt,197,outer_race,0.014,0,110592,111616,train
4004,197.mat.txt,197,outer_race,0.014,0,111104,112128,train
4005,197.mat.txt,197,outer_race,0.014,0,111616,112640,train
4006,197.mat.txt,197,outer_race,0.014,0,112128,113152,train
4007,197.mat.txt,197,outer_race,0.014,0,112640,113664,train
4008,197.mat.txt,197,outer_race,0.014,0,113152,114176,train
4009,197.mat.txt,197,outer_race,0.014,0,113664,114688,train
4010,197.mat.txt,197,outer_race,0.014,0,114176,115200,train
4011,197.mat.txt,197,outer_race,0.014,0,114688,115712,train
4012,197.mat.txt,197,outer_race,0.014,0,115200,116224,train
4013,197.mat.txt,197,outer_race,0.014,0,115712,116736,train
4014,197.mat.txt,197,outer_race,0.014,0,116224,117248,train
4015,197.mat.txt,197,outer_race,0.014,0,116736,117760,train
4016,197.mat.txt,197,outer_race,0.014,0,117248,118272,train
4017,197.mat.txt,197,outer_race,0.014,0,117760,118784,train
4018,197.mat.txt,197,outer_race,0.014,0,118272,119296,train
4019,197.mat.txt,197,outer_race,0.014,0,118784,119808,train
4020,197.mat.txt,197,outer_race,0.014,0,119296,120320,train
4021,197.mat.txt,197,outer_race,0.014,0,119808,120832,train
4022,197.mat.txt,197,outer_race,0.014,0,120320,121344,train
4023,198.mat.txt,198,outer_race,0.014,1,0,1024,train
4024,198.mat.txt,198,outer_race,0.014,1,512,1536,train
4025,198.mat.txt,198,outer_race,0.014,1,1024,2048,train
4026,198.mat.txt,198,outer_race,0.014,1,1536,2560,train
4027,198.mat.txt,198,outer_race,0.014,1,2048,3072,train
4028,198.mat.txt,198,outer_race,0.014,1,2560,3584,train
4029,198.mat.txt,198,outer_race,0.014,1,3072,4096,train
4030,198.mat.txt,198,outer_race,0.014,1,3584,4608,train
4031,198.mat.txt,198,outer_race,0.014,1,4096,5120,train
4032,198.mat.txt,198,outer_race,0.014,1,4608,5632,train
4033,198.mat.txt,198,outer_race,0.014,1,5120,6144,train
4034,198.mat.txt,198,outer_race,0.014,1,5632,6656,train
4035,198.mat.txt,198,outer_race,0.014,1,6144,7168,train
4036,198.mat.txt,198,outer_race,0.014,1,6656,7680,train
4037,198.mat.txt,198,outer_race,0.014,1,7168,8192,train
4038,198.mat.txt,198,outer_race,0.014,1,7680,8704,train
4039,198.mat.txt,198,outer_race,0.014,1,8192,9216,train
4040,198.mat.txt,198,outer_race,0.014,1,8704,9728,train
4041,198.mat.txt,198,outer_race,0.014,1,9216,10240,train
4042,198.mat.txt,198,outer_race,0.014,1,9728,10752,train
4043,198.mat.txt,198,outer_race,0.014,1,10240,11264,train
4044,198.mat.txt,198,outer_race,0.014,1,10752,11776,train
4045,198.mat.txt,198,outer_race,0.014,1,11264,12288,train
4046,198.mat.txt,198,outer_race,0.014,1,11776,12800,train
4047,198.mat.txt,198,outer_race,0.014,1,12288,13312,train
4048,198.mat.txt,198,outer_race,0.014,1,12800,13824,train
4049,198.mat.txt,198,outer_race,0.014,1,13312,14336,train
4050,198.mat.txt,198,outer_race,0.014,1,13824,14848,train
4051,198.mat.txt,198,outer_race,0.014,1,14336,15360,train
4052,198.mat.txt,198,outer_race,0.014,1,14848,15872,train
4053,198.mat.txt,198,outer_race,0.014,1,15360,16384,train
4054,198.mat.txt,198,outer_race,0.014,1,15872,16896,train
4055,198.mat.txt,198,outer_race,0.014,1,16384,17408,train
4056,198.mat.txt,198,outer_race,0.014,1,16896,17920,train
4057,198.mat.txt,198,outer_race,0.014,1,17408,18432,train
4058,198.mat.txt,198,outer_race,0.014,1,17920,18944,train
4059,198.mat.txt,198,outer_race,0.014,1,18432,19456,train
4060,198.mat.txt,198,outer_race,0.014,1,18944,19968,train
4061,198.mat.txt,198,outer_race,0.014,1,19456,20480,train
4062,198.mat.txt,198,outer_race,0.014,1,19968,20992,train
4063,198.mat.txt,198,outer_race,0.014,1,20480,21504,train
4064,198.mat.txt,198,outer_race,0.014,1,20992,22016,train
4065,198.mat.txt,198,outer_race,0.014,1,21504,22528,train
4066,198.mat.txt,198,outer_race,0.014,1,22016,23040,train
4067,198.mat.txt,198,outer_race,0.014,1,22528,23552,train
4068,198.mat.txt,198,outer_race,0.014,1,23040,24064,train
4069,198.mat.txt,198,outer_race,0.014,1,23552,24576,train
4070,198.mat.txt,198,outer_race,0.014,1,24064,25088,train
4071,198.mat.txt,198,outer_race,0.014,1,24576,25600,train
4072,198.mat.txt,198,outer_race,0.014,1,25088,26112,train
4073,198.mat.txt,198,outer_race,0.014,1,25600,26624,train
4074,198.mat.txt,198,outer_race,0.014,1,26112,27136,train
4075,198.mat.txt,198,outer_race,0.014,1,26624,27648,train
4076,198.mat.txt,198,outer_race,0.014,1,27136,28160,train
4077,198.mat.txt,198,outer_race,0.014,1,27648,28672,train
4078,198.mat.txt,198,outer_race,0.014,1,28160,29184,train
4079,198.mat.txt,198,outer_race,0.014,1,28672,29696,train
4080,198.mat.txt,198,outer_race,0.014,1,29184,30208,train
4081,198.mat.txt,198,outer_race,0.014,1,29696,30720,train
4082,198.mat.txt,198,outer_race,0.014,1,30208,31232,train
4083,198.mat.txt,198,outer_race,0.014,1,30720,31744,train
4084,198.mat.txt,198,outer_race,0.014,1,31232,32256,train
4085,198.mat.txt,198,outer_race,0.014,1,31744,32768,train
4086,198.mat.txt,198,outer_race,0.014,1,32256,33280,train
4087,198.mat.txt,198,outer_race,0.014,1,32768,33792,train
4088,198.mat.txt,198,outer_race,0.014,1,33280,34304,train
4089,198.mat.txt,198,outer_race,0.014,1,33792,34816,train
4090,198.mat.txt,198,outer_race,0.014,1,34304,35328,train
4091,198.mat.txt,198,outer_race,0.014,1,34816,35840,train
4092,198.mat.txt,198,outer_race,0.014,1,35328,36352,train
4093,198.mat.txt,198,outer_race,0.014,1,35840,36864,train
4094,198.mat.txt,198,outer_race,0.014,1,36352,37376,train
4095,198.mat.txt,198,outer_race,0.014,1,36864,37888,train
4096,198.mat.txt,198,outer_race,0.014,1,37376,38400,train
4097,198.mat.txt,198,outer_race,0.014,1,37888,38912,train
4098,198.mat.txt,198,outer_race,0.014,1,38400,39424,train
4099,198.mat.txt,198,outer_race,0.014,1,38912,39936,train
4100,198.mat.txt,198,outer_race,0.014,1,39424,40448,train
4101,198.mat.txt,198,outer_race,0.014,1,39936,40960,train
4102,198.mat.txt,198,outer_race,0.014,1,40448,41472,train
4103,198.mat.txt,198,outer_race,0.014,1,40960,41984,train
4104,198.mat.txt,198,outer_race,0.014,1,41472,42496,train
4105,198.mat.txt,198,outer_race,0.014,1,41984,43008,train
4106,198.mat.txt,198,outer_race,0.014,1,42496,43520,train
4107,198.mat.txt,198,outer_race,0.014,1,43008,44032,train
4108,198.mat.txt,198,outer_race,0.014,1,43520,44544,train
4109,198.mat.txt,198,outer_race,0.014,1,44032,45056,train
4110,198.mat.txt,198,outer_race,0.014,1,44544,45568,train
4111,198.mat.txt,198,outer_race,0.014,1,45056,46080,train
4112,198.mat.txt,198,outer_race,0.014,1,45568,46592,train
4113,198.mat.txt,198,outer_race,0.014,1,46080,47104,train
4114,198.mat.txt,198,outer_race,0.014,1,46592,47616,train
4115,198.mat.txt,198,outer_race,0.014,1,47104,48128,train
4116,198.mat.txt,198,outer_race,0.014,1,47616,48640,train
4117,198.mat.txt,198,outer_race,0.014,1,48128,49152,train
4118,198.mat.txt,198,outer_race,0.014,1,48640,49664,train
4119,198.mat.txt,198,outer_race,0.014,1,49152,50176,train
4120,198.mat.txt,198,outer_race,0.014,1,49664,50688,train
4121,198.mat.txt,198,outer_race,0.014,1,50176,51200,train
4122,198.mat.txt,198,outer_race,0.014,1,50688,51712,train
4123,198.mat.txt,198,outer_race,0.014,1,51200,52224,train
4124,198.mat.txt,198,outer_race,0.014,1,51712,52736,train
4125,198.mat.txt,198,outer_race,0.014,1,52224,53248,train
4126,198.mat.txt,198,outer_race,0.014,1,52736,53760,train
4127,198.mat.txt,198,outer_race,0.014,1,53248,54272,train
4128,198.mat.txt,198,outer_race,0.014,1,53760,54784,train
4129,198.mat.txt,198,outer_race,0.014,1,54272,55296,train
4130,198.mat.txt,198,outer_race,0.014,1,54784,55808,train
4131,198.mat.txt,198,outer_race,0.014,1,55296,56320,train
4132,198.mat.txt,198,outer_race,0.014,1,55808,56832,train
4133,198.mat.txt,198,outer_race,0.014,1,56320,57344,train
4134,198.mat.txt,198,outer_race,0.014,1,56832,57856,train
4135,198.mat.txt,198,outer_race,0.014,1,57344,58368,train
4136,198.mat.txt,198,outer_race,0.014,1,57856,58880,train
4137,198.mat.txt,198,outer_race,0.014,1,58368,59392,train
4138,198.mat.txt,198,outer_race,0.014,1,58880,59904,train
4139,198.mat.txt,198,outer_race,0.014,1,59392,60416,train
4140,198.mat.txt,198,outer_race,0.014,1,59904,60928,train
4141,198.mat.txt,198,outer_race,0.014,1,60416,61440,train
4142,198.mat.txt,198,outer_race,0.014,1,60928,61952,train
4143,198.mat.txt,198,outer_race,0.014,1,61440,62464,train
4144,198.mat.txt,198,outer_race,0.014,1,61952,62976,train
4145,198.mat.txt,198,outer_race,0.014,1,62464,63488,train
4146,198.mat.txt,198,outer_race,0.014,1,62976,64000,train
4147,198.mat.txt,198,outer_race,0.014,1,63488,64512,train
4148,198.mat.txt,198,outer_race,0.014,1,64000,65024,train
4149,198.mat.txt,198,outer_race,0.014,1,64512,65536,train
4150,198.mat.txt,198,outer_race,0.014,1,65024,66048,train
4151,198.mat.txt,198,outer_race,0.014,1,65536,66560,train
4152,198.mat.txt,198,outer_race,0.014,1,66048,67072,train
4153,198.mat.txt,198,outer_race,0.014,1,66560,67584,train
4154,198.mat.txt,198,outer_race,0.014,1,67072,68096,train
4155,198.mat.txt,198,outer_race,0.014,1,67584,68608,train
4156,198.mat.txt,198,outer_race,0.014,1,68096,69120,train
4157,198.mat.txt,198,outer_race,0.014,1,68608,69632,train
4158,198.mat.txt,198,outer_race,0.014,1,69120,70144,train
4159,198.mat.txt,198,outer_race,0.014,1,69632,70656,train
4160,198.mat.txt,198,outer_race,0.014,1,70144,71168,train
4161,198.mat.txt,198,outer_race,0.014,1,70656,71680,train
4162,198.mat.txt,198,outer_race,0.014,1,71168,72192,train
4163,198.mat.txt,198,outer_race,0.014,1,71680,72704,train
4164,198.mat.txt,198,outer_race,0.014,1,72192,73216,train
4165,198.mat.txt,198,outer_race,0.014,1,72704,73728,train
4166,198.mat.txt,198,outer_race,0.014,1,73216,74240,train
4167,198.mat.txt,198,outer_race,0.014,1,73728,74752,train
4168,198.mat.txt,198,outer_race,0.014,1,74240,75264,train
4169,198.mat.txt,198,outer_race,0.014,1,74752,75776,train
4170,198.mat.txt,198,outer_race,0.014,1,75264,76288,train
4171,198.mat.txt,198,outer_race,0.014,1,75776,76800,train
4172,198.mat.txt,198,outer_race,0.014,1,76288,77312,train
4173,198.mat.txt,198,outer_race,0.014,1,76800,77824,train
4174,198.mat.txt,198,outer_race,0.014,1,77312,78336,train
4175,198.mat.txt,198,outer_race,0.014,1,77824,78848,train
4176,198.mat.txt,198,outer_race,0.014,1,78336,79360,train
4177,198.mat.txt,198,outer_race,0.014,1,78848,79872,train
4178,198.mat.txt,198,outer_race,0.014,1,79360,80384,train
4179,198.mat.txt,198,outer_race,0.014,1,79872,80896,train
4180,198.mat.txt,198,outer_race,0.014,1,80384,81408,train
4181,198.mat.txt,198,outer_race,0.014,1,80896,81920,train
4182,198.mat.txt,198,outer_race,0.014,1,81408,82432,train
4183,198.mat.txt,198,outer_race,0.014,1,81920,82944,train
4184,198.mat.txt,198,outer_race,0.014,1,82432,83456,train
4185,198.mat.txt,198,outer_race,0.014,1,82944,83968,train
4186,198.mat.txt,198,outer_race,0.014,1,83456,84480,train
4187,198.mat.txt,198,outer_race,0.014,1,83968,84992,train
4188,198.mat.txt,198,outer_race,0.014,1,84480,85504,train
4189,198.mat.txt,198,outer_race,0.014,1,84992,86016,train
4190,198.mat.txt,198,outer_race,0.014,1,85504,86528,train
4191,198.mat.txt,198,outer_race,0.014,1,86016,87040,train
4192,198.mat.txt,198,outer_race,0.014,1,86528,87552,train
4193,198.mat.txt,198,outer_race,0.014,1,87040,88064,train
4194,198.mat.txt,198,outer_race,0.014,1,87552,88576,train
4195,198.mat.txt,198,outer_race,0.014,1,88064,89088,train
4196,198.mat.txt,198,outer_race,0.014,1,88576,89600,train
4197,198.mat.txt,198,outer_race,0.014,1,89088,90112,train
4198,198.mat.txt,198,outer_race,0.014,1,89600,90624,train
4199,198.mat.txt,198,outer_race,0.014,1,90112,91136,train
4200,198.mat.txt,198,outer_race,0.014,1,90624,91648,train
4201,198.mat.txt,198,outer_race,0.014,1,91136,92160,train
4202,198.mat.txt,198,outer_race,0.014,1,91648,92672,train
4203,198.mat.txt,198,outer_race,0.014,1,92160,93184,train
4204,198.mat.txt,198,outer_race,0.014,1,92672,93696,train
4205,198.mat.txt,198,outer_race,0.014,1,93184,94208,train
4206,198.mat.txt,198,outer_race,0.014,1,93696,94720,train
4207,198.mat.txt,198,outer_race,0.014,1,94208,95232,train
4208,198.mat.txt,198,outer_race,0.014,1,94720,95744,train
4209,198.mat.txt,198,outer_race,0.014,1,95232,96256,train
4210,198.mat.txt,198,outer_race,0.014,1,95744,96768,train
4211,198.mat.txt,198,outer_race,0.014,1,96256,97280,train
4212,198.mat.txt,198,outer_race,0.014,1,96768,97792,train
4213,198.mat.txt,198,outer_race,0.014,1,97280,98304,train
4214,198.mat.txt,198,outer_race,0.014,1,97792,98816,train
4215,198.mat.txt,198,outer_race,0.014,1,98304,99328,train
4216,198.mat.txt,198,outer_race,0.014,1,98816,99840,train
4217,198.mat.txt,198,outer_race,0.014,1,99328,100352,train
4218,198.mat.txt,198,outer_race,0.014,1,99840,100864,train
4219,198.mat.txt,198,outer_race,0.014,1,100352,101376,train
4220,198.mat.txt,198,outer_race,0.014,1,100864,101888,train
4221,198.mat.txt,198,outer_race,0.014,1,101376,102400,train
4222,198.mat.txt,198,outer_race,0.014,1,101888,102912,train
4223,198.mat.txt,198,outer_race,0.014,1,102400,103424,train
4224,198.mat.txt,198,outer_race,0.014,1,102912,103936,train
4225,198.mat.txt,198,outer_race,0.014,1,103424,104448,train
4226,198.mat.txt,198,outer_race,0.014,1,103936,104960,train
4227,198.mat.txt,198,outer_race,0.014,1,104448,105472,train
4228,198.mat.txt,198,outer_race,0.014,1,104960,105984,train
4229,198.mat.txt,198,outer_race,0.014,1,105472,106496,train
4230,198.mat.txt,198,outer_race,0.014,1,105984,107008,train
4231,198.mat.txt,198,outer_race,0.014,1,106496,107520,train
4232,198.mat.txt,198,outer_race,0.014,1,107008,108032,train
4233,198.mat.txt,198,outer_race,0.014,1,107520,108544,train
4234,198.mat.txt,198,outer_race,0.014,1,108032,109056,train
4235,198.mat.txt,198,outer_race,0.014,1,108544,109568,train
4236,198.mat.txt,198,outer_race,0.014,1,109056,110080,train
4237,198.mat.txt,198,outer_race,0.014,1,109568,110592,train
4238,198.mat.txt,198,outer_race,0.014,1,110080,111104,train
4239,198.mat.txt,198,outer_race,0.014,1,110592,111616,train
4240,198.mat.txt,198,outer_race,0.014,1,111104,112128,train
4241,198.mat.txt,198,outer_race,0.014,1,111616,112640,train
4242,198.mat.txt,198,outer_race,0.014,1,112128,113152,train
4243,198.mat.txt,198,outer_race,0.014,1,112640,113664,train
4244,198.mat.txt,198,outer_race,0.014,1,113152,114176,train
4245,198.mat.txt,198,outer_race,0.014,1,113664,114688,train
4246,198.mat.txt,198,outer_race,0.014,1,114176,115200,train
4247,198.mat.txt,198,outer_race,0.014,1,114688,115712,train
4248,198.mat.txt,198,outer_race,0.014,1,115200,116224,train
4249,198.mat.txt,198,outer_race,0.014,1,115712,116736,train
4250,198.mat.txt,198,outer_race,0.014,1,116224,117248,train
4251,198.mat.txt,198,outer_race,0.014,1,116736,117760,train
4252,198.mat.txt,198,outer_race,0.014,1,117248,118272,train
4253,198.mat.txt,198,outer_race,0.014,1,117760,118784,train
4254,198.mat.txt,198,outer_race,0.014,1,118272,119296,train
4255,198.mat.txt,198,outer_race,0.014,1,118784,119808,train
4256,198.mat.txt,198,outer_race,0.014,1,119296,120320,train
4257,198.mat.txt,198,outer_race,0.014,1,119808,120832,train
4258,198.mat.txt,198,outer_race,0.014,1,120320,121344,train
4259,198.mat.txt,198,outer_race,0.014,1,120832,121856,train
4260,199.mat.txt,199,outer_race,0.014,2,0,1024,train
4261,199.mat.txt,199,outer_race,0.014,2,512,1536,train
4262,199.mat.txt,199,outer_race,0.014,2,1024,2048,train
4263,199.mat.txt,199,outer_race,0.014,2,1536,2560,train
4264,199.mat.txt,199,outer_race,0.014,2,2048,3072,train
4265,199.mat.txt,199,outer_race,0.014,2,2560,3584,train
4266,199.mat.txt,199,outer_race,0.014,2,3072,4096,train
4267,199.mat.txt,199,outer_race,0.014,2,3584,4608,train
4268,199.mat.txt,199,outer_race,0.014,2,4096,5120,train
4269,199.mat.txt,199,outer_race,0.014,2,4608,5632,train
4270,199.mat.txt,199,outer_race,0.014,2,5120,6144,train
4271,199.mat.txt,199,outer_race,0.014,2,5632,6656,train
4272,199.mat.txt,199,outer_race,0.014,2,6144,7168,train
4273,199.mat.txt,199,outer_race,0.014,2,6656,7680,train
4274,199.mat.txt,199,outer_race,0.014,2,7168,8192,train
4275,199.mat.txt,199,outer_race,0.014,2,7680,8704,train
4276,199.mat.txt,199,outer_race,0.014,2,8192,9216,train
4277,199.mat.txt,199,outer_race,0.014,2,8704,9728,train
4278,199.mat.txt,199,outer_race,0.014,2,9216,10240,train
4279,199.mat.txt,199,outer_race,0.014,2,9728,10752,train
4280,199.mat.txt,199,outer_race,0.014,2,10240,11264,train
4281,199.mat.txt,199,outer_race,0.014,2,10752,11776,train
4282,199.mat.txt,199,outer_race,0.014,2,11264,12288,train
4283,199.mat.txt,199,outer_race,0.014,2,11776,12800,train
4284,199.mat.txt,199,outer_race,0.014,2,12288,13312,train
4285,199.mat.txt,199,outer_race,0.014,2,12800,13824,train
4286,199.mat.txt,199,outer_race,0.014,2,13312,14336,train
4287,199.mat.txt,199,outer_race,0.014,2,13824,14848,train
4288,199.mat.txt,199,outer_race,0.014,2,14336,15360,train
4289,199.mat.txt,199,outer_race,0.014,2,14848,15872,train
4290,199.mat.txt,199,outer_race,0.014,2,15360,16384,train
4291,199.mat.txt,199,outer_race,0.014,2,15872,16896,train
4292,199.mat.txt,199,outer_race,0.014,2,16384,17408,train
4293,199.mat.txt,199,outer_race,0.014,2,16896,17920,train
4294,199.mat.txt,199,outer_race,0.014,2,17408,18432,train
4295,199.mat.txt,199,outer_race,0.014,2,17920,18944,train
4296,199.mat.txt,199,outer_race,0.014,2,18432,19456,train
4297,199.mat.txt,199,outer_race,0.014,2,18944,19968,train
4298,199.mat.txt,199,outer_race,0.014,2,19456,20480,train
4299,199.mat.txt,199,outer_race,0.014,2,19968,20992,train
4300,199.mat.txt,199,outer_race,0.014,2,20480,21504,train
4301,199.mat.txt,199,outer_race,0.014,2,20992,22016,train
4302,199.mat.txt,199,outer_race,0.014,2,21504,22528,train
4303,199.mat.txt,199,outer_race,0.014,2,22016,23040,train
4304,199.mat.txt,199,outer_race,0.014,2,22528,23552,train
4305,199.mat.txt,199,outer_race,0.014,2,23040,24064,train
4306,199.mat.txt,199,outer_race,0.014,2,23552,24576,train
4307,199.mat.txt,199,outer_race,0.014,2,24064,25088,train
4308,199.mat.txt,199,outer_race,0.014,2,24576,25600,train
4309,199.mat.txt,199,outer_race,0.014,2,25088,26112,train
4310,199.mat.txt,199,outer_race,0.014,2,25600,26624,train
4311,199.mat.txt,199,outer_race,0.014,2,26112,27136,train
4312,199.mat.txt,199,outer_race,0.014,2,26624,27648,train
4313,199.mat.txt,199,outer_race,0.014,2,27136,28160,train
4314,199.mat.txt,199,outer_race,0.014,2,27648,28672,train
4315,199.mat.txt,199,outer_race,0.014,2,28160,29184,train
4316,199.mat.txt,199,outer_race,0.014,2,28672,29696,train
4317,199.mat.txt,199,outer_race,0.014,2,29184,30208,train
4318,199.mat.txt,199,outer_race,0.014,2,29696,30720,train
4319,199.mat.txt,199,outer_race,0.014,2,30208,31232,train
4320,199.mat.txt,199,outer_race,0.014,2,30720,31744,train
4321,199.mat.txt,199,outer_race,0.014,2,31232,32256,train
4322,199.mat.txt,199,outer_race,0.014,2,31744,32768,train
4323,199.mat.txt,199,outer_race,0.014,2,32256,33280,train
4324,199.mat.txt,199,outer_race,0.014,2,32768,33792,train
4325,199.mat.txt,199,outer_race,0.014,2,33280,34304,train
4326,199.mat.txt,199,outer_race,0.014,2,33792,34816,train
4327,199.mat.txt,199,outer_race,0.014,2,34304,35328,train
4328,199.mat.txt,199,outer_race,0.014,2,34816,35840,train
4329,199.mat.txt,199,outer_race,0.014,2,35328,36352,train
4330,199.mat.txt,199,outer_race,0.014,2,35840,36864,train
4331,199.mat.txt,199,outer_race,0.014,2,36352,37376,train
4332,199.mat.txt,199,outer_race,0.014,2,36864,37888,train
4333,199.mat.txt,199,outer_race,0.014,2,37376,38400,train
4334,199.mat.txt,199,outer_race,0.014,2,37888,38912,train
4335,199.mat.txt,199,outer_race,0.014,2,38400,39424,train
4336,199.mat.txt,199,outer_race,0.014,2,38912,39936,train
4337,199.mat.txt,199,outer_race,0.014,2,39424,40448,train
4338,199.mat.txt,199,outer_race,0.014,2,39936,40960,train
4339,199.mat.txt,199,outer_race,0.014,2,40448,41472,train
4340,199.mat.txt,199,outer_race,0.014,2,40960,41984,train
4341,199.mat.txt,199,outer_race,0.014,2,41472,42496,train
4342,199.mat.txt,199,outer_race,0.014,2,41984,43008,train
4343,199.mat.txt,199,outer_race,0.014,2,42496,43520,train
4344,199.mat.txt,199,outer_race,0.014,2,43008,44032,train
4345,199.mat.txt,199,outer_race,0.014,2,43520,44544,train
4346,199.mat.txt,199,outer_race,0.014,2,44032,45056,train
4347,199.mat.txt,199,outer_race,0.014,2,44544,45568,train
4348,199.mat.txt,199,outer_race,0.014,2,45056,46080,train
4349,199.mat.txt,199,outer_race,0.014,2,45568,46592,train
4350,199.mat.txt,199,outer_race,0.014,2,46080,47104,train
4351,199.mat.txt,199,outer_race,0.014,2,46592,47616,train
4352,199.mat.txt,199,outer_race,0.014,2,47104,48128,train
4353,199.mat.txt,199,outer_race,0.014,2,47616,48640,train
4354,199.mat.txt,199,outer_race,0.014,2,48128,49152,train
4355,199.mat.txt,199,outer_race,0.014,2,48640,49664,train
4356,199.mat.txt,199,outer_race,0.014,2,49152,50176,train
4357,199.mat.txt,199,outer_race,0.014,2,49664,50688,train
4358,199.mat.txt,199,outer_race,0.014,2,50176,51200,train
4359,199.mat.txt,199,outer_race,0.014,2,50688,51712,train
4360,199.mat.txt,199,outer_race,0.014,2,51200,52224,train
4361,199.mat.txt,199,outer_race,0.014,2,51712,52736,train
4362,199.mat.txt,199,outer_race,0.014,2,52224,53248,train
4363,199.mat.txt,199,outer_race,0.014,2,52736,53760,train
4364,199.mat.txt,199,outer_race,0.014,2,53248,54272,train
4365,199.mat.txt,199,outer_race,0.014,2,53760,54784,train
4366,199.mat.txt,199,outer_race,0.014,2,54272,55296,train
4367,199.mat.txt,199,outer_race,0.014,2,54784,55808,train
4368,199.mat.txt,199,outer_race,0.014,2,55296,56320,train
4369,199.mat.txt,199,outer_race,0.014,2,55808,56832,train
4370,199.mat.txt,199,outer_race,0.014,2,56320,57344,train
4371,199.mat.txt,199,outer_race,0.014,2,56832,57856,train
4372,199.mat.txt,199,outer_race,0.014,2,57344,58368,train
4373,199.mat.txt,199,outer_race,0.014,2,57856,58880,train
4374,199.mat.txt,199,outer_race,0.014,2,58368,59392,train
4375,199.mat.txt,199,outer_race,0.014,2,58880,59904,train
4376,199.mat.txt,199,outer_race,0.014,2,59392,60416,train
4377,199.mat.txt,199,outer_race,0.014,2,59904,60928,train
4378,199.mat.txt,199,outer_race,0.014,2,60416,61440,train
4379,199.mat.txt,199,outer_race,0.014,2,60928,61952,train
4380,199.mat.txt,199,outer_race,0.014,2,61440,62464,train
4381,199.mat.txt,199,outer_race,0.014,2,61952,62976,train
4382,199.mat.txt,199,outer_race,0.014,2,62464,63488,train
4383,199.mat.txt,199,outer_race,0.014,2,62976,64000,train
4384,199.mat.txt,199,outer_race,0.014,2,63488,64512,train
4385,199.mat.txt,199,outer_race,0.014,2,64000,65024,train
4386,199.mat.txt,199,outer_race,0.014,2,64512,65536,train
4387,199.mat.txt,199,outer_race,0.014,2,65024,66048,train
4388,199.mat.txt,199,outer_race,0.014,2,65536,66560,train
4389,199.mat.txt,199,outer_race,0.014,2,66048,67072,train
4390,199.mat.txt,199,outer_race,0.014,2,66560,67584,train
4391,199.mat.txt,199,outer_race,0.014,2,67072,68096,train
4392,199.mat.txt,199,outer_race,0.014,2,67584,68608,train
4393,199.mat.txt,199,outer_race,0.014,2,68096,69120,train
4394,199.mat.txt,199,outer_race,0.014,2,68608,69632,train
4395,199.mat.txt,199,outer_race,0.014,2,69120,70144,train
4396,199.mat.txt,199,outer_race,0.014,2,69632,70656,train
4397,199.mat.txt,199,outer_race,0.014,2,70144,71168,train
4398,199.mat.txt,199,outer_race,0.014,2,70656,71680,train
4399,199.mat.txt,199,outer_race,0.014,2,71168,72192,train
4400,199.mat.txt,199,outer_race,0.014,2,71680,72704,train
4401,199.mat.txt,199,outer_race,0.014,2,72192,73216,train
4402,199.mat.txt,199,outer_race,0.014,2,72704,73728,train
4403,199.mat.txt,199,outer_race,0.014,2,73216,74240,train
4404,199.mat.txt,199,outer_race,0.014,2,73728,74752,train
4405,199.mat.txt,199,outer_race,0.014,2,74240,75264,train
4406,199.mat.txt,199,outer_race,0.014,2,74752,75776,train
4407,199.mat.txt,199,outer_race,0.014,2,75264,76288,train
4408,199.mat.txt,199,outer_race,0.014,2,75776,76800,train
4409,199.mat.txt,199,outer_race,0.014,2,76288,77312,train
4410,199.mat.txt,199,outer_race,0.014,2,76800,77824,train
4411,199.mat.txt,199,outer_race,0.014,2,77312,78336,train
4412,199.mat.txt,199,outer_race,0.014,2,77824,78848,train
4413,199.mat.txt,199,outer_race,0.014,2,78336,79360,train
4414,199.mat.txt,199,outer_race,0.014,2,78848,79872,train
4415,199.mat.txt,199,outer_race,0.014,2,79360,80384,train
4416,199.mat.txt,199,outer_race,0.014,2,79872,80896,train
4417,199.mat.txt,199,outer_race,0.014,2,80384,81408,train
4418,199.mat.txt,199,outer_race,0.014,2,80896,81920,train
4419,199.mat.txt,199,outer_race,0.014,2,81408,82432,train
4420,199.mat.txt,199,outer_race,0.014,2,81920,82944,train
4421,199.mat.txt,199,outer_race,0.014,2,82432,83456,train
4422,199.mat.txt,199,outer_race,0.014,2,82944,83968,train
4423,199.mat.txt,199,outer_race,0.014,2,83456,84480,train
4424,199.mat.txt,199,outer_race,0.014,2,83968,84992,train
4425,199.mat.txt,199,outer_race,0.014,2,84480,85504,train
4426,199.mat.txt,199,outer_race,0.014,2,84992,86016,train
4427,199.mat.txt,199,outer_race,0.014,2,85504,86528,train
4428,199.mat.txt,199,outer_race,0.014,2,86016,87040,train
4429,199.mat.txt,199,outer_race,0.014,2,86528,87552,train
4430,199.mat.txt,199,outer_race,0.014,2,87040,88064,train
4431,199.mat.txt,199,outer_race,0.014,2,87552,88576,train
4432,199.mat.txt,199,outer_race,0.014,2,88064,89088,train
4433,199.mat.txt,199,outer_race,0.014,2,88576,89600,train
4434,199.mat.txt,199,outer_race,0.014,2,89088,90112,train
4435,199.mat.txt,199,outer_race,0.014,2,89600,90624,train
4436,199.mat.txt,199,outer_race,0.014,2,90112,91136,train
4437,199.mat.txt,199,outer_race,0.014,2,90624,91648,train
4438,199.mat.txt,199,outer_race,0.014,2,91136,92160,train
4439,199.mat.txt,199,outer_race,0.014,2,91648,92672,train
4440,199.mat.txt,199,outer_race,0.014,2,92160,93184,train
4441,199.mat.txt,199,outer_race,0.014,2,92672,93696,train
4442,199.mat.txt,199,outer_race,0.014,2,93184,94208,train
4443,199.mat.txt,199,outer_race,0.014,2,93696,94720,train
4444,199.mat.txt,199,outer_race,0.014,2,94208,95232,train
4445,199.mat.txt,199,outer_race,0.014,2,94720,95744,train
4446,199.mat.txt,199,outer_race,0.014,2,95232,96256,train
4447,199.mat.txt,199,outer_race,0.014,2,95744,96768,train
4448,199.mat.txt,199,outer_race,0.014,2,96256,97280,train
4449,199.mat.txt,199,outer_race,0.014,2,96768,97792,train
4450,199.mat.txt,199,outer_race,0.014,2,97280,98304,train
4451,199.mat.txt,199,outer_race,0.014,2,97792,98816,train
4452,199.mat.txt,199,outer_race,0.014,2,98304,99328,train
4453,199.mat.txt,199,outer_race,0.014,2,98816,99840,train
4454,199.mat.txt,199,outer_race,0.014,2,99328,100352,train
4455,199.mat.txt,199,outer_race,0.014,2,99840,100864,train
4456,199.mat.txt,199,outer_race,0.014,2,100352,101376,train
4457,199.mat.txt,199,outer_race,0.014,2,100864,101888,train
4458,199.mat.txt,199,outer_race,0.014,2,101376,102400,train
4459,199.mat.txt,199,outer_race,0.014,2,101888,102912,train
4460,199.mat.txt,199,outer_race,0.014,2,102400,103424,train
4461,199.mat.txt,199,outer_race,0.014,2,102912,103936,train
4462,199.mat.txt,199,outer_race,0.014,2,103424,104448,train
4463,199.mat.txt,199,outer_race,0.014,2,103936,104960,train
4464,199.mat.txt,199,outer_race,0.014,2,104448,105472,train
4465,199.mat.txt,199,outer_race,0.014,2,104960,105984,train
4466,199.mat.txt,199,outer_race,0.014,2,105472,106496,train
4467,199.mat.txt,199,outer_race,0.014,2,105984,107008,train
4468,199.mat.txt,199,outer_race,0.014,2,106496,107520,train
4469,199.mat.txt,199,outer_race,0.014,2,107008,108032,train
4470,199.mat.txt,199,outer_race,0.014,2,107520,108544,train
4471,199.mat.txt,199,outer_race,0.014,2,108032,109056,train
4472,199.mat.txt,199,outer_race,0.014,2,108544,109568,train
4473,199.mat.txt,199,outer_race,0.014,2,109056,110080,train
4474,199.mat.txt,199,outer_race,0.014,2,109568,110592,train
4475,199.mat.txt,199,outer_race,0.014,2,110080,111104,train
4476,199.mat.txt,199,outer_race,0.014,2,110592,111616,train
4477,199.mat.txt,199,outer_race,0.014,2,111104,112128,train
4478,199.mat.txt,199,outer_race,0.014,2,111616,112640,train
4479,199.mat.txt,199,outer_race,0.014,2,112128,113152,train
4480,199.mat.txt,199,outer_race,0.014,2,112640,113664,train
4481,199.mat.txt,199,outer_race,0.014,2,113152,114176,train
4482,199.mat.txt,199,outer_race,0.014,2,113664,114688,train
4483,199.mat.txt,199,outer_race,0.014,2,114176,115200,train
4484,199.mat.txt,199,outer_race,0.014,2,114688,115712,train
4485,199.mat.txt,199,outer_race,0.014,2,115200,116224,train
4486,199.mat.txt,199,outer_race,0.014,2,115712,116736,train
4487,199.mat.txt,199,outer_race,0.014,2,116224,117248,train
4488,199.mat.txt,199,outer_race,0.014,2,116736,117760,train
4489,199.mat.txt,199,outer_race,0.014,2,117248,118272,train
4490,199.mat.txt,199,outer_race,0.014,2,117760,118784,train
4491,199.mat.txt,199,outer_race,0.014,2,118272,119296,train
4492,199.mat.txt,199,outer_race,0.014,2,118784,119808,train
4493,199.mat.txt,199,outer_race,0.014,2,119296,120320,train
4494,199.mat.txt,199,outer_race,0.014,2,119808,120832,train
4495,199.mat.txt,199,outer_race,0.014,2,120320,121344,train
4496,200.mat.txt,200,outer_race,0.014,3,0,1024,test
4497,200.mat.txt,200,outer_race,0.014,3,512,1536,test
4498,200.mat.txt,200,outer_race,0.014,3,1024,2048,test
4499,200.mat.txt,200,outer_race,0.014,3,1536,2560,test
4500,200.mat.txt,200,outer_race,0.014,3,2048,3072,test
4501,200.mat.txt,200,outer_race,0.014,3,2560,3584,test
4502,200.mat.txt,200,outer_race,0.014,3,3072,4096,test
4503,200.mat.txt,200,outer_race,0.014,3,3584,4608,test
4504,200.mat.txt,200,outer_race,0.014,3,4096,5120,test
4505,200.mat.txt,200,outer_race,0.014,3,4608,5632,test
4506,200.mat.txt,200,outer_race,0.014,3,5120,6144,test
4507,200.mat.txt,200,outer_race,0.014,3,5632,6656,test
4508,200.mat.txt,200,outer_race,0.014,3,6144,7168,test
4509,200.mat.txt,200,outer_race,0.014,3,6656,7680,test
4510,200.mat.txt,200,outer_race,0.014,3,7168,8192,test
4511,200.mat.txt,200,outer_race,0.014,3,7680,8704,test
4512,200.mat.txt,200,outer_race,0.014,3,8192,9216,test
4513,200.mat.txt,200,outer_race,0.014,3,8704,9728,test
4514,200.mat.txt,200,outer_race,0.014,3,9216,10240,test
4515,200.mat.txt,200,outer_race,0.014,3,9728,10752,test
4516,200.mat.txt,200,outer_race,0.014,3,10240,11264,test
4517,200.mat.txt,200,outer_race,0.014,3,10752,11776,test
4518,200.mat.txt,200,outer_race,0.014,3,11264,12288,test
4519,200.mat.txt,200,outer_race,0.014,3,11776,12800,test
4520,200.mat.txt,200,outer_race,0.014,3,12288,13312,test
4521,200.mat.txt,200,outer_race,0.014,3,12800,13824,test
4522,200.mat.txt,200,outer_race,0.014,3,13312,14336,test
4523,200.mat.txt,200,outer_race,0.014,3,13824,14848,test
4524,200.mat.txt,200,outer_race,0.014,3,14336,15360,test
4525,200.mat.txt,200,outer_race,0.014,3,14848,15872,test
4526,200.mat.txt,200,outer_race,0.014,3,15360,16384,test
4527,200.mat.txt,200,outer_race,0.014,3,15872,16896,test
4528,200.mat.txt,200,outer_race,0.014,3,16384,17408,test
4529,200.mat.txt,200,outer_race,0.014,3,16896,17920,test
4530,200.mat.txt,200,outer_race,0.014,3,17408,18432,test
4531,200.mat.txt,200,outer_race,0.014,3,17920,18944,test
4532,200.mat.txt,200,outer_race,0.014,3,18432,19456,test
4533,200.mat.txt,200,outer_race,0.014,3,18944,19968,test
4534,200.mat.txt,200,outer_race,0.014,3,19456,20480,test
4535,200.mat.txt,200,outer_race,0.014,3,19968,20992,test
4536,200.mat.txt,200,outer_race,0.014,3,20480,21504,test
4537,200.mat.txt,200,outer_race,0.014,3,20992,22016,test
4538,200.mat.txt,200,outer_race,0.014,3,21504,22528,test
4539,200.mat.txt,200,outer_race,0.014,3,22016,23040,test
4540,200.mat.txt,200,outer_race,0.014,3,22528,23552,test
4541,200.mat.txt,200,outer_race,0.014,3,23040,24064,test
4542,200.mat.txt,200,outer_race,0.014,3,23552,24576,test
4543,200.mat.txt,200,outer_race,0.014,3,24064,25088,test
4544,200.mat.txt,200,outer_race,0.014,3,24576,25600,test
4545,200.mat.txt,200,outer_race,0.014,3,25088,26112,test
4546,200.mat.txt,200,outer_race,0.014,3,25600,26624,test
4547,200.mat.txt,200,outer_race,0.014,3,26112,27136,test
4548,200.mat.txt,200,outer_race,0.014,3,26624,27648,test
4549,200.mat.txt,200,outer_race,0.014,3,27136,28160,test
4550,200.mat.txt,200,outer_race,0.014,3,27648,28672,test
4551,200.mat.txt,200,outer_race,0.014,3,28160,29184,test
4552,200.mat.txt,200,outer_race,0.014,3,28672,29696,test
4553,200.mat.txt,200,outer_race,0.014,3,29184,30208,test
4554,200.mat.txt,200,outer_race,0.014,3,29696,30720,test
4555,200.mat.txt,200,outer_race,0.014,3,30208,31232,test
4556,200.mat.txt,200,outer_race,0.014,3,30720,31744,test
4557,200.mat.txt,200,outer_race,0.014,3,31232,32256,test
4558,200.mat.txt,200,outer_race,0.014,3,31744,32768,test
4559,200.mat.txt,200,outer_race,0.014,3,32256,33280,test
4560,200.mat.txt,200,outer_race,0.014,3,32768,33792,test
4561,200.mat.txt,200,outer_race,0.014,3,33280,34304,test
4562,200.mat.txt,200,outer_race,0.014,3,33792,34816,test
4563,200.mat.txt,200,outer_race,0.014,3,34304,35328,test
4564,200.mat.txt,200,outer_race,0.014,3,34816,35840,test
4565,200.mat.txt,200,outer_race,0.014,3,35328,36352,test
4566,200.mat.txt,200,outer_race,0.014,3,35840,36864,test
4567,200.mat.txt,200,outer_race,0.014,3,36352,37376,test
4568,200.mat.txt,200,outer_race,0.014,3,36864,37888,test
4569,200.mat.txt,200,outer_race,0.014,3,37376,38400,test
4570,200.mat.txt,200,outer_race,0.014,3,37888,38912,test
4571,200.mat.txt,200,outer_race,0.014,3,38400,39424,test
4572,200.mat.txt,200,outer_race,0.014,3,38912,39936,test
4573,200.mat.txt,200,outer_race,0.014,3,39424,40448,test
4574,200.mat.txt,200,outer_race,0.014,3,39936,40960,test
4575,200.mat.txt,200,outer_race,0.014,3,40448,41472,test
4576,200.mat.txt,200,outer_race,0.014,3,40960,41984,test
4577,200.mat.txt,200,outer_race,0.014,3,41472,42496,test
4578,200.mat.txt,200,outer_race,0.014,3,41984,43008,test
4579,200.mat.txt,200,outer_race,0.014,3,42496,43520,test
4580,200.mat.txt,200,outer_race,0.014,3,43008,44032,test
4581,200.mat.txt,200,outer_race,0.014,3,43520,44544,test
4582,200.mat.txt,200,outer_race,0.014,3,44032,45056,test
4583,200.mat.txt,200,outer_race,0.014,3,44544,45568,test
4584,200.mat.txt,200,outer_race,0.014,3,45056,46080,test
4585,200.mat.txt,200,outer_race,0.014,3,45568,46592,test
4586,200.mat.txt,200,outer_race,0.014,3,46080,47104,test
4587,200.mat.txt,200,outer_race,0.014,3,46592,47616,test
4588,200.mat.txt,200,outer_race,0.014,3,47104,48128,test
4589,200.mat.txt,200,outer_race,0.014,3,47616,48640,test
4590,200.mat.txt,200,outer_race,0.014,3,48128,49152,test
4591,200.mat.txt,200,outer_race,0.014,3,48640,49664,test
4592,200.mat.txt,200,outer_race,0.014,3,49152,50176,test
4593,200.mat.txt,200,outer_race,0.014,3,49664,50688,test
4594,200.mat.txt,200,outer_race,0.014,3,50176,51200,test
4595,200.mat.txt,200,outer_race,0.014,3,50688,51712,test
4596,200.mat.txt,200,outer_race,0.014,3,51200,52224,test
4597,200.mat.txt,200,outer_race,0.014,3,51712,52736,test
4598,200.mat.txt,200,outer_race,0.014,3,52224,53248,test
4599,200.mat.txt,200,outer_race,0.014,3,52736,53760,test
4600,200.mat.txt,200,outer_race,0.014,3,53248,54272,test
4601,200.mat.txt,200,outer_race,0.014,3,53760,54784,test
4602,200.mat.txt,200,outer_race,0.014,3,54272,55296,test
4603,200.mat.txt,200,outer_race,0.014,3,54784,55808,test
4604,200.mat.txt,200,outer_race,0.014,3,55296,56320,test
4605,200.mat.txt,200,outer_race,0.014,3,55808,56832,test
4606,200.mat.txt,200,outer_race,0.014,3,56320,57344,test
4607,200.mat.txt,200,outer_race,0.014,3,56832,57856,test
4608,200.mat.txt,200,outer_race,0.014,3,57344,58368,test
4609,200.mat.txt,200,outer_race,0.014,3,57856,58880,test
4610,200.mat.txt,200,outer_race,0.014,3,58368,59392,test
4611,200.mat.txt,200,outer_race,0.014,3,58880,59904,test
4612,200.mat.txt,200,outer_race,0.014,3,59392,60416,test
4613,200.mat.txt,200,outer_race,0.014,3,59904,60928,test
4614,200.mat.txt,200,outer_race,0.014,3,60416,61440,test
4615,200.mat.txt,200,outer_race,0.014,3,60928,61952,test
4616,200.mat.txt,200,outer_race,0.014,3,61440,62464,test
4617,200.mat.txt,200,outer_race,0.014,3,61952,62976,test
4618,200.mat.txt,200,outer_race,0.014,3,62464,63488,test
4619,200.mat.txt,200,outer_race,0.014,3,62976,64000,test
4620,200.mat.txt,200,outer_race,0.014,3,63488,64512,test
4621,200.mat.txt,200,outer_race,0.014,3,64000,65024,test
4622,200.mat.txt,200,outer_race,0.014,3,64512,65536,test
4623,200.mat.txt,200,outer_race,0.014,3,65024,66048,test
4624,200.mat.txt,200,outer_race,0.014,3,65536,66560,test
4625,200.mat.txt,200,outer_race,0.014,3,66048,67072,test
4626,200.mat.txt,200,outer_race,0.014,3,66560,67584,test
4627,200.mat.txt,200,outer_race,0.014,3,67072,68096,test
4628,200.mat.txt,200,outer_race,0.014,3,67584,68608,test
4629,200.mat.txt,200,outer_race,0.014,3,68096,69120,test
4630,200.mat.txt,200,outer_race,0.014,3,68608,69632,test
4631,200.mat.txt,200,outer_race,0.014,3,69120,70144,test
4632,200.mat.txt,200,outer_race,0.014,3,69632,70656,test
4633,200.mat.txt,200,outer_race,0.014,3,70144,71168,test
4634,200.mat.txt,200,outer_race,0.014,3,70656,71680,test
4635,200.mat.txt,200,outer_race,0.014,3,71168,72192,test
4636,200.mat.txt,200,outer_race,0.014,3,71680,72704,test
4637,200.mat.txt,200,outer_race,0.014,3,72192,73216,test
4638,200.mat.txt,200,outer_race,0.014,3,72704,73728,test
4639,200.mat.txt,200,outer_race,0.014,3,73216,74240,test
4640,200.mat.txt,200,outer_race,0.014,3,73728,74752,test
4641,200.mat.txt,200,outer_race,0.014,3,74240,75264,test
4642,200.mat.txt,200,outer_race,0.014,3,74752,75776,test
4643,200.mat.txt,200,outer_race,0.014,3,75264,76288,test
4644,200.mat.txt,200,outer_race,0.014,3,75776,76800,test
4645,200.mat.txt,200,outer_race,0.014,3,76288,77312,test
4646,200.mat.txt,200,outer_race,0.014,3,76800,77824,test
4647,200.mat.txt,200,outer_race,0.014,3,77312,78336,test
4648,200.mat.txt,200,outer_race,0.014,3,77824,78848,test
4649,200.mat.txt,200,outer_race,0.014,3,78336,79360,test
4650,200.mat.txt,200,outer_race,0.014,3,78848,79872,test
4651,200.mat.txt,200,outer_race,0.014,3,79360,80384,test
4652,200.mat.txt,200,outer_race,0.014,3,79872,80896,test
4653,200.mat.txt,200,outer_race,0.014,3,80384,81408,test
4654,200.mat.txt,200,outer_race,0.014,3,80896,81920,test
4655,200.mat.txt,200,outer_race,0.014,3,81408,82432,test
4656,200.mat.txt,200,outer_race,0.014,3,81920,82944,test
4657,200.mat.txt,200,outer_race,0.014,3,82432,83456,test
4658,200.mat.txt,200,outer_race,0.014,3,82944,83968,test
4659,200.mat.txt,200,outer_race,0.014,3,83456,84480,test
4660,200.mat.txt,200,outer_race,0.014,3,83968,84992,test
4661,200.mat.txt,200,outer_race,0.014,3,84480,85504,test
4662,200.mat.txt,200,outer_race,0.014,3,84992,86016,test
4663,200.mat.txt,200,outer_race,0.014,3,85504,86528,test
4664,200.mat.txt,200,outer_race,0.014,3,86016,87040,test
4665,200.mat.txt,200,outer_race,0.014,3,86528,87552,test
4666,200.mat.txt,200,outer_race,0.014,3,87040,88064,test
4667,200.mat.txt,200,outer_race,0.014,3,87552,88576,test
4668,200.mat.txt,200,outer_race,0.014,3,88064,89088,test
4669,200.mat.txt,200,outer_race,0.014,3,88576,89600,test
4670,200.mat.txt,200,outer_race,0.014,3,89088,90112,test
4671,200.mat.txt,200,outer_race,0.014,3,89600,90624,test
4672,200.mat.txt,200,outer_race,0.014,3,90112,91136,test
4673,200.mat.txt,200,outer_race,0.014,3,90624,91648,test
4674,200.mat.txt,200,outer_race,0.014,3,91136,92160,test
4675,200.mat.txt,200,outer_race,0.014,3,91648,92672,test
4676,200.mat.txt,200,outer_race,0.014,3,92160,93184,test
4677,200.mat.txt,200,outer_race,0.014,3,92672,93696,test
4678,200.mat.txt,200,outer_race,0.014,3,93184,94208,test
4679,200.mat.txt,200,outer_race,0.014,3,93696,94720,test
4680,200.mat.txt,200,outer_race,0.014,3,94208,95232,test
4681,200.mat.txt,200,outer_race,0.014,3,94720,95744,test
4682,200.mat.txt,200,outer_race,0.014,3,95232,96256,test
4683,200.mat.txt,200,outer_race,0.014,3,95744,96768,test
4684,200.mat.txt,200,outer_race,0.014,3,96256,97280,test
4685,200.mat.txt,200,outer_race,0.014,3,96768,97792,test
4686,200.mat.txt,200,outer_race,0.014,3,97280,98304,test
4687,200.mat.txt,200,outer_race,0.014,3,97792,98816,test
4688,200.mat.txt,200,outer_race,0.014,3,98304,99328,test
4689,200.mat.txt,200,outer_race,0.014,3,98816,99840,test
4690,200.mat.txt,200,outer_race,0.014,3,99328,100352,test
4691,200.mat.txt,200,outer_race,0.014,3,99840,100864,test
4692,200.mat.txt,200,outer_race,0.014,3,100352,101376,test
4693,200.mat.txt,200,outer_race,0.014,3,100864,101888,test
4694,200.mat.txt,200,outer_race,0.014,3,101376,102400,test
4695,200.mat.txt,200,outer_race,0.014,3,101888,102912,test
4696,200.mat.txt,200,outer_race,0.014,3,102400,103424,test
4697,200.mat.txt,200,outer_race,0.014,3,102912,103936,test
4698,200.mat.txt,200,outer_race,0.014,3,103424,104448,test
4699,200.mat.txt,200,outer_race,0.014,3,103936,104960,test
4700,200.mat.txt,200,outer_race,0.014,3,104448,105472,test
4701,200.mat.txt,200,outer_race,0.014,3,104960,105984,test
4702,200.mat.txt,200,outer_race,0.014,3,105472,106496,test
4703,200.mat.txt,200,outer_race,0.014,3,105984,107008,test
4704,200.mat.txt,200,outer_race,0.014,3,106496,107520,test
4705,200.mat.txt,200,outer_race,0.014,3,107008,108032,test
4706,200.mat.txt,200,outer_race,0.014,3,107520,108544,test
4707,200.mat.txt,200,outer_race,0.014,3,108032,109056,test
4708,200.mat.txt,200,outer_race,0.014,3,108544,109568,test
4709,200.mat.txt,200,outer_race,0.014,3,109056,110080,test
4710,200.mat.txt,200,outer_race,0.014,3,109568,110592,test
4711,200.mat.txt,200,outer_race,0.014,3,110080,111104,test
4712,200.mat.txt,200,outer_race,0.014,3,110592,111616,test
4713,200.mat.txt,200,outer_race,0.014,3,111104,112128,test
4714,200.mat.txt,200,outer_race,0.014,3,111616,112640,test
4715,200.mat.txt,200,outer_race,0.014,3,112128,113152,test
4716,200.mat.txt,200,outer_race,0.014,3,112640,113664,test
4717,200.mat.txt,200,outer_race,0.014,3,113152,114176,test
4718,200.mat.txt,200,outer_race,0.014,3,113664,114688,test
4719,200.mat.txt,200,outer_race,0.014,3,114176,115200,test
4720,200.mat.txt,200,outer_race,0.014,3,114688,115712,test
4721,200.mat.txt,200,outer_race,0.014,3,115200,116224,test
4722,200.mat.txt,200,outer_race,0.014,3,115712,116736,test
4723,200.mat.txt,200,outer_race,0.014,3,116224,117248,test
4724,200.mat.txt,200,outer_race,0.014,3,116736,117760,test
4725,200.mat.txt,200,outer_race,0.014,3,117248,118272,test
4726,200.mat.txt,200,outer_race,0.014,3,117760,118784,test
4727,200.mat.txt,200,outer_race,0.014,3,118272,119296,test
4728,200.mat.txt,200,outer_race,0.014,3,118784,119808,test
4729,200.mat.txt,200,outer_race,0.014,3,119296,120320,test
4730,200.mat.txt,200,outer_race,0.014,3,119808,120832,test
4731,200.mat.txt,200,outer_race,0.014,3,120320,121344,test
4732,200.mat.txt,200,outer_race,0.014,3,120832,121856,test
4733,234.mat.txt,234,outer_race,0.021,0,0,1024,train
4734,234.mat.txt,234,outer_race,0.021,0,512,1536,train
4735,234.mat.txt,234,outer_race,0.021,0,1024,2048,train
4736,234.mat.txt,234,outer_race,0.021,0,1536,2560,train
4737,234.mat.txt,234,outer_race,0.021,0,2048,3072,train
4738,234.mat.txt,234,outer_race,0.021,0,2560,3584,train
4739,234.mat.txt,234,outer_race,0.021,0,3072,4096,train
4740,234.mat.txt,234,outer_race,0.021,0,3584,4608,train
4741,234.mat.txt,234,outer_race,0.021,0,4096,5120,train
4742,234.mat.txt,234,outer_race,0.021,0,4608,5632,train
4743,234.mat.txt,234,outer_race,0.021,0,5120,6144,train
4744,234.mat.txt,234,outer_race,0.021,0,5632,6656,train
4745,234.mat.txt,234,outer_race,0.021,0,6144,7168,train
4746,234.mat.txt,234,outer_race,0.021,0,6656,7680,train
4747,234.mat.txt,234,outer_race,0.021,0,7168,8192,train
4748,234.mat.txt,234,outer_race,0.021,0,7680,8704,train
4749,234.mat.txt,234,outer_race,0.021,0,8192,9216,train
4750,234.mat.txt,234,outer_race,0.021,0,8704,9728,train
4751,234.mat.txt,234,outer_race,0.021,0,9216,10240,train
4752,234.mat.txt,234,outer_race,0.021,0,9728,10752,train
4753,234.mat.txt,234,outer_race,0.021,0,10240,11264,train
4754,234.mat.txt,234,outer_race,0.021,0,10752,11776,train
4755,234.mat.txt,234,outer_race,0.021,0,11264,12288,train
4756,234.mat.txt,234,outer_race,0.021,0,11776,12800,train
4757,234.mat.txt,234,outer_race,0.021,0,12288,13312,train
4758,234.mat.txt,234,outer_race,0.021,0,12800,13824,train
4759,234.mat.txt,234,outer_race,0.021,0,13312,14336,train
4760,234.mat.txt,234,outer_race,0.021,0,13824,14848,train
4761,234.mat.txt,234,outer_race,0.021,0,14336,15360,train
4762,234.mat.txt,234,outer_race,0.021,0,14848,15872,train
4763,234.mat.txt,234,outer_race,0.021,0,15360,16384,train
4764,234.mat.txt,234,outer_race,0.021,0,15872,16896,train
4765,234.mat.txt,234,outer_race,0.021,0,16384,17408,train
4766,234.mat.txt,234,outer_race,0.021,0,16896,17920,train
4767,234.mat.txt,234,outer_race,0.021,0,17408,18432,train
4768,234.mat.txt,234,outer_race,0.021,0,17920,18944,train
4769,234.mat.txt,234,outer_race,0.021,0,18432,19456,train
4770,234.mat.txt,234,outer_race,0.021,0,18944,19968,train
4771,234.mat.txt,234,outer_race,0.021,0,19456,20480,train
4772,234.mat.txt,234,outer_race,0.021,0,19968,20992,train
4773,234.mat.txt,234,outer_race,0.021,0,20480,21504,train
4774,234.mat.txt,234,outer_race,0.021,0,20992,22016,train
4775,234.mat.txt,234,outer_race,0.021,0,21504,22528,train
4776,234.mat.txt,234,outer_race,0.021,0,22016,23040,train
4777,234.mat.txt,234,outer_race,0.021,0,22528,23552,train
4778,234.mat.txt,234,outer_race,0.021,0,23040,24064,train
4779,234.mat.txt,234,outer_race,0.021,0,23552,24576,train
4780,234.mat.txt,234,outer_race,0.021,0,24064,25088,train
4781,234.mat.txt,234,outer_race,0.021,0,24576,25600,train
4782,234.mat.txt,234,outer_race,0.021,0,25088,26112,train
4783,234.mat.txt,234,outer_race,0.021,0,25600,26624,train
4784,234.mat.txt,234,outer_race,0.021,0,26112,27136,train
4785,234.mat.txt,234,outer_race,0.021,0,26624,27648,train
4786,234.mat.txt,234,outer_race,0.021,0,27136,28160,train
4787,234.mat.txt,234,outer_race,0.021,0,27648,28672,train
4788,234.mat.txt,234,outer_race,0.021,0,28160,29184,train
4789,234.mat.txt,234,outer_race,0.021,0,28672,29696,train
4790,234.mat.txt,234,outer_race,0.021,0,29184,30208,train
4791,234.mat.txt,234,outer_race,0.021,0,29696,30720,train
4792,234.mat.txt,234,outer_race,0.021,0,30208,31232,train
4793,234.mat.txt,234,outer_race,0.021,0,30720,31744,train
4794,234.mat.txt,234,outer_race,0.021,0,31232,32256,train
4795,234.mat.txt,234,outer_race,0.021,0,31744,32768,train
4796,234.mat.txt,234,outer_race,0.021,0,32256,33280,train
4797,234.mat.txt,234,outer_race,0.021,0,32768,33792,train
4798,234.mat.txt,234,outer_race,0.021,0,33280,34304,train
4799,234.mat.txt,234,outer_race,0.021,0,33792,34816,train
4800,234.mat.txt,234,outer_race,0.021,0,34304,35328,train
4801,234.mat.txt,234,outer_race,0.021,0,34816,35840,train
4802,234.mat.txt,234,outer_race,0.021,0,35328,36352,train
4803,234.mat.txt,234,outer_race,0.021,0,35840,36864,train
4804,234.mat.txt,234,outer_race,0.021,0,36352,37376,train
4805,234.mat.txt,234,outer_race,0.021,0,36864,37888,train
4806,234.mat.txt,234,outer_race,0.021,0,37376,38400,train
4807,234.mat.txt,234,outer_race,0.021,0,37888,38912,train
4808,234.mat.txt,234,outer_race,0.021,0,38400,39424,train
4809,234.mat.txt,234,outer_race,0.021,0,38912,39936,train
4810,234.mat.txt,234,outer_race,0.021,0,39424,40448,train
4811,234.mat.txt,234,outer_race,0.021,0,39936,40960,train
4812,234.mat.txt,234,outer_race,0.021,0,40448,41472,train
4813,234.mat.txt,234,outer_race,0.021,0,40960,41984,train
4814,234.mat.txt,234,outer_race,0.021,0,41472,42496,train
4815,234.mat.txt,234,outer_race,0.021,0,41984,43008,train
4816,234.mat.txt,234,outer_race,0.021,0,42496,43520,train
4817,234.mat.txt,234,outer_race,0.021,0,43008,44032,train
4818,234.mat.txt,234,outer_race,0.021,0,43520,44544,train
4819,234.mat.txt,234,outer_race,0.021,0,44032,45056,train
4820,234.mat.txt,234,outer_race,0.021,0,44544,45568,train
4821,234.mat.txt,234,outer_race,0.021,0,45056,46080,train
4822,234.mat.txt,234,outer_race,0.021,0,45568,46592,train
4823,234.mat.txt,234,outer_race,0.021,0,46080,47104,train
4824,234.mat.txt,234,outer_race,0.021,0,46592,47616,train
4825,234.mat.txt,234,outer_race,0.021,0,47104,48128,train
4826,234.mat.txt,234,outer_race,0.021,0,47616,48640,train
4827,234.mat.txt,234,outer_race,0.021,0,48128,49152,train
4828,234.mat.txt,234,outer_race,0.021,0,48640,49664,train
4829,234.mat.txt,234,outer_race,0.021,0,49152,50176,train
4830,234.mat.txt,234,outer_race,0.021,0,49664,50688,train
4831,234.mat.txt,234,outer_race,0.021,0,50176,51200,train
4832,234.mat.txt,234,outer_race,0.021,0,50688,51712,train
4833,234.mat.txt,234,outer_race,0.021,0,51200,52224,train
4834,234.mat.txt,234,outer_race,0.021,0,51712,52736,train
4835,234.mat.txt,234,outer_race,0.021,0,52224,53248,train
4836,234.mat.txt,234,outer_race,0.021,0,52736,53760,train
4837,234.mat.txt,234,outer_race,0.021,0,53248,54272,train
4838,234.mat.txt,234,outer_race,0.021,0,53760,54784,train
4839,234.mat.txt,234,outer_race,0.021,0,54272,55296,train
4840,234.mat.txt,234,outer_race,0.021,0,54784,55808,train
4841,234.mat.txt,234,outer_race,0.021,0,55296,56320,train
4842,234.mat.txt,234,outer_race,0.021,0,55808,56832,train
4843,234.mat.txt,234,outer_race,0.021,0,56320,57344,train
4844,234.mat.txt,234,outer_race,0.021,0,56832,57856,train
4845,234.mat.txt,234,outer_race,0.021,0,57344,58368,train
4846,234.mat.txt,234,outer_race,0.021,0,57856,58880,train
4847,234.mat.txt,234,outer_race,0.021,0,58368,59392,train
4848,234.mat.txt,234,outer_race,0.021,0,58880,59904,train
4849,234.mat.txt,234,outer_race,0.021,0,59392,60416,train
4850,234.mat.txt,234,outer_race,0.021,0,59904,60928,train
4851,234.mat.txt,234,outer_race,0.021,0,60416,61440,train
4852,234.mat.txt,234,outer_race,0.021,0,60928,61952,train
4853,234.mat.txt,234,outer_race,0.021,0,61440,62464,train
4854,234.mat.txt,234,outer_race,0.021,0,61952,62976,train
4855,234.mat.txt,234,outer_race,0.021,0,62464,63488,train
4856,234.mat.txt,234,outer_race,0.021,0,62976,64000,train
4857,234.mat.txt,234,outer_race,0.021,0,63488,64512,train
4858,234.mat.txt,234,outer_race,0.021,0,64000,65024,train
4859,234.mat.txt,234,outer_race,0.021,0,64512,65536,train
4860,234.mat.txt,234,outer_race,0.021,0,65024,66048,train
4861,234.mat.txt,234,outer_race,0.021,0,65536,66560,train
4862,234.mat.txt,234,outer_race,0.021,0,66048,67072,train
4863,234.mat.txt,234,outer_race,0.021,0,66560,67584,train
4864,234.mat.txt,234,outer_race,0.021,0,67072,68096,train
4865,234.mat.txt,234,outer_race,0.021,0,67584,68608,train
4866,234.mat.txt,234,outer_race,0.021,0,68096,69120,train
4867,234.mat.txt,234,outer_race,0.021,0,68608,69632,train
4868,234.mat.txt,234,outer_race,0.021,0,69120,70144,train
4869,234.mat.txt,234,outer_race,0.021,0,69632,70656,train
4870,234.mat.txt,234,outer_race,0.021,0,70144,71168,train
4871,234.mat.txt,234,outer_race,0.021,0,70656,71680,train
4872,234.mat.txt,234,outer_race,0.021,0,71168,72192,train
4873,234.mat.txt,234,outer_race,0.021,0,71680,72704,train
4874,234.mat.txt,234,outer_race,0.021,0,72192,73216,train
4875,234.mat.txt,234,outer_race,0.021,0,72704,73728,train
4876,234.mat.txt,234,outer_race,0.021,0,73216,74240,train
4877,234.mat.txt,234,outer_race,0.021,0,73728,74752,train
4878,234.mat.txt,234,outer_race,0.021,0,74240,75264,train
4879,234.mat.txt,234,outer_race,0.021,0,74752,75776,train
4880,234.mat.txt,234,outer_race,0.021,0,75264,76288,train
4881,234.mat.txt,234,outer_race,0.021,0,75776,76800,train
4882,234.mat.txt,234,outer_race,0.021,0,76288,77312,train
4883,234.mat.txt,234,outer_race,0.021,0,76800,77824,train
4884,234.mat.txt,234,outer_race,0.021,0,77312,78336,train
4885,234.mat.txt,234,outer_race,0.021,0,77824,78848,train
4886,234.mat.txt,234,outer_race,0.021,0,78336,79360,train
4887,234.mat.txt,234,outer_race,0.021,0,78848,79872,train
4888,234.mat.txt,234,outer_race,0.021,0,79360,80384,train
4889,234.mat.txt,234,outer_race,0.021,0,79872,80896,train
4890,234.mat.txt,234,outer_race,0.021,0,80384,81408,train
4891,234.mat.txt,234,outer_race,0.021,0,80896,81920,train
4892,234.mat.txt,234,outer_race,0.021,0,81408,82432,train
4893,234.mat.txt,234,outer_race,0.021,0,81920,82944,train
4894,234.mat.txt,234,outer_race,0.021,0,82432,83456,train
4895,234.mat.txt,234,outer_race,0.021,0,82944,83968,train
4896,234.mat.txt,234,outer_race,0.021,0,83456,84480,train
4897,234.mat.txt,234,outer_race,0.021,0,83968,84992,train
4898,234.mat.txt,234,outer_race,0.021,0,84480,85504,train
4899,234.mat.txt,234,outer_race,0.021,0,84992,86016,train
4900,234.mat.txt,234,outer_race,0.021,0,85504,86528,train
4901,234.mat.txt,234,outer_race,0.021,0,86016,87040,train
4902,234.mat.txt,234,outer_race,0.021,0,86528,87552,train
4903,234.mat.txt,234,outer_race,0.021,0,87040,88064,train
4904,234.mat.txt,234,outer_race,0.021,0,87552,88576,train
4905,234.mat.txt,234,outer_race,0.021,0,88064,89088,train
4906,234.mat.txt,234,outer_race,0.021,0,88576,89600,train
4907,234.mat.txt,234,outer_race,0.021,0,89088,90112,train
4908,234.mat.txt,234,outer_race,0.021,0,89600,90624,train
4909,234.mat.txt,234,outer_race,0.021,0,90112,91136,train
4910,234.mat.txt,234,outer_race,0.021,0,90624,91648,train
4911,234.mat.txt,234,outer_race,0.021,0,91136,92160,train
4912,234.mat.txt,234,outer_race,0.021,0,91648,92672,train
4913,234.mat.txt,234,outer_race,0.021,0,92160,93184,train
4914,234.mat.txt,234,outer_race,0.021,0,92672,93696,train
4915,234.mat.txt,234,outer_race,0.021,0,93184,94208,train
4916,234.mat.txt,234,outer_race,0.021,0,93696,94720,train
4917,234.mat.txt,234,outer_race,0.021,0,94208,95232,train
4918,234.mat.txt,234,outer_race,0.021,0,94720,95744,train
4919,234.mat.txt,234,outer_race,0.021,0,95232,96256,train
4920,234.mat.txt,234,outer_race,0.021,0,95744,96768,train
4921,234.mat.txt,234,outer_race,0.021,0,96256,97280,train
4922,234.mat.txt,234,outer_race,0.021,0,96768,97792,train
4923,234.mat.txt,234,outer_race,0.021,0,97280,98304,train
4924,234.mat.txt,234,outer_race,0.021,0,97792,98816,train
4925,234.mat.txt,234,outer_race,0.021,0,98304,99328,train
4926,234.mat.txt,234,outer_race,0.021,0,98816,99840,train
4927,234.mat.txt,234,outer_race,0.021,0,99328,100352,train
4928,234.mat.txt,234,outer_race,0.021,0,99840,100864,train
4929,234.mat.txt,234,outer_race,0.021,0,100352,101376,train
4930,234.mat.txt,234,outer_race,0.021,0,100864,101888,train
4931,234.mat.txt,234,outer_race,0.021,0,101376,102400,train
4932,234.mat.txt,234,outer_race,0.021,0,101888,102912,train
4933,234.mat.txt,234,outer_race,0.021,0,102400,103424,train
4934,234.mat.txt,234,outer_race,0.021,0,102912,103936,train
4935,234.mat.txt,234,outer_race,0.021,0,103424,104448,train
4936,234.mat.txt,234,outer_race,0.021,0,103936,104960,train
4937,234.mat.txt,234,outer_race,0.021,0,104448,105472,train
4938,234.mat.txt,234,outer_race,0.021,0,104960,105984,train
4939,234.mat.txt,234,outer_race,0.021,0,105472,106496,train
4940,234.mat.txt,234,outer_race,0.021,0,105984,107008,train
4941,234.mat.txt,234,outer_race,0.021,0,106496,107520,train
4942,234.mat.txt,234,outer_race,0.021,0,107008,108032,train
4943,234.mat.txt,234,outer_race,0.021,0,107520,108544,train
4944,234.mat.txt,234,outer_race,0.021,0,108032,109056,train
4945,234.mat.txt,234,outer_race,0.021,0,108544,109568,train
4946,234.mat.txt,234,outer_race,0.021,0,109056,110080,train
4947,234.mat.txt,234,outer_race,0.021,0,109568,110592,train
4948,234.mat.txt,234,outer_race,0.021,0,110080,111104,train
4949,234.mat.txt,234,outer_race,0.021,0,110592,111616,train
4950,234.mat.txt,234,outer_race,0.021,0,111104,112128,train
4951,234.mat.txt,234,outer_race,0.021,0,111616,112640,train
4952,234.mat.txt,234,outer_race,0.021,0,112128,113152,train
4953,234.mat.txt,234,outer_race,0.021,0,112640,113664,train
4954,234.mat.txt,234,outer_race,0.021,0,113152,114176,train
4955,234.mat.txt,234,outer_race,0.021,0,113664,114688,train
4956,234.mat.txt,234,outer_race,0.021,0,114176,115200,train
4957,234.mat.txt,234,outer_race,0.021,0,114688,115712,train
4958,234.mat.txt,234,outer_race,0.021,0,115200,116224,train
4959,234.mat.txt,234,outer_race,0.021,0,115712,116736,train
4960,234.mat.txt,234,outer_race,0.021,0,116224,117248,train
4961,234.mat.txt,234,outer_race,0.021,0,116736,117760,train
4962,234.mat.txt,234,outer_race,0.021,0,117248,118272,train
4963,234.mat.txt,234,outer_race,0.021,0,117760,118784,train
4964,234.mat.txt,234,outer_race,0.021,0,118272,119296,train
4965,234.mat.txt,234,outer_race,0.021,0,118784,119808,train
4966,234.mat.txt,234,outer_race,0.021,0,119296,120320,train
4967,234.mat.txt,234,outer_race,0.021,0,119808,120832,train
4968,234.mat.txt,234,outer_race,0.021,0,120320,121344,train
4969,234.mat.txt,234,outer_race,0.021,0,120832,121856,train
4970,234.mat.txt,234,outer_race,0.021,0,121344,122368,train
4971,235.mat.txt,235,outer_race,0.021,1,0,1024,train
4972,235.mat.txt,235,outer_race,0.021,1,512,1536,train
4973,235.mat.txt,235,outer_race,0.021,1,1024,2048,train
4974,235.mat.txt,235,outer_race,0.021,1,1536,2560,train
4975,235.mat.txt,235,outer_race,0.021,1,2048,3072,train
4976,235.mat.txt,235,outer_race,0.021,1,2560,3584,train
4977,235.mat.txt,235,outer_race,0.021,1,3072,4096,train
4978,235.mat.txt,235,outer_race,0.021,1,3584,4608,train
4979,235.mat.txt,235,outer_race,0.021,1,4096,5120,train
4980,235.mat.txt,235,outer_race,0.021,1,4608,5632,train
4981,235.mat.txt,235,outer_race,0.021,1,5120,6144,train
4982,235.mat.txt,235,outer_race,0.021,1,5632,6656,train
4983,235.mat.txt,235,outer_race,0.021,1,6144,7168,train
4984,235.mat.txt,235,outer_race,0.021,1,6656,7680,train
4985,235.mat.txt,235,outer_race,0.021,1,7168,8192,train
4986,235.mat.txt,235,outer_race,0.021,1,7680,8704,train
4987,235.mat.txt,235,outer_race,0.021,1,8192,9216,train
4988,235.mat.txt,235,outer_race,0.021,1,8704,9728,train
4989,235.mat.txt,235,outer_race,0.021,1,9216,10240,train
4990,235.mat.txt,235,outer_race,0.021,1,9728,10752,train
4991,235.mat.txt,235,outer_race,0.021,1,10240,11264,train
4992,235.mat.txt,235,outer_race,0.021,1,10752,11776,train
4993,235.mat.txt,235,outer_race,0.021,1,11264,12288,train
4994,235.mat.txt,235,outer_race,0.021,1,11776,12800,train
4995,235.mat.txt,235,outer_race,0.021,1,12288,13312,train
4996,235.mat.txt,235,outer_race,0.021,1,12800,13824,train
4997,235.mat.txt,235,outer_race,0.021,1,13312,14336,train
4998,235.mat.txt,235,outer_race,0.021,1,13824,14848,train
4999,235.mat.txt,235,outer_race,0.021,1,14336,15360,train
5000,235.mat.txt,235,outer_race,0.021,1,14848,15872,train
5001,235.mat.txt,235,outer_race,0.021,1,15360,16384,train
5002,235.mat.txt,235,outer_race,0.021,1,15872,16896,train
5003,235.mat.txt,235,outer_race,0.021,1,16384,17408,train
5004,235.mat.txt,235,outer_race,0.021,1,16896,17920,train
5005,235.mat.txt,235,outer_race,0.021,1,17408,18432,train
5006,235.mat.txt,235,outer_race,0.021,1,17920,18944,train
5007,235.mat.txt,235,outer_race,0.021,1,18432,19456,train
5008,235.mat.txt,235,outer_race,0.021,1,18944,19968,train
5009,235.mat.txt,235,outer_race,0.021,1,19456,20480,train
5010,235.mat.txt,235,outer_race,0.021,1,19968,20992,train
5011,235.mat.txt,235,outer_race,0.021,1,20480,21504,train
5012,235.mat.txt,235,outer_race,0.021,1,20992,22016,train
5013,235.mat.txt,235,outer_race,0.021,1,21504,22528,train
5014,235.mat.txt,235,outer_race,0.021,1,22016,23040,train
5015,235.mat.txt,235,outer_race,0.021,1,22528,23552,train
5016,235.mat.txt,235,outer_race,0.021,1,23040,24064,train
5017,235.mat.txt,235,outer_race,0.021,1,23552,24576,train
5018,235.mat.txt,235,outer_race,0.021,1,24064,25088,train
5019,235.mat.txt,235,outer_race,0.021,1,24576,25600,train
5020,235.mat.txt,235,outer_race,0.021,1,25088,26112,train
5021,235.mat.txt,235,outer_race,0.021,1,25600,26624,train
5022,235.mat.txt,235,outer_race,0.021,1,26112,27136,train
5023,235.mat.txt,235,outer_race,0.021,1,26624,27648,train
5024,235.mat.txt,235,outer_race,0.021,1,27136,28160,train
5025,235.mat.txt,235,outer_race,0.021,1,27648,28672,train
5026,235.mat.txt,235,outer_race,0.021,1,28160,29184,train
5027,235.mat.txt,235,outer_race,0.021,1,28672,29696,train
5028,235.mat.txt,235,outer_race,0.021,1,29184,30208,train
5029,235.mat.txt,235,outer_race,0.021,1,29696,30720,train
5030,235.mat.txt,235,outer_race,0.021,1,30208,31232,train
5031,235.mat.txt,235,outer_race,0.021,1,30720,31744,train
5032,235.mat.txt,235,outer_race,0.021,1,31232,32256,train
5033,235.mat.txt,235,outer_race,0.021,1,31744,32768,train
5034,235.mat.txt,235,outer_race,0.021,1,32256,33280,train
5035,235.mat.txt,235,outer_race,0.021,1,32768,33792,train
5036,235.mat.txt,235,outer_race,0.021,1,33280,34304,train
5037,235.mat.txt,235,outer_race,0.021,1,33792,34816,train
5038,235.mat.txt,235,outer_race,0.021,1,34304,35328,train
5039,235.mat.txt,235,outer_race,0.021,1,34816,35840,train
5040,235.mat.txt,235,outer_race,0.021,1,35328,36352,train
5041,235.mat.txt,235,outer_race,0.021,1,35840,36864,train
5042,235.mat.txt,235,outer_race,0.021,1,36352,37376,train
5043,235.mat.txt,235,outer_race,0.021,1,36864,37888,train
5044,235.mat.txt,235,outer_race,0.021,1,37376,38400,train
5045,235.mat.txt,235,outer_race,0.021,1,37888,38912,train
5046,235.mat.txt,235,outer_race,0.021,1,38400,39424,train
5047,235.mat.txt,235,outer_race,0.021,1,38912,39936,train
5048,235.mat.txt,235,outer_race,0.021,1,39424,40448,train
5049,235.mat.txt,235,outer_race,0.021,1,39936,40960,train
5050,235.mat.txt,235,outer_race,0.021,1,40448,41472,train
5051,235.mat.txt,235,outer_race,0.021,1,40960,41984,train
5052,235.mat.txt,235,outer_race,0.021,1,41472,42496,train
5053,235.mat.txt,235,outer_race,0.021,1,41984,43008,train
5054,235.mat.txt,235,outer_race,0.021,1,42496,43520,train
5055,235.mat.txt,235,outer_race,0.021,1,43008,44032,train
5056,235.mat.txt,235,outer_race,0.021,1,43520,44544,train
5057,235.mat.txt,235,outer_race,0.021,1,44032,45056,train
5058,235.mat.txt,235,outer_race,0.021,1,44544,45568,train
5059,235.mat.txt,235,outer_race,0.021,1,45056,46080,train
5060,235.mat.txt,235,outer_race,0.021,1,45568,46592,train
5061,235.mat.txt,235,outer_race,0.021,1,46080,47104,train
5062,235.mat.txt,235,outer_race,0.021,1,46592,47616,train
5063,235.mat.txt,235,outer_race,0.021,1,47104,48128,train
5064,235.mat.txt,235,outer_race,0.021,1,47616,48640,train
5065,235.mat.txt,235,outer_race,0.021,1,48128,49152,train
5066,235.mat.txt,235,outer_race,0.021,1,48640,49664,train
5067,235.mat.txt,235,outer_race,0.021,1,49152,50176,train
5068,235.mat.txt,235,outer_race,0.021,1,49664,50688,train
5069,235.mat.txt,235,outer_race,0.021,1,50176,51200,train
5070,235.mat.txt,235,outer_race,0.021,1,50688,51712,train
5071,235.mat.txt,235,outer_race,0.021,1,51200,52224,train
5072,235.mat.txt,235,outer_race,0.021,1,51712,52736,train
5073,235.mat.txt,235,outer_race,0.021,1,52224,53248,train
5074,235.mat.txt,235,outer_race,0.021,1,52736,53760,train
5075,235.mat.txt,235,outer_race,0.021,1,53248,54272,train
5076,235.mat.txt,235,outer_race,0.021,1,53760,54784,train
5077,235.mat.txt,235,outer_race,0.021,1,54272,55296,train
5078,235.mat.txt,235,outer_race,0.021,1,54784,55808,train
5079,235.mat.txt,235,outer_race,0.021,1,55296,56320,train
5080,235.mat.txt,235,outer_race,0.021,1,55808,56832,train
5081,235.mat.txt,235,outer_race,0.021,1,56320,57344,train
5082,235.mat.txt,235,outer_race,0.021,1,56832,57856,train
5083,235.mat.txt,235,outer_race,0.021,1,57344,58368,train
5084,235.mat.txt,235,outer_race,0.021,1,57856,58880,train
5085,235.mat.txt,235,outer_race,0.021,1,58368,59392,train
5086,235.mat.txt,235,outer_race,0.021,1,58880,59904,train
5087,235.mat.txt,235,outer_race,0.021,1,59392,60416,train
5088,235.mat.txt,235,outer_race,0.021,1,59904,60928,train
5089,235.mat.txt,235,outer_race,0.021,1,60416,61440,train
5090,235.mat.txt,235,outer_race,0.021,1,60928,61952,train
5091,235.mat.txt,235,outer_race,0.021,1,61440,62464,train
5092,235.mat.txt,235,outer_race,0.021,1,61952,62976,train
5093,235.mat.txt,235,outer_race,0.021,1,62464,63488,train
5094,235.mat.txt,235,outer_race,0.021,1,62976,64000,train
5095,235.mat.txt,235,outer_race,0.021,1,63488,64512,train
5096,235.mat.txt,235,outer_race,0.021,1,64000,65024,train
5097,235.mat.txt,235,outer_race,0.021,1,64512,65536,train
5098,235.mat.txt,235,outer_race,0.021,1,65024,66048,train
5099,235.mat.txt,235,outer_race,0.021,1,65536,66560,train
5100,235.mat.txt,235,outer_race,0.021,1,66048,67072,train
5101,235.mat.txt,235,outer_race,0.021,1,66560,67584,train
5102,235.mat.txt,235,outer_race,0.021,1,67072,68096,train
5103,235.mat.txt,235,outer_race,0.021,1,67584,68608,train
5104,235.mat.txt,235,outer_race,0.021,1,68096,69120,train
5105,235.mat.txt,235,outer_race,0.021,1,68608,69632,train
5106,235.mat.txt,235,outer_race,0.021,1,69120,70144,train
5107,235.mat.txt,235,outer_race,0.021,1,69632,70656,train
5108,235.mat.txt,235,outer_race,0.021,1,70144,71168,train
5109,235.mat.txt,235,outer_race,0.021,1,70656,71680,train
5110,235.mat.txt,235,outer_race,0.021,1,71168,72192,train
5111,235.mat.txt,235,outer_race,0.021,1,71680,72704,train
5112,235.mat.txt,235,outer_race,0.021,1,72192,73216,train
5113,235.mat.txt,235,outer_race,0.021,1,72704,73728,train
5114,235.mat.txt,235,outer_race,0.021,1,73216,74240,train
5115,235.mat.txt,235,outer_race,0.021,1,73728,74752,train
5116,235.mat.txt,235,outer_race,0.021,1,74240,75264,train
5117,235.mat.txt,235,outer_race,0.021,1,74752,75776,train
5118,235.mat.txt,235,outer_race,0.021,1,75264,76288,train
5119,235.mat.txt,235,outer_race,0.021,1,75776,76800,train
5120,235.mat.txt,235,outer_race,0.021,1,76288,77312,train
5121,235.mat.txt,235,outer_race,0.021,1,76800,77824,train
5122,235.mat.txt,235,outer_race,0.021,1,77312,78336,train
5123,235.mat.txt,235,outer_race,0.021,1,77824,78848,train
5124,235.mat.txt,235,outer_race,0.021,1,78336,79360,train
5125,235.mat.txt,235,outer_race,0.021,1,78848,79872,train
5126,235.mat.txt,235,outer_race,0.021,1,79360,80384,train
5127,235.mat.txt,235,outer_race,0.021,1,79872,80896,train
5128,235.mat.txt,235,outer_race,0.021,1,80384,81408,train
5129,235.mat.txt,235,outer_race,0.021,1,80896,81920,train
5130,235.mat.txt,235,outer_race,0.021,1,81408,82432,train
5131,235.mat.txt,235,outer_race,0.021,1,81920,82944,train
5132,235.mat.txt,235,outer_race,0.021,1,82432,83456,train
5133,235.mat.txt,235,outer_race,0.021,1,82944,83968,train
5134,235.mat.txt,235,outer_race,0.021,1,83456,84480,train
5135,235.mat.txt,235,outer_race,0.021,1,83968,84992,train
5136,235.mat.txt,235,outer_race,0.021,1,84480,85504,train
5137,235.mat.txt,235,outer_race,0.021,1,84992,86016,train
5138,235.mat.txt,235,outer_race,0.021,1,85504,86528,train
5139,235.mat.txt,235,outer_race,0.021,1,86016,87040,train
5140,235.mat.txt,235,outer_race,0.021,1,86528,87552,train
5141,235.mat.txt,235,outer_race,0.021,1,87040,88064,train
5142,235.mat.txt,235,outer_race,0.021,1,87552,88576,train
5143,235.mat.txt,235,outer_race,0.021,1,88064,89088,train
5144,235.mat.txt,235,outer_race,0.021,1,88576,89600,train
5145,235.mat.txt,235,outer_race,0.021,1,89088,90112,train
5146,235.mat.txt,235,outer_race,0.021,1,89600,90624,train
5147,235.mat.txt,235,outer_race,0.021,1,90112,91136,train
5148,235.mat.txt,235,outer_race,0.021,1,90624,91648,train
5149,235.mat.txt,235,outer_race,0.021,1,91136,92160,train
5150,235.mat.txt,235,outer_race,0.021,1,91648,92672,train
5151,235.mat.txt,235,outer_race,0.021,1,92160,93184,train
5152,235.mat.txt,235,outer_race,0.021,1,92672,93696,train
5153,235.mat.txt,235,outer_race,0.021,1,93184,94208,train
5154,235.mat.txt,235,outer_race,0.021,1,93696,94720,train
5155,235.mat.txt,235,outer_race,0.021,1,94208,95232,train
5156,235.mat.txt,235,outer_race,0.021,1,94720,95744,train
5157,235.mat.txt,235,outer_race,0.021,1,95232,96256,train
5158,235.mat.txt,235,outer_race,0.021,1,95744,96768,train
5159,235.mat.txt,235,outer_race,0.021,1,96256,97280,train
5160,235.mat.txt,235,outer_race,0.021,1,96768,97792,train
5161,235.mat.txt,235,outer_race,0.021,1,97280,98304,train
5162,235.mat.txt,235,outer_race,0.021,1,97792,98816,train
5163,235.mat.txt,235,outer_race,0.021,1,98304,99328,train
5164,235.mat.txt,235,outer_race,0.021,1,98816,99840,train
5165,235.mat.txt,235,outer_race,0.021,1,99328,100352,train
5166,235.mat.txt,235,outer_race,0.021,1,99840,100864,train
5167,235.mat.txt,235,outer_race,0.021,1,100352,101376,train
5168,235.mat.txt,235,outer_race,0.021,1,100864,101888,train
5169,235.mat.txt,235,outer_race,0.021,1,101376,102400,train
5170,235.mat.txt,235,outer_race,0.021,1,101888,102912,train
5171,235.mat.txt,235,outer_race,0.021,1,102400,103424,train
5172,235.mat.txt,235,outer_race,0.021,1,102912,103936,train
5173,235.mat.txt,235,outer_race,0.021,1,103424,104448,train
5174,235.mat.txt,235,outer_race,0.021,1,103936,104960,train
5175,235.mat.txt,235,outer_race,0.021,1,104448,105472,train
5176,235.mat.txt,235,outer_race,0.021,1,104960,105984,train
5177,235.mat.txt,235,outer_race,0.021,1,105472,106496,train
5178,235.mat.txt,235,outer_race,0.021,1,105984,107008,train
5179,235.mat.txt,235,outer_race,0.021,1,106496,107520,train
5180,235.mat.txt,235,outer_race,0.021,1,107008,108032,train
5181,235.mat.txt,235,outer_race,0.021,1,107520,108544,train
5182,235.mat.txt,235,outer_race,0.021,1,108032,109056,train
5183,235.mat.txt,235,outer_race,0.021,1,108544,109568,train
5184,235.mat.txt,235,outer_race,0.021,1,109056,110080,train
5185,235.mat.txt,235,outer_race,0.021,1,109568,110592,train
5186,235.mat.txt,235,outer_race,0.021,1,110080,111104,train
5187,235.mat.txt,235,outer_race,0.021,1,110592,111616,train
5188,235.mat.txt,235,outer_race,0.021,1,111104,112128,train
5189,235.mat.txt,235,outer_race,0.021,1,111616,112640,train
5190,235.mat.txt,235,outer_race,0.021,1,112128,113152,train
5191,235.mat.txt,235,outer_race,0.021,1,112640,113664,train
5192,235.mat.txt,235,outer_race,0.021,1,113152,114176,train
5193,235.mat.txt,235,outer_race,0.021,1,113664,114688,train
5194,235.mat.txt,235,outer_race,0.021,1,114176,115200,train
5195,235.mat.txt,235,outer_race,0.021,1,114688,115712,train
5196,235.mat.txt,235,outer_race,0.021,1,115200,116224,train
5197,235.mat.txt,235,outer_race,0.021,1,115712,116736,train
5198,235.mat.txt,235,outer_race,0.021,1,116224,117248,train
5199,235.mat.txt,235,outer_race,0.021,1,116736,117760,train
5200,235.mat.txt,235,outer_race,0.021,1,117248,118272,train
5201,235.mat.txt,235,outer_race,0.021,1,117760,118784,train
5202,235.mat.txt,235,outer_race,0.021,1,118272,119296,train
5203,235.mat.txt,235,outer_race,0.021,1,118784,119808,train
5204,235.mat.txt,235,outer_race,0.021,1,119296,120320,train
5205,235.mat.txt,235,outer_race,0.021,1,119808,120832,train
5206,235.mat.txt,235,outer_race,0.021,1,120320,121344,train
5207,235.mat.txt,235,outer_race,0.021,1,120832,121856,train
5208,236.mat.txt,236,outer_race,0.021,2,0,1024,train
5209,236.mat.txt,236,outer_race,0.021,2,512,1536,train
5210,236.mat.txt,236,outer_race,0.021,2,1024,2048,train
5211,236.mat.txt,236,outer_race,0.021,2,1536,2560,train
5212,236.mat.txt,236,outer_race,0.021,2,2048,3072,train
5213,236.mat.txt,236,outer_race,0.021,2,2560,3584,train
5214,236.mat.txt,236,outer_race,0.021,2,3072,4096,train
5215,236.mat.txt,236,outer_race,0.021,2,3584,4608,train
5216,236.mat.txt,236,outer_race,0.021,2,4096,5120,train
5217,236.mat.txt,236,outer_race,0.021,2,4608,5632,train
5218,236.mat.txt,236,outer_race,0.021,2,5120,6144,train
5219,236.mat.txt,236,outer_race,0.021,2,5632,6656,train
5220,236.mat.txt,236,outer_race,0.021,2,6144,7168,train
5221,236.mat.txt,236,outer_race,0.021,2,6656,7680,train
5222,236.mat.txt,236,outer_race,0.021,2,7168,8192,train
5223,236.mat.txt,236,outer_race,0.021,2,7680,8704,train
5224,236.mat.txt,236,outer_race,0.021,2,8192,9216,train
5225,236.mat.txt,236,outer_race,0.021,2,8704,9728,train
5226,236.mat.txt,236,outer_race,0.021,2,9216,10240,train
5227,236.mat.txt,236,outer_race,0.021,2,9728,10752,train
5228,236.mat.txt,236,outer_race,0.021,2,10240,11264,train
5229,236.mat.txt,236,outer_race,0.021,2,10752,11776,train
5230,236.mat.txt,236,outer_race,0.021,2,11264,12288,train
5231,236.mat.txt,236,outer_race,0.021,2,11776,12800,train
5232,236.mat.txt,236,outer_race,0.021,2,12288,13312,train
5233,236.mat.txt,236,outer_race,0.021,2,12800,13824,train
5234,236.mat.txt,236,outer_race,0.021,2,13312,14336,train
5235,236.mat.txt,236,outer_race,0.021,2,13824,14848,train
5236,236.mat.txt,236,outer_race,0.021,2,14336,15360,train
5237,236.mat.txt,236,outer_race,0.021,2,14848,15872,train
5238,236.mat.txt,236,outer_race,0.021,2,15360,16384,train
5239,236.mat.txt,236,outer_race,0.021,2,15872,16896,train
5240,236.mat.txt,236,outer_race,0.021,2,16384,17408,train
5241,236.mat.txt,236,outer_race,0.021,2,16896,17920,train
5242,236.mat.txt,236,outer_race,0.021,2,17408,18432,train
5243,236.mat.txt,236,outer_race,0.021,2,17920,18944,train
5244,236.mat.txt,236,outer_race,0.021,2,18432,19456,train
5245,236.mat.txt,236,outer_race,0.021,2,18944,19968,train
5246,236.mat.txt,236,outer_race,0.021,2,19456,20480,train
5247,236.mat.txt,236,outer_race,0.021,2,19968,20992,train
5248,236.mat.txt,236,outer_race,0.021,2,20480,21504,train
5249,236.mat.txt,236,outer_race,0.021,2,20992,22016,train
5250,236.mat.txt,236,outer_race,0.021,2,21504,22528,train
5251,236.mat.txt,236,outer_race,0.021,2,22016,23040,train
5252,236.mat.txt,236,outer_race,0.021,2,22528,23552,train
5253,236.mat.txt,236,outer_race,0.021,2,23040,24064,train
5254,236.mat.txt,236,outer_race,0.021,2,23552,24576,train
5255,236.mat.txt,236,outer_race,0.021,2,24064,25088,train
5256,236.mat.txt,236,outer_race,0.021,2,24576,25600,train
5257,236.mat.txt,236,outer_race,0.021,2,25088,26112,train
5258,236.mat.txt,236,outer_race,0.021,2,25600,26624,train
5259,236.mat.txt,236,outer_race,0.021,2,26112,27136,train
5260,236.mat.txt,236,outer_race,0.021,2,26624,27648,train
5261,236.mat.txt,236,outer_race,0.021,2,27136,28160,train
5262,236.mat.txt,236,outer_race,0.021,2,27648,28672,train
5263,236.mat.txt,236,outer_race,0.021,2,28160,29184,train
5264,236.mat.txt,236,outer_race,0.021,2,28672,29696,train
5265,236.mat.txt,236,outer_race,0.021,2,29184,30208,train
5266,236.mat.txt,236,outer_race,0.021,2,29696,30720,train
5267,236.mat.txt,236,outer_race,0.021,2,30208,31232,train
5268,236.mat.txt,236,outer_race,0.021,2,30720,31744,train
5269,236.mat.txt,236,outer_race,0.021,2,31232,32256,train
5270,236.mat.txt,236,outer_race,0.021,2,31744,32768,train
5271,236.mat.txt,236,outer_race,0.021,2,32256,33280,train
5272,236.mat.txt,236,outer_race,0.021,2,32768,33792,train
5273,236.mat.txt,236,outer_race,0.021,2,33280,34304,train
5274,236.mat.txt,236,outer_race,0.021,2,33792,34816,train
5275,236.mat.txt,236,outer_race,0.021,2,34304,35328,train
5276,236.mat.txt,236,outer_race,0.021,2,34816,35840,train
5277,236.mat.txt,236,outer_race,0.021,2,35328,36352,train
5278,236.mat.txt,236,outer_race,0.021,2,35840,36864,train
5279,236.mat.txt,236,outer_race,0.021,2,36352,37376,train
5280,236.mat.txt,236,outer_race,0.021,2,36864,37888,train
5281,236.mat.txt,236,outer_race,0.021,2,37376,38400,train
5282,236.mat.txt,236,outer_race,0.021,2,37888,38912,train
5283,236.mat.txt,236,outer_race,0.021,2,38400,39424,train
5284,236.mat.txt,236,outer_race,0.021,2,38912,39936,train
5285,236.mat.txt,236,outer_race,0.021,2,39424,40448,train
5286,236.mat.txt,236,outer_race,0.021,2,39936,40960,train
5287,236.mat.txt,236,outer_race,0.021,2,40448,41472,train
5288,236.mat.txt,236,outer_race,0.021,2,40960,41984,train
5289,236.mat.txt,236,outer_race,0.021,2,41472,42496,train
5290,236.mat.txt,236,outer_race,0.021,2,41984,43008,train
5291,236.mat.txt,236,outer_race,0.021,2,42496,43520,train
5292,236.mat.txt,236,outer_race,0.021,2,43008,44032,train
5293,236.mat.txt,236,outer_race,0.021,2,43520,44544,train
5294,236.mat.txt,236,outer_race,0.021,2,44032,45056,train
5295,236.mat.txt,236,outer_race,0.021,2,44544,45568,train
5296,236.mat.txt,236,outer_race,0.021,2,45056,46080,train
5297,236.mat.txt,236,outer_race,0.021,2,45568,46592,train
5298,236.mat.txt,236,outer_race,0.021,2,46080,47104,train
5299,236.mat.txt,236,outer_race,0.021,2,46592,47616,train
5300,236.mat.txt,236,outer_race,0.021,2,47104,48128,train
5301,236.mat.txt,236,outer_race,0.021,2,47616,48640,train
5302,236.mat.txt,236,outer_race,0.021,2,48128,49152,train
5303,236.mat.txt,236,outer_race,0.021,2,48640,49664,train
5304,236.mat.txt,236,outer_race,0.021,2,49152,50176,train
5305,236.mat.txt,236,outer_race,0.021,2,49664,50688,train
5306,236.mat.txt,236,outer_race,0.021,2,50176,51200,train
5307,236.mat.txt,236,outer_race,0.021,2,50688,51712,train
5308,236.mat.txt,236,outer_race,0.021,2,51200,52224,train
5309,236.mat.txt,236,outer_race,0.021,2,51712,52736,train
5310,236.mat.txt,236,outer_race,0.021,2,52224,53248,train
5311,236.mat.txt,236,outer_race,0.021,2,52736,53760,train
5312,236.mat.txt,236,outer_race,0.021,2,53248,54272,train
5313,236.mat.txt,236,outer_race,0.021,2,53760,54784,train
5314,236.mat.txt,236,outer_race,0.021,2,54272,55296,train
5315,236.mat.txt,236,outer_race,0.021,2,54784,55808,train
5316,236.mat.txt,236,outer_race,0.021,2,55296,56320,train
5317,236.mat.txt,236,outer_race,0.021,2,55808,56832,train
5318,236.mat.txt,236,outer_race,0.021,2,56320,57344,train
5319,236.mat.txt,236,outer_race,0.021,2,56832,57856,train
5320,236.mat.txt,236,outer_race,0.021,2,57344,58368,train
5321,236.mat.txt,236,outer_race,0.021,2,57856,58880,train
5322,236.mat.txt,236,outer_race,0.021,2,58368,59392,train
5323,236.mat.txt,236,outer_race,0.021,2,58880,59904,train
5324,236.mat.txt,236,outer_race,0.021,2,59392,60416,train
5325,236.mat.txt,236,outer_race,0.021,2,59904,60928,train
5326,236.mat.txt,236,outer_race,0.021,2,60416,61440,train
5327,236.mat.txt,236,outer_race,0.021,2,60928,61952,train
5328,236.mat.txt,236,outer_race,0.021,2,61440,62464,train
5329,236.mat.txt,236,outer_race,0.021,2,61952,62976,train
5330,236.mat.txt,236,outer_race,0.021,2,62464,63488,train
5331,236.mat.txt,236,outer_race,0.021,2,62976,64000,train
5332,236.mat.txt,236,outer_race,0.021,2,63488,64512,train
5333,236.mat.txt,236,outer_race,0.021,2,64000,65024,train
5334,236.mat.txt,236,outer_race,0.021,2,64512,65536,train
5335,236.mat.txt,236,outer_race,0.021,2,65024,66048,train
5336,236.mat.txt,236,outer_race,0.021,2,65536,66560,train
5337,236.mat.txt,236,outer_race,0.021,2,66048,67072,train
5338,236.mat.txt,236,outer_race,0.021,2,66560,67584,train
5339,236.mat.txt,236,outer_race,0.021,2,67072,68096,train
5340,236.mat.txt,236,outer_race,0.021,2,67584,68608,train
5341,236.mat.txt,236,outer_race,0.021,2,68096,69120,train
5342,236.mat.txt,236,outer_race,0.021,2,68608,69632,train
5343,236.mat.txt,236,outer_race,0.021,2,69120,70144,train
5344,236.mat.txt,236,outer_race,0.021,2,69632,70656,train
5345,236.mat.txt,236,outer_race,0.021,2,70144,71168,train
5346,236.mat.txt,236,outer_race,0.021,2,70656,71680,train
5347,236.mat.txt,236,outer_race,0.021,2,71168,72192,train
5348,236.mat.txt,236,outer_race,0.021,2,71680,72704,train
5349,236.mat.txt,236,outer_race,0.021,2,72192,73216,train
5350,236.mat.txt,236,outer_race,0.021,2,72704,73728,train
5351,236.mat.txt,236,outer_race,0.021,2,73216,74240,train
5352,236.mat.txt,236,outer_race,0.021,2,73728,74752,train
5353,236.mat.txt,236,outer_race,0.021,2,74240,75264,train
5354,236.mat.txt,236,outer_race,0.021,2,74752,75776,train
5355,236.mat.txt,236,outer_race,0.021,2,75264,76288,train
5356,236.mat.txt,236,outer_race,0.021,2,75776,76800,train
5357,236.mat.txt,236,outer_race,0.021,2,76288,77312,train
5358,236.mat.txt,236,outer_race,0.021,2,76800,77824,train
5359,236.mat.txt,236,outer_race,0.021,2,77312,78336,train
5360,236.mat.txt,236,outer_race,0.021,2,77824,78848,train
5361,236.mat.txt,236,outer_race,0.021,2,78336,79360,train
5362,236.mat.txt,236,outer_race,0.021,2,78848,79872,train
5363,236.mat.txt,236,outer_race,0.021,2,79360,80384,train
5364,236.mat.txt,236,outer_race,0.021,2,79872,80896,train
5365,236.mat.txt,236,outer_race,0.021,2,80384,81408,train
5366,236.mat.txt,236,outer_race,0.021,2,80896,81920,train
5367,236.mat.txt,236,outer_race,0.021,2,81408,82432,train
5368,236.mat.txt,236,outer_race,0.021,2,81920,82944,train
5369,236.mat.txt,236,outer_race,0.021,2,82432,83456,train
5370,236.mat.txt,236,outer_race,0.021,2,82944,83968,train
5371,236.mat.txt,236,outer_race,0.021,2,83456,84480,train
5372,236.mat.txt,236,outer_race,0.021,2,83968,84992,train
5373,236.mat.txt,236,outer_race,0.021,2,84480,85504,train
5374,236.mat.txt,236,outer_race,0.021,2,84992,86016,train
5375,236.mat.txt,236,outer_race,0.021,2,85504,86528,train
5376,236.mat.txt,236,outer_race,0.021,2,86016,87040,train
5377,236.mat.txt,236,outer_race,0.021,2,86528,87552,train
5378,236.mat.txt,236,outer_race,0.021,2,87040,88064,train
5379,236.mat.txt,236,outer_race,0.021,2,87552,88576,train
5380,236.mat.txt,236,outer_race,0.021,2,88064,89088,train
5381,236.mat.txt,236,outer_race,0.021,2,88576,89600,train
5382,236.mat.txt,236,outer_race,0.021,2,89088,90112,train
5383,236.mat.txt,236,outer_race,0.021,2,89600,90624,train
5384,236.mat.txt,236,outer_race,0.021,2,90112,91136,train
5385,236.mat.txt,236,outer_race,0.021,2,90624,91648,train
5386,236.mat.txt,236,outer_race,0.021,2,91136,92160,train
5387,236.mat.txt,236,outer_race,0.021,2,91648,92672,train
5388,236.mat.txt,236,outer_race,0.021,2,92160,93184,train
5389,236.mat.txt,236,outer_race,0.021,2,92672,93696,train
5390,236.mat.txt,236,outer_race,0.021,2,93184,94208,train
5391,236.mat.txt,236,outer_race,0.021,2,93696,94720,train
5392,236.mat.txt,236,outer_race,0.021,2,94208,95232,train
5393,236.mat.txt,236,outer_race,0.021,2,94720,95744,train
5394,236.mat.txt,236,outer_race,0.021,2,95232,96256,train
5395,236.mat.txt,236,outer_race,0.021,2,95744,96768,train
5396,236.mat.txt,236,outer_race,0.021,2,96256,97280,train
5397,236.mat.txt,236,outer_race,0.021,2,96768,97792,train
5398,236.mat.txt,236,outer_race,0.021,2,97280,98304,train
5399,236.mat.txt,236,outer_race,0.021,2,97792,98816,train
5400,236.mat.txt,236,outer_race,0.021,2,98304,99328,train
5401,236.mat.txt,236,outer_race,0.021,2,98816,99840,train
5402,236.mat.txt,236,outer_race,0.021,2,99328,100352,train
5403,236.mat.txt,236,outer_race,0.021,2,99840,100864,train
5404,236.mat.txt,236,outer_race,0.021,2,100352,101376,train
5405,236.mat.txt,236,outer_race,0.021,2,100864,101888,train
5406,236.mat.txt,236,outer_race,0.021,2,101376,102400,train
5407,236.mat.txt,236,outer_race,0.021,2,101888,102912,train
5408,236.mat.txt,236,outer_race,0.021,2,102400,103424,train
5409,236.mat.txt,236,outer_race,0.021,2,102912,103936,train
5410,236.mat.txt,236,outer_race,0.021,2,103424,104448,train
5411,236.mat.txt,236,outer_race,0.021,2,103936,104960,train
5412,236.mat.txt,236,outer_race,0.021,2,104448,105472,train
5413,236.mat.txt,236,outer_race,0.021,2,104960,105984,train
5414,236.mat.txt,236,outer_race,0.021,2,105472,106496,train
5415,236.mat.txt,236,outer_race,0.021,2,105984,107008,train
5416,236.mat.txt,236,outer_race,0.021,2,106496,107520,train
5417,236.mat.txt,236,outer_race,0.021,2,107008,108032,train
5418,236.mat.txt,236,outer_race,0.021,2,107520,108544,train
5419,236.mat.txt,236,outer_race,0.021,2,108032,109056,train
5420,236.mat.txt,236,outer_race,0.021,2,108544,109568,train
5421,236.mat.txt,236,outer_race,0.021,2,109056,110080,train
5422,236.mat.txt,236,outer_race,0.021,2,109568,110592,train
5423,236.mat.txt,236,outer_race,0.021,2,110080,111104,train
5424,236.mat.txt,236,outer_race,0.021,2,110592,111616,train
5425,236.mat.txt,236,outer_race,0.021,2,111104,112128,train
5426,236.mat.txt,236,outer_race,0.021,2,111616,112640,train
5427,236.mat.txt,236,outer_race,0.021,2,112128,113152,train
5428,236.mat.txt,236,outer_race,0.021,2,112640,113664,train
5429,236.mat.txt,236,outer_race,0.021,2,113152,114176,train
5430,236.mat.txt,236,outer_race,0.021,2,113664,114688,train
5431,236.mat.txt,236,outer_race,0.021,2,114176,115200,train
5432,236.mat.txt,236,outer_race,0.021,2,114688,115712,train
5433,236.mat.txt,236,outer_race,0.021,2,115200,116224,train
5434,236.mat.txt,236,outer_race,0.021,2,115712,116736,train
5435,236.mat.txt,236,outer_race,0.021,2,116224,117248,train
5436,236.mat.txt,236,outer_race,0.021,2,116736,117760,train
5437,236.mat.txt,236,outer_race,0.021,2,117248,118272,train
5438,236.mat.txt,236,outer_race,0.021,2,117760,118784,train
5439,236.mat.txt,236,outer_race,0.021,2,118272,119296,train
5440,236.mat.txt,236,outer_race,0.021,2,118784,119808,train
5441,236.mat.txt,236,outer_race,0.021,2,119296,120320,train
5442,236.mat.txt,236,outer_race,0.021,2,119808,120832,train
5443,236.mat.txt,236,outer_race,0.021,2,120320,121344,train
5444,236.mat.txt,236,outer_race,0.021,2,120832,121856,train
5445,237.mat.txt,237,outer_race,0.021,3,0,1024,test
5446,237.mat.txt,237,outer_race,0.021,3,512,1536,test
5447,237.mat.txt,237,outer_race,0.021,3,1024,2048,test
5448,237.mat.txt,237,outer_race,0.021,3,1536,2560,test
5449,237.mat.txt,237,outer_race,0.021,3,2048,3072,test
5450,237.mat.txt,237,outer_race,0.021,3,2560,3584,test
5451,237.mat.txt,237,outer_race,0.021,3,3072,4096,test
5452,237.mat.txt,237,outer_race,0.021,3,3584,4608,test
5453,237.mat.txt,237,outer_race,0.021,3,4096,5120,test
5454,237.mat.txt,237,outer_race,0.021,3,4608,5632,test
5455,237.mat.txt,237,outer_race,0.021,3,5120,6144,test
5456,237.mat.txt,237,outer_race,0.021,3,5632,6656,test
5457,237.mat.txt,237,outer_race,0.021,3,6144,7168,test
5458,237.mat.txt,237,outer_race,0.021,3,6656,7680,test
5459,237.mat.txt,237,outer_race,0.021,3,7168,8192,test
5460,237.mat.txt,237,outer_race,0.021,3,7680,8704,test
5461,237.mat.txt,237,outer_race,0.021,3,8192,9216,test
5462,237.mat.txt,237,outer_race,0.021,3,8704,9728,test
5463,237.mat.txt,237,outer_race,0.021,3,9216,10240,test
5464,237.mat.txt,237,outer_race,0.021,3,9728,10752,test
5465,237.mat.txt,237,outer_race,0.021,3,10240,11264,test
5466,237.mat.txt,237,outer_race,0.021,3,10752,11776,test
5467,237.mat.txt,237,outer_race,0.021,3,11264,12288,test
5468,237.mat.txt,237,outer_race,0.021,3,11776,12800,test
5469,237.mat.txt,237,outer_race,0.021,3,12288,13312,test
5470,237.mat.txt,237,outer_race,0.021,3,12800,13824,test
5471,237.mat.txt,237,outer_race,0.021,3,13312,14336,test
5472,237.mat.txt,237,outer_race,0.021,3,13824,14848,test
5473,237.mat.txt,237,outer_race,0.021,3,14336,15360,test
5474,237.mat.txt,237,outer_race,0.021,3,14848,15872,test
5475,237.mat.txt,237,outer_race,0.021,3,15360,16384,test
5476,237.mat.txt,237,outer_race,0.021,3,15872,16896,test
5477,237.mat.txt,237,outer_race,0.021,3,16384,17408,test
5478,237.mat.txt,237,outer_race,0.021,3,16896,17920,test
5479,237.mat.txt,237,outer_race,0.021,3,17408,18432,test
5480,237.mat.txt,237,outer_race,0.021,3,17920,18944,test
5481,237.mat.txt,237,outer_race,0.021,3,18432,19456,test
5482,237.mat.txt,237,outer_race,0.021,3,18944,19968,test
5483,237.mat.txt,237,outer_race,0.021,3,19456,20480,test
5484,237.mat.txt,237,outer_race,0.021,3,19968,20992,test
5485,237.mat.txt,237,outer_race,0.021,3,20480,21504,test
5486,237.mat.txt,237,outer_race,0.021,3,20992,22016,test
5487,237.mat.txt,237,outer_race,0.021,3,21504,22528,test
5488,237.mat.txt,237,outer_race,0.021,3,22016,23040,test
5489,237.mat.txt,237,outer_race,0.021,3,22528,23552,test
5490,237.mat.txt,237,outer_race,0.021,3,23040,24064,test
5491,237.mat.txt,237,outer_race,0.021,3,23552,24576,test
5492,237.mat.txt,237,outer_race,0.021,3,24064,25088,test
5493,237.mat.txt,237,outer_race,0.021,3,24576,25600,test
5494,237.mat.txt,237,outer_race,0.021,3,25088,26112,test
5495,237.mat.txt,237,outer_race,0.021,3,25600,26624,test
5496,237.mat.txt,237,outer_race,0.021,3,26112,27136,test
5497,237.mat.txt,237,outer_race,0.021,3,26624,27648,test
5498,237.mat.txt,237,outer_race,0.021,3,27136,28160,test
5499,237.mat.txt,237,outer_race,0.021,3,27648,28672,test
5500,237.mat.txt,237,outer_race,0.021,3,28160,29184,test
5501,237.mat.txt,237,outer_race,0.021,3,28672,29696,test
5502,237.mat.txt,237,outer_race,0.021,3,29184,30208,test
5503,237.mat.txt,237,outer_race,0.021,3,29696,30720,test
5504,237.mat.txt,237,outer_race,0.021,3,30208,31232,test
5505,237.mat.txt,237,outer_race,0.021,3,30720,31744,test
5506,237.mat.txt,237,outer_race,0.021,3,31232,32256,test
5507,237.mat.txt,237,outer_race,0.021,3,31744,32768,test
5508,237.mat.txt,237,outer_race,0.021,3,32256,33280,test
5509,237.mat.txt,237,outer_race,0.021,3,32768,33792,test
5510,237.mat.txt,237,outer_race,0.021,3,33280,34304,test
5511,237.mat.txt,237,outer_race,0.021,3,33792,34816,test
5512,237.mat.txt,237,outer_race,0.021,3,34304,35328,test
5513,237.mat.txt,237,outer_race,0.021,3,34816,35840,test
5514,237.mat.txt,237,outer_race,0.021,3,35328,36352,test
5515,237.mat.txt,237,outer_race,0.021,3,35840,36864,test
5516,237.mat.txt,237,outer_race,0.021,3,36352,37376,test
5517,237.mat.txt,237,outer_race,0.021,3,36864,37888,test
5518,237.mat.txt,237,outer_race,0.021,3,37376,38400,test
5519,237.mat.txt,237,outer_race,0.021,3,37888,38912,test
5520,237.mat.txt,237,outer_race,0.021,3,38400,39424,test
5521,237.mat.txt,237,outer_race,0.021,3,38912,39936,test
5522,237.mat.txt,237,outer_race,0.021,3,39424,40448,test
5523,237.mat.txt,237,outer_race,0.021,3,39936,40960,test
5524,237.mat.txt,237,outer_race,0.021,3,40448,41472,test
5525,237.mat.txt,237,outer_race,0.021,3,40960,41984,test
5526,237.mat.txt,237,outer_race,0.021,3,41472,42496,test
5527,237.mat.txt,237,outer_race,0.021,3,41984,43008,test
5528,237.mat.txt,237,outer_race,0.021,3,42496,43520,test
5529,237.mat.txt,237,outer_race,0.021,3,43008,44032,test
5530,237.mat.txt,237,outer_race,0.021,3,43520,44544,test
5531,237.mat.txt,237,outer_race,0.021,3,44032,45056,test
5532,237.mat.txt,237,outer_race,0.021,3,44544,45568,test
5533,237.mat.txt,237,outer_race,0.021,3,45056,46080,test
5534,237.mat.txt,237,outer_race,0.021,3,45568,46592,test
5535,237.mat.txt,237,outer_race,0.021,3,46080,47104,test
5536,237.mat.txt,237,outer_race,0.021,3,46592,47616,test
5537,237.mat.txt,237,outer_race,0.021,3,47104,48128,test
5538,237.mat.txt,237,outer_race,0.021,3,47616,48640,test
5539,237.mat.txt,237,outer_race,0.021,3,48128,49152,test
5540,237.mat.txt,237,outer_race,0.021,3,48640,49664,test
5541,237.mat.txt,237,outer_race,0.021,3,49152,50176,test
5542,237.mat.txt,237,outer_race,0.021,3,49664,50688,test
5543,237.mat.txt,237,outer_race,0.021,3,50176,51200,test
5544,237.mat.txt,237,outer_race,0.021,3,50688,51712,test
5545,237.mat.txt,237,outer_race,0.021,3,51200,52224,test
5546,237.mat.txt,237,outer_race,0.021,3,51712,52736,test
5547,237.mat.txt,237,outer_race,0.021,3,52224,53248,test
5548,237.mat.txt,237,outer_race,0.021,3,52736,53760,test
5549,237.mat.txt,237,outer_race,0.021,3,53248,54272,test
5550,237.mat.txt,237,outer_race,0.021,3,53760,54784,test
5551,237.mat.txt,237,outer_race,0.021,3,54272,55296,test
5552,237.mat.txt,237,outer_race,0.021,3,54784,55808,test
5553,237.mat.txt,237,outer_race,0.021,3,55296,56320,test
5554,237.mat.txt,237,outer_race,0.021,3,55808,56832,test
5555,237.mat.txt,237,outer_race,0.021,3,56320,57344,test
5556,237.mat.txt,237,outer_race,0.021,3,56832,57856,test
5557,237.mat.txt,237,outer_race,0.021,3,57344,58368,test
5558,237.mat.txt,237,outer_race,0.021,3,57856,58880,test
5559,237.mat.txt,237,outer_race,0.021,3,58368,59392,test
5560,237.mat.txt,237,outer_race,0.021,3,58880,59904,test
5561,237.mat.txt,237,outer_race,0.021,3,59392,60416,test
5562,237.mat.txt,237,outer_race,0.021,3,59904,60928,test
5563,237.mat.txt,237,outer_race,0.021,3,60416,61440,test
5564,237.mat.txt,237,outer_race,0.021,3,60928,61952,test
5565,237.mat.txt,237,outer_race,0.021,3,61440,62464,test
5566,237.mat.txt,237,outer_race,0.021,3,61952,62976,test
5567,237.mat.txt,237,outer_race,0.021,3,62464,63488,test
5568,237.mat.txt,237,outer_race,0.021,3,62976,64000,test
5569,237.mat.txt,237,outer_race,0.021,3,63488,64512,test
5570,237.mat.txt,237,outer_race,0.021,3,64000,65024,test
5571,237.mat.txt,237,outer_race,0.021,3,64512,65536,test
5572,237.mat.txt,237,outer_race,0.021,3,65024,66048,test
5573,237.mat.txt,237,outer_race,0.021,3,65536,66560,test
5574,237.mat.txt,237,outer_race,0.021,3,66048,67072,test
5575,237.mat.txt,237,outer_race,0.021,3,66560,67584,test
5576,237.mat.txt,237,outer_race,0.021,3,67072,68096,test
5577,237.mat.txt,237,outer_race,0.021,3,67584,68608,test
5578,237.mat.txt,237,outer_race,0.021,3,68096,69120,test
5579,237.mat.txt,237,outer_race,0.021,3,68608,69632,test
5580,237.mat.txt,237,outer_race,0.021,3,69120,70144,test
5581,237.mat.txt,237,outer_race,0.021,3,69632,70656,test
5582,237.mat.txt,237,outer_race,0.021,3,70144,71168,test
5583,237.mat.txt,237,outer_race,0.021,3,70656,71680,test
5584,237.mat.txt,237,outer_race,0.021,3,71168,72192,test
5585,237.mat.txt,237,outer_race,0.021,3,71680,72704,test
5586,237.mat.txt,237,outer_race,0.021,3,72192,73216,test
5587,237.mat.txt,237,outer_race,0.021,3,72704,73728,test
5588,237.mat.txt,237,outer_race,0.021,3,73216,74240,test
5589,237.mat.txt,237,outer_race,0.021,3,73728,74752,test
5590,237.mat.txt,237,outer_race,0.021,3,74240,75264,test
5591,237.mat.txt,237,outer_race,0.021,3,74752,75776,test
5592,237.mat.txt,237,outer_race,0.021,3,75264,76288,test
5593,237.mat.txt,237,outer_race,0.021,3,75776,76800,test
5594,237.mat.txt,237,outer_race,0.021,3,76288,77312,test
5595,237.mat.txt,237,outer_race,0.021,3,76800,77824,test
5596,237.mat.txt,237,outer_race,0.021,3,77312,78336,test
5597,237.mat.txt,237,outer_race,0.021,3,77824,78848,test
5598,237.mat.txt,237,outer_race,0.021,3,78336,79360,test
5599,237.mat.txt,237,outer_race,0.021,3,78848,79872,test
5600,237.mat.txt,237,outer_race,0.021,3,79360,80384,test
5601,237.mat.txt,237,outer_race,0.021,3,79872,80896,test
5602,237.mat.txt,237,outer_race,0.021,3,80384,81408,test
5603,237.mat.txt,237,outer_race,0.021,3,80896,81920,test
5604,237.mat.txt,237,outer_race,0.021,3,81408,82432,test
5605,237.mat.txt,237,outer_race,0.021,3,81920,82944,test
5606,237.mat.txt,237,outer_race,0.021,3,82432,83456,test
5607,237.mat.txt,237,outer_race,0.021,3,82944,83968,test
5608,237.mat.txt,237,outer_race,0.021,3,83456,84480,test
5609,237.mat.txt,237,outer_race,0.021,3,83968,84992,test
5610,237.mat.txt,237,outer_race,0.021,3,84480,85504,test
5611,237.mat.txt,237,outer_race,0.021,3,84992,86016,test
5612,237.mat.txt,237,outer_race,0.021,3,85504,86528,test
5613,237.mat.txt,237,outer_race,0.021,3,86016,87040,test
5614,237.mat.txt,237,outer_race,0.021,3,86528,87552,test
5615,237.mat.txt,237,outer_race,0.021,3,87040,88064,test
5616,237.mat.txt,237,outer_race,0.021,3,87552,88576,test
5617,237.mat.txt,237,outer_race,0.021,3,88064,89088,test
5618,237.mat.txt,237,outer_race,0.021,3,88576,89600,test
5619,237.mat.txt,237,outer_race,0.021,3,89088,90112,test
5620,237.mat.txt,237,outer_race,0.021,3,89600,90624,test
5621,237.mat.txt,237,outer_race,0.021,3,90112,91136,test
5622,237.mat.txt,237,outer_race,0.021,3,90624,91648,test
5623,237.mat.txt,237,outer_race,0.021,3,91136,92160,test
5624,237.mat.txt,237,outer_race,0.021,3,91648,92672,test
5625,237.mat.txt,237,outer_race,0.021,3,92160,93184,test
5626,237.mat.txt,237,outer_race,0.021,3,92672,93696,test
5627,237.mat.txt,237,outer_race,0.021,3,93184,94208,test
5628,237.mat.txt,237,outer_race,0.021,3,93696,94720,test
5629,237.mat.txt,237,outer_race,0.021,3,94208,95232,test
5630,237.mat.txt,237,outer_race,0.021,3,94720,95744,test
5631,237.mat.txt,237,outer_race,0.021,3,95232,96256,test
5632,237.mat.txt,237,outer_race,0.021,3,95744,96768,test
5633,237.mat.txt,237,outer_race,0.021,3,96256,97280,test
5634,237.mat.txt,237,outer_race,0.021,3,96768,97792,test
5635,237.mat.txt,237,outer_race,0.021,3,97280,98304,test
5636,237.mat.txt,237,outer_race,0.021,3,97792,98816,test
5637,237.mat.txt,237,outer_race,0.021,3,98304,99328,test
5638,237.mat.txt,237,outer_race,0.021,3,98816,99840,test
5639,237.mat.txt,237,outer_race,0.021,3,99328,100352,test
5640,237.mat.txt,237,outer_race,0.021,3,99840,100864,test
5641,237.mat.txt,237,outer_race,0.021,3,100352,101376,test
5642,237.mat.txt,237,outer_race,0.021,3,100864,101888,test
5643,237.mat.txt,237,outer_race,0.021,3,101376,102400,test
5644,237.mat.txt,237,outer_race,0.021,3,101888,102912,test
5645,237.mat.txt,237,outer_race,0.021,3,102400,103424,test
5646,237.mat.txt,237,outer_race,0.021,3,102912,103936,test
5647,237.mat.txt,237,outer_race,0.021,3,103424,104448,test
5648,237.mat.txt,237,outer_race,0.021,3,103936,104960,test
5649,237.mat.txt,237,outer_race,0.021,3,104448,105472,test
5650,237.mat.txt,237,outer_race,0.021,3,104960,105984,test
5651,237.mat.txt,237,outer_race,0.021,3,105472,106496,test
5652,237.mat.txt,237,outer_race,0.021,3,105984,107008,test
5653,237.mat.txt,237,outer_race,0.021,3,106496,107520,test
5654,237.mat.txt,237,outer_race,0.021,3,107008,108032,test
5655,237.mat.txt,237,outer_race,0.021,3,107520,108544,test
5656,237.mat.txt,237,outer_race,0.021,3,108032,109056,test
5657,237.mat.txt,237,outer_race,0.021,3,108544,109568,test
5658,237.mat.txt,237,outer_race,0.021,3,109056,110080,test
5659,237.mat.txt,237,outer_race,0.021,3,109568,110592,test
5660,237.mat.txt,237,outer_race,0.021,3,110080,111104,test
5661,237.mat.txt,237,outer_race,0.021,3,110592,111616,test
5662,237.mat.txt,237,outer_race,0.021,3,111104,112128,test
5663,237.mat.txt,237,outer_race,0.021,3,111616,112640,test
5664,237.mat.txt,237,outer_race,0.021,3,112128,113152,test
5665,237.mat.txt,237,outer_race,0.021,3,112640,113664,test
5666,237.mat.txt,237,outer_race,0.021,3,113152,114176,test
5667,237.mat.txt,237,outer_race,0.021,3,113664,114688,test
5668,237.mat.txt,237,outer_race,0.021,3,114176,115200,test
5669,237.mat.txt,237,outer_race,0.021,3,114688,115712,test
5670,237.mat.txt,237,outer_race,0.021,3,115200,116224,test
5671,237.mat.txt,237,outer_race,0.021,3,115712,116736,test
5672,237.mat.txt,237,outer_race,0.021,3,116224,117248,test
5673,237.mat.txt,237,outer_race,0.021,3,116736,117760,test
5674,237.mat.txt,237,outer_race,0.021,3,117248,118272,test
5675,237.mat.txt,237,outer_race,0.021,3,117760,118784,test
5676,237.mat.txt,237,outer_race,0.021,3,118272,119296,test
5677,237.mat.txt,237,outer_race,0.021,3,118784,119808,test
5678,237.mat.txt,237,outer_race,0.021,3,119296,120320,test
5679,237.mat.txt,237,outer_race,0.021,3,119808,120832,test
5680,237.mat.txt,237,outer_race,0.021,3,120320,121344,test
5681,237.mat.txt,237,outer_race,0.021,3,120832,121856,test
5682,100.mat.txt,100,normal,0.0,3,0,1024,test
5683,100.mat.txt,100,normal,0.0,3,512,1536,test
5684,100.mat.txt,100,normal,0.0,3,1024,2048,test
5685,100.mat.txt,100,normal,0.0,3,1536,2560,test
5686,100.mat.txt,100,normal,0.0,3,2048,3072,test
5687,100.mat.txt,100,normal,0.0,3,2560,3584,test
5688,100.mat.txt,100,normal,0.0,3,3072,4096,test
5689,100.mat.txt,100,normal,0.0,3,3584,4608,test
5690,100.mat.txt,100,normal,0.0,3,4096,5120,test
5691,100.mat.txt,100,normal,0.0,3,4608,5632,test
5692,100.mat.txt,100,normal,0.0,3,5120,6144,test
5693,100.mat.txt,100,normal,0.0,3,5632,6656,test
5694,100.mat.txt,100,normal,0.0,3,6144,7168,test
5695,100.mat.txt,100,normal,0.0,3,6656,7680,test
5696,100.mat.txt,100,normal,0.0,3,7168,8192,test
5697,100.mat.txt,100,normal,0.0,3,7680,8704,test
5698,100.mat.txt,100,normal,0.0,3,8192,9216,test
5699,100.mat.txt,100,normal,0.0,3,8704,9728,test
5700,100.mat.txt,100,normal,0.0,3,9216,10240,test
5701,100.mat.txt,100,normal,0.0,3,9728,10752,test
5702,100.mat.txt,100,normal,0.0,3,10240,11264,test
5703,100.mat.txt,100,normal,0.0,3,10752,11776,test
5704,100.mat.txt,100,normal,0.0,3,11264,12288,test
5705,100.mat.txt,100,normal,0.0,3,11776,12800,test
5706,100.mat.txt,100,normal,0.0,3,12288,13312,test
5707,100.mat.txt,100,normal,0.0,3,12800,13824,test
5708,100.mat.txt,100,normal,0.0,3,13312,14336,test
5709,100.mat.txt,100,normal,0.0,3,13824,14848,test
5710,100.mat.txt,100,normal,0.0,3,14336,15360,test
5711,100.mat.txt,100,normal,0.0,3,14848,15872,test
5712,100.mat.txt,100,normal,0.0,3,15360,16384,test
5713,100.mat.txt,100,normal,0.0,3,15872,16896,test
5714,100.mat.txt,100,normal,0.0,3,16384,17408,test
5715,100.mat.txt,100,normal,0.0,3,16896,17920,test
5716,100.mat.txt,100,normal,0.0,3,17408,18432,test
5717,100.mat.txt,100,normal,0.0,3,17920,18944,test
5718,100.mat.txt,100,normal,0.0,3,18432,19456,test
5719,100.mat.txt,100,normal,0.0,3,18944,19968,test
5720,100.mat.txt,100,normal,0.0,3,19456,20480,test
5721,100.mat.txt,100,normal,0.0,3,19968,20992,test
5722,100.mat.txt,100,normal,0.0,3,20480,21504,test
5723,100.mat.txt,100,normal,0.0,3,20992,22016,test
5724,100.mat.txt,100,normal,0.0,3,21504,22528,test
5725,100.mat.txt,100,normal,0.0,3,22016,23040,test
5726,100.mat.txt,100,normal,0.0,3,22528,23552,test
5727,100.mat.txt,100,normal,0.0,3,23040,24064,test
5728,100.mat.txt,100,normal,0.0,3,23552,24576,test
5729,100.mat.txt,100,normal,0.0,3,24064,25088,test
5730,100.mat.txt,100,normal,0.0,3,24576,25600,test
5731,100.mat.txt,100,normal,0.0,3,25088,26112,test
5732,100.mat.txt,100,normal,0.0,3,25600,26624,test
5733,100.mat.txt,100,normal,0.0,3,26112,27136,test
5734,100.mat.txt,100,normal,0.0,3,26624,27648,test
5735,100.mat.txt,100,normal,0.0,3,27136,28160,test
5736,100.mat.txt,100,normal,0.0,3,27648,28672,test
5737,100.mat.txt,100,normal,0.0,3,28160,29184,test
5738,100.mat.txt,100,normal,0.0,3,28672,29696,test
5739,100.mat.txt,100,normal,0.0,3,29184,30208,test
5740,100.mat.txt,100,normal,0.0,3,29696,30720,test
5741,100.mat.txt,100,normal,0.0,3,30208,31232,test
5742,100.mat.txt,100,normal,0.0,3,30720,31744,test
5743,100.mat.txt,100,normal,0.0,3,31232,32256,test
5744,100.mat.txt,100,normal,0.0,3,31744,32768,test
5745,100.mat.txt,100,normal,0.0,3,32256,33280,test
5746,100.mat.txt,100,normal,0.0,3,32768,33792,test
5747,100.mat.txt,100,normal,0.0,3,33280,34304,test
5748,100.mat.txt,100,normal,0.0,3,33792,34816,test
5749,100.mat.txt,100,normal,0.0,3,34304,35328,test
5750,100.mat.txt,100,normal,0.0,3,34816,35840,test
5751,100.mat.txt,100,normal,0.0,3,35328,36352,test
5752,100.mat.txt,100,normal,0.0,3,35840,36864,test
5753,100.mat.txt,100,normal,0.0,3,36352,37376,test
5754,100.mat.txt,100,normal,0.0,3,36864,37888,test
5755,100.mat.txt,100,normal,0.0,3,37376,38400,test
5756,100.mat.txt,100,normal,0.0,3,37888,38912,test
5757,100.mat.txt,100,normal,0.0,3,38400,39424,test
5758,100.mat.txt,100,normal,0.0,3,38912,39936,test
5759,100.mat.txt,100,normal,0.0,3,39424,40448,test
5760,100.mat.txt,100,normal,0.0,3,39936,40960,test
5761,100.mat.txt,100,normal,0.0,3,40448,41472,test
5762,100.mat.txt,100,normal,0.0,3,40960,41984,test
5763,100.mat.txt,100,normal,0.0,3,41472,42496,test
5764,100.mat.txt,100,normal,0.0,3,41984,43008,test
5765,100.mat.txt,100,normal,0.0,3,42496,43520,test
5766,100.mat.txt,100,normal,0.0,3,43008,44032,test
5767,100.mat.txt,100,normal,0.0,3,43520,44544,test
5768,100.mat.txt,100,normal,0.0,3,44032,45056,test
5769,100.mat.txt,100,normal,0.0,3,44544,45568,test
5770,100.mat.txt,100,normal,0.0,3,45056,46080,test
5771,100.mat.txt,100,normal,0.0,3,45568,46592,test
5772,100.mat.txt,100,normal,0.0,3,46080,47104,test
5773,100.mat.txt,100,normal,0.0,3,46592,47616,test
5774,100.mat.txt,100,normal,0.0,3,47104,48128,test
5775,100.mat.txt,100,normal,0.0,3,47616,48640,test
5776,100.mat.txt,100,normal,0.0,3,48128,49152,test
5777,100.mat.txt,100,normal,0.0,3,48640,49664,test
5778,100.mat.txt,100,normal,0.0,3,49152,50176,test
5779,100.mat.txt,100,normal,0.0,3,49664,50688,test
5780,100.mat.txt,100,normal,0.0,3,50176,51200,test
5781,100.mat.txt,100,normal,0.0,3,50688,51712,test
5782,100.mat.txt,100,normal,0.0,3,51200,52224,test
5783,100.mat.txt,100,normal,0.0,3,51712,52736,test
5784,100.mat.txt,100,normal,0.0,3,52224,53248,test
5785,100.mat.txt,100,normal,0.0,3,52736,53760,test
5786,100.mat.txt,100,normal,0.0,3,53248,54272,test
5787,100.mat.txt,100,normal,0.0,3,53760,54784,test
5788,100.mat.txt,100,normal,0.0,3,54272,55296,test
5789,100.mat.txt,100,normal,0.0,3,54784,55808,test
5790,100.mat.txt,100,normal,0.0,3,55296,56320,test
5791,100.mat.txt,100,normal,0.0,3,55808,56832,test
5792,100.mat.txt,100,normal,0.0,3,56320,57344,test
5793,100.mat.txt,100,normal,0.0,3,56832,57856,test
5794,100.mat.txt,100,normal,0.0,3,57344,58368,test
5795,100.mat.txt,100,normal,0.0,3,57856,58880,test
5796,100.mat.txt,100,normal,0.0,3,58368,59392,test
5797,100.mat.txt,100,normal,0.0,3,58880,59904,test
5798,100.mat.txt,100,normal,0.0,3,59392,60416,test
5799,100.mat.txt,100,normal,0.0,3,59904,60928,test
5800,100.mat.txt,100,normal,0.0,3,60416,61440,test
5801,100.mat.txt,100,normal,0.0,3,60928,61952,test
5802,100.mat.txt,100,normal,0.0,3,61440,62464,test
5803,100.mat.txt,100,normal,0.0,3,61952,62976,test
5804,100.mat.txt,100,normal,0.0,3,62464,63488,test
5805,100.mat.txt,100,normal,0.0,3,62976,64000,test
5806,100.mat.txt,100,normal,0.0,3,63488,64512,test
5807,100.mat.txt,100,normal,0.0,3,64000,65024,test
5808,100.mat.txt,100,normal,0.0,3,64512,65536,test
5809,100.mat.txt,100,normal,0.0,3,65024,66048,test
5810,100.mat.txt,100,normal,0.0,3,65536,66560,test
5811,100.mat.txt,100,normal,0.0,3,66048,67072,test
5812,100.mat.txt,100,normal,0.0,3,66560,67584,test
5813,100.mat.txt,100,normal,0.0,3,67072,68096,test
5814,100.mat.txt,100,normal,0.0,3,67584,68608,test
5815,100.mat.txt,100,normal,0.0,3,68096,69120,test
5816,100.mat.txt,100,normal,0.0,3,68608,69632,test
5817,100.mat.txt,100,normal,0.0,3,69120,70144,test
5818,100.mat.txt,100,normal,0.0,3,69632,70656,test
5819,100.mat.txt,100,normal,0.0,3,70144,71168,test
5820,100.mat.txt,100,normal,0.0,3,70656,71680,test
5821,100.mat.txt,100,normal,0.0,3,71168,72192,test
5822,100.mat.txt,100,normal,0.0,3,71680,72704,test
5823,100.mat.txt,100,normal,0.0,3,72192,73216,test
5824,100.mat.txt,100,normal,0.0,3,72704,73728,test
5825,100.mat.txt,100,normal,0.0,3,73216,74240,test
5826,100.mat.txt,100,normal,0.0,3,73728,74752,test
5827,100.mat.txt,100,normal,0.0,3,74240,75264,test
5828,100.mat.txt,100,normal,0.0,3,74752,75776,test
5829,100.mat.txt,100,normal,0.0,3,75264,76288,test
5830,100.mat.txt,100,normal,0.0,3,75776,76800,test
5831,100.mat.txt,100,normal,0.0,3,76288,77312,test
5832,100.mat.txt,100,normal,0.0,3,76800,77824,test
5833,100.mat.txt,100,normal,0.0,3,77312,78336,test
5834,100.mat.txt,100,normal,0.0,3,77824,78848,test
5835,100.mat.txt,100,normal,0.0,3,78336,79360,test
5836,100.mat.txt,100,normal,0.0,3,78848,79872,test
5837,100.mat.txt,100,normal,0.0,3,79360,80384,test
5838,100.mat.txt,100,normal,0.0,3,79872,80896,test
5839,100.mat.txt,100,normal,0.0,3,80384,81408,test
5840,100.mat.txt,100,normal,0.0,3,80896,81920,test
5841,100.mat.txt,100,normal,0.0,3,81408,82432,test
5842,100.mat.txt,100,normal,0.0,3,81920,82944,test
5843,100.mat.txt,100,normal,0.0,3,82432,83456,test
5844,100.mat.txt,100,normal,0.0,3,82944,83968,test
5845,100.mat.txt,100,normal,0.0,3,83456,84480,test
5846,100.mat.txt,100,normal,0.0,3,83968,84992,test
5847,100.mat.txt,100,normal,0.0,3,84480,85504,test
5848,100.mat.txt,100,normal,0.0,3,84992,86016,test
5849,100.mat.txt,100,normal,0.0,3,85504,86528,test
5850,100.mat.txt,100,normal,0.0,3,86016,87040,test
5851,100.mat.txt,100,normal,0.0,3,86528,87552,test
5852,100.mat.txt,100,normal,0.0,3,87040,88064,test
5853,100.mat.txt,100,normal,0.0,3,87552,88576,test
5854,100.mat.txt,100,normal,0.0,3,88064,89088,test
5855,100.mat.txt,100,normal,0.0,3,88576,89600,test
5856,100.mat.txt,100,normal,0.0,3,89088,90112,test
5857,100.mat.txt,100,normal,0.0,3,89600,90624,test
5858,100.mat.txt,100,normal,0.0,3,90112,91136,test
5859,100.mat.txt,100,normal,0.0,3,90624,91648,test
5860,100.mat.txt,100,normal,0.0,3,91136,92160,test
5861,100.mat.txt,100,normal,0.0,3,91648,92672,test
5862,100.mat.txt,100,normal,0.0,3,92160,93184,test
5863,100.mat.txt,100,normal,0.0,3,92672,93696,test
5864,100.mat.txt,100,normal,0.0,3,93184,94208,test
5865,100.mat.txt,100,normal,0.0,3,93696,94720,test
5866,100.mat.txt,100,normal,0.0,3,94208,95232,test
5867,100.mat.txt,100,normal,0.0,3,94720,95744,test
5868,100.mat.txt,100,normal,0.0,3,95232,96256,test
5869,100.mat.txt,100,normal,0.0,3,95744,96768,test
5870,100.mat.txt,100,normal,0.0,3,96256,97280,test
5871,100.mat.txt,100,normal,0.0,3,96768,97792,test
5872,100.mat.txt,100,normal,0.0,3,97280,98304,test
5873,100.mat.txt,100,normal,0.0,3,97792,98816,test
5874,100.mat.txt,100,normal,0.0,3,98304,99328,test
5875,100.mat.txt,100,normal,0.0,3,98816,99840,test
5876,100.mat.txt,100,normal,0.0,3,99328,100352,test
5877,100.mat.txt,100,normal,0.0,3,99840,100864,test
5878,100.mat.txt,100,normal,0.0,3,100352,101376,test
5879,100.mat.txt,100,normal,0.0,3,100864,101888,test
5880,100.mat.txt,100,normal,0.0,3,101376,102400,test
5881,100.mat.txt,100,normal,0.0,3,101888,102912,test
5882,100.mat.txt,100,normal,0.0,3,102400,103424,test
5883,100.mat.txt,100,normal,0.0,3,102912,103936,test
5884,100.mat.txt,100,normal,0.0,3,103424,104448,test
5885,100.mat.txt,100,normal,0.0,3,103936,104960,test
5886,100.mat.txt,100,normal,0.0,3,104448,105472,test
5887,100.mat.txt,100,normal,0.0,3,104960,105984,test
5888,100.mat.txt,100,normal,0.0,3,105472,106496,test
5889,100.mat.txt,100,normal,0.0,3,105984,107008,test
5890,100.mat.txt,100,normal,0.0,3,106496,107520,test
5891,100.mat.txt,100,normal,0.0,3,107008,108032,test
5892,100.mat.txt,100,normal,0.0,3,107520,108544,test
5893,100.mat.txt,100,normal,0.0,3,108032,109056,test
5894,100.mat.txt,100,normal,0.0,3,108544,109568,test
5895,100.mat.txt,100,normal,0.0,3,109056,110080,test
5896,100.mat.txt,100,normal,0.0,3,109568,110592,test
5897,100.mat.txt,100,normal,0.0,3,110080,111104,test
5898,100.mat.txt,100,normal,0.0,3,110592,111616,test
5899,100.mat.txt,100,normal,0.0,3,111104,112128,test
5900,100.mat.txt,100,normal,0.0,3,111616,112640,test
5901,100.mat.txt,100,normal,0.0,3,112128,113152,test
5902,100.mat.txt,100,normal,0.0,3,112640,113664,test
5903,100.mat.txt,100,normal,0.0,3,113152,114176,test
5904,100.mat.txt,100,normal,0.0,3,113664,114688,test
5905,100.mat.txt,100,normal,0.0,3,114176,115200,test
5906,100.mat.txt,100,normal,0.0,3,114688,115712,test
5907,100.mat.txt,100,normal,0.0,3,115200,116224,test
5908,100.mat.txt,100,normal,0.0,3,115712,116736,test
5909,100.mat.txt,100,normal,0.0,3,116224,117248,test
5910,100.mat.txt,100,normal,0.0,3,116736,117760,test
5911,100.mat.txt,100,normal,0.0,3,117248,118272,test
5912,100.mat.txt,100,normal,0.0,3,117760,118784,test
5913,100.mat.txt,100,normal,0.0,3,118272,119296,test
5914,100.mat.txt,100,normal,0.0,3,118784,119808,test
5915,100.mat.txt,100,normal,0.0,3,119296,120320,test
5916,100.mat.txt,100,normal,0.0,3,119808,120832,test
5917,100.mat.txt,100,normal,0.0,3,120320,121344,test
5918,100.mat.txt,100,normal,0.0,3,120832,121856,test
5919,100.mat.txt,100,normal,0.0,3,121344,122368,test
5920,100.mat.txt,100,normal,0.0,3,121856,122880,test
5921,100.mat.txt,100,normal,0.0,3,122368,123392,test
5922,100.mat.txt,100,normal,0.0,3,122880,123904,test
5923,100.mat.txt,100,normal,0.0,3,123392,124416,test
5924,100.mat.txt,100,normal,0.0,3,123904,124928,test
5925,100.mat.txt,100,normal,0.0,3,124416,125440,test
5926,100.mat.txt,100,normal,0.0,3,124928,125952,test
5927,100.mat.txt,100,normal,0.0,3,125440,126464,test
5928,100.mat.txt,100,normal,0.0,3,125952,126976,test
5929,100.mat.txt,100,normal,0.0,3,126464,127488,test
5930,100.mat.txt,100,normal,0.0,3,126976,128000,test
5931,100.mat.txt,100,normal,0.0,3,127488,128512,test
5932,100.mat.txt,100,normal,0.0,3,128000,129024,test
5933,100.mat.txt,100,normal,0.0,3,128512,129536,test
5934,100.mat.txt,100,normal,0.0,3,129024,130048,test
5935,100.mat.txt,100,normal,0.0,3,129536,130560,test
5936,100.mat.txt,100,normal,0.0,3,130048,131072,test
5937,100.mat.txt,100,normal,0.0,3,130560,131584,test
5938,100.mat.txt,100,normal,0.0,3,131072,132096,test
5939,100.mat.txt,100,normal,0.0,3,131584,132608,test
5940,100.mat.txt,100,normal,0.0,3,132096,133120,test
5941,100.mat.txt,100,normal,0.0,3,132608,133632,test
5942,100.mat.txt,100,normal,0.0,3,133120,134144,test
5943,100.mat.txt,100,normal,0.0,3,133632,134656,test
5944,100.mat.txt,100,normal,0.0,3,134144,135168,test
5945,100.mat.txt,100,normal,0.0,3,134656,135680,test
5946,100.mat.txt,100,normal,0.0,3,135168,136192,test
5947,100.mat.txt,100,normal,0.0,3,135680,136704,test
5948,100.mat.txt,100,normal,0.0,3,136192,137216,test
5949,100.mat.txt,100,normal,0.0,3,136704,137728,test
5950,100.mat.txt,100,normal,0.0,3,137216,138240,test
5951,100.mat.txt,100,normal,0.0,3,137728,138752,test
5952,100.mat.txt,100,normal,0.0,3,138240,139264,test
5953,100.mat.txt,100,normal,0.0,3,138752,139776,test
5954,100.mat.txt,100,normal,0.0,3,139264,140288,test
5955,100.mat.txt,100,normal,0.0,3,139776,140800,test
5956,100.mat.txt,100,normal,0.0,3,140288,141312,test
5957,100.mat.txt,100,normal,0.0,3,140800,141824,test
5958,100.mat.txt,100,normal,0.0,3,141312,142336,test
5959,100.mat.txt,100,normal,0.0,3,141824,142848,test
5960,100.mat.txt,100,normal,0.0,3,142336,143360,test
5961,100.mat.txt,100,normal,0.0,3,142848,143872,test
5962,100.mat.txt,100,normal,0.0,3,143360,144384,test
5963,100.mat.txt,100,normal,0.0,3,143872,144896,test
5964,100.mat.txt,100,normal,0.0,3,144384,145408,test
5965,100.mat.txt,100,normal,0.0,3,144896,145920,test
5966,100.mat.txt,100,normal,0.0,3,145408,146432,test
5967,100.mat.txt,100,normal,0.0,3,145920,146944,test
5968,100.mat.txt,100,normal,0.0,3,146432,147456,test
5969,100.mat.txt,100,normal,0.0,3,146944,147968,test
5970,100.mat.txt,100,normal,0.0,3,147456,148480,test
5971,100.mat.txt,100,normal,0.0,3,147968,148992,test
5972,100.mat.txt,100,normal,0.0,3,148480,149504,test
5973,100.mat.txt,100,normal,0.0,3,148992,150016,test
5974,100.mat.txt,100,normal,0.0,3,149504,150528,test
5975,100.mat.txt,100,normal,0.0,3,150016,151040,test
5976,100.mat.txt,100,normal,0.0,3,150528,151552,test
5977,100.mat.txt,100,normal,0.0,3,151040,152064,test
5978,100.mat.txt,100,normal,0.0,3,151552,152576,test
5979,100.mat.txt,100,normal,0.0,3,152064,153088,test
5980,100.mat.txt,100,normal,0.0,3,152576,153600,test
5981,100.mat.txt,100,normal,0.0,3,153088,154112,test
5982,100.mat.txt,100,normal,0.0,3,153600,154624,test
5983,100.mat.txt,100,normal,0.0,3,154112,155136,test
5984,100.mat.txt,100,normal,0.0,3,154624,155648,test
5985,100.mat.txt,100,normal,0.0,3,155136,156160,test
5986,100.mat.txt,100,normal,0.0,3,155648,156672,test
5987,100.mat.txt,100,normal,0.0,3,156160,157184,test
5988,100.mat.txt,100,normal,0.0,3,156672,157696,test
5989,100.mat.txt,100,normal,0.0,3,157184,158208,test
5990,100.mat.txt,100,normal,0.0,3,157696,158720,test
5991,100.mat.txt,100,normal,0.0,3,158208,159232,test
5992,100.mat.txt,100,normal,0.0,3,158720,159744,test
5993,100.mat.txt,100,normal,0.0,3,159232,160256,test
5994,100.mat.txt,100,normal,0.0,3,159744,160768,test
5995,100.mat.txt,100,normal,0.0,3,160256,161280,test
5996,100.mat.txt,100,normal,0.0,3,160768,161792,test
5997,100.mat.txt,100,normal,0.0,3,161280,162304,test
5998,100.mat.txt,100,normal,0.0,3,161792,162816,test
5999,100.mat.txt,100,normal,0.0,3,162304,163328,test
6000,100.mat.txt,100,normal,0.0,3,162816,163840,test
6001,100.mat.txt,100,normal,0.0,3,163328,164352,test
6002,100.mat.txt,100,normal,0.0,3,163840,164864,test
6003,100.mat.txt,100,normal,0.0,3,164352,165376,test
6004,100.mat.txt,100,normal,0.0,3,164864,165888,test
6005,100.mat.txt,100,normal,0.0,3,165376,166400,test
6006,100.mat.txt,100,normal,0.0,3,165888,166912,test
6007,100.mat.txt,100,normal,0.0,3,166400,167424,test
6008,100.mat.txt,100,normal,0.0,3,166912,167936,test
6009,100.mat.txt,100,normal,0.0,3,167424,168448,test
6010,100.mat.txt,100,normal,0.0,3,167936,168960,test
6011,100.mat.txt,100,normal,0.0,3,168448,169472,test
6012,100.mat.txt,100,normal,0.0,3,168960,169984,test
6013,100.mat.txt,100,normal,0.0,3,169472,170496,test
6014,100.mat.txt,100,normal,0.0,3,169984,171008,test
6015,100.mat.txt,100,normal,0.0,3,170496,171520,test
6016,100.mat.txt,100,normal,0.0,3,171008,172032,test
6017,100.mat.txt,100,normal,0.0,3,171520,172544,test
6018,100.mat.txt,100,normal,0.0,3,172032,173056,test
6019,100.mat.txt,100,normal,0.0,3,172544,173568,test
6020,100.mat.txt,100,normal,0.0,3,173056,174080,test
6021,100.mat.txt,100,normal,0.0,3,173568,174592,test
6022,100.mat.txt,100,normal,0.0,3,174080,175104,test
6023,100.mat.txt,100,normal,0.0,3,174592,175616,test
6024,100.mat.txt,100,normal,0.0,3,175104,176128,test
6025,100.mat.txt,100,normal,0.0,3,175616,176640,test
6026,100.mat.txt,100,normal,0.0,3,176128,177152,test
6027,100.mat.txt,100,normal,0.0,3,176640,177664,test
6028,100.mat.txt,100,normal,0.0,3,177152,178176,test
6029,100.mat.txt,100,normal,0.0,3,177664,178688,test
6030,100.mat.txt,100,normal,0.0,3,178176,179200,test
6031,100.mat.txt,100,normal,0.0,3,178688,179712,test
6032,100.mat.txt,100,normal,0.0,3,179200,180224,test
6033,100.mat.txt,100,normal,0.0,3,179712,180736,test
6034,100.mat.txt,100,normal,0.0,3,180224,181248,test
6035,100.mat.txt,100,normal,0.0,3,180736,181760,test
6036,100.mat.txt,100,normal,0.0,3,181248,182272,test
6037,100.mat.txt,100,normal,0.0,3,181760,182784,test
6038,100.mat.txt,100,normal,0.0,3,182272,183296,test
6039,100.mat.txt,100,normal,0.0,3,182784,183808,test
6040,100.mat.txt,100,normal,0.0,3,183296,184320,test
6041,100.mat.txt,100,normal,0.0,3,183808,184832,test
6042,100.mat.txt,100,normal,0.0,3,184320,185344,test
6043,100.mat.txt,100,normal,0.0,3,184832,185856,test
6044,100.mat.txt,100,normal,0.0,3,185344,186368,test
6045,100.mat.txt,100,normal,0.0,3,185856,186880,test
6046,100.mat.txt,100,normal,0.0,3,186368,187392,test
6047,100.mat.txt,100,normal,0.0,3,186880,187904,test
6048,100.mat.txt,100,normal,0.0,3,187392,188416,test
6049,100.mat.txt,100,normal,0.0,3,187904,188928,test
6050,100.mat.txt,100,normal,0.0,3,188416,189440,test
6051,100.mat.txt,100,normal,0.0,3,188928,189952,test
6052,100.mat.txt,100,normal,0.0,3,189440,190464,test
6053,100.mat.txt,100,normal,0.0,3,189952,190976,test
6054,100.mat.txt,100,normal,0.0,3,190464,191488,test
6055,100.mat.txt,100,normal,0.0,3,190976,192000,test
6056,100.mat.txt,100,normal,0.0,3,191488,192512,test
6057,100.mat.txt,100,normal,0.0,3,192000,193024,test
6058,100.mat.txt,100,normal,0.0,3,192512,193536,test
6059,100.mat.txt,100,normal,0.0,3,193024,194048,test
6060,100.mat.txt,100,normal,0.0,3,193536,194560,test
6061,100.mat.txt,100,normal,0.0,3,194048,195072,test
6062,100.mat.txt,100,normal,0.0,3,194560,195584,test
6063,100.mat.txt,100,normal,0.0,3,195072,196096,test
6064,100.mat.txt,100,normal,0.0,3,195584,196608,test
6065,100.mat.txt,100,normal,0.0,3,196096,197120,test
6066,100.mat.txt,100,normal,0.0,3,196608,197632,test
6067,100.mat.txt,100,normal,0.0,3,197120,198144,test
6068,100.mat.txt,100,normal,0.0,3,197632,198656,test
6069,100.mat.txt,100,normal,0.0,3,198144,199168,test
6070,100.mat.txt,100,normal,0.0,3,198656,199680,test
6071,100.mat.txt,100,normal,0.0,3,199168,200192,test
6072,100.mat.txt,100,normal,0.0,3,199680,200704,test
6073,100.mat.txt,100,normal,0.0,3,200192,201216,test
6074,100.mat.txt,100,normal,0.0,3,200704,201728,test
6075,100.mat.txt,100,normal,0.0,3,201216,202240,test
6076,100.mat.txt,100,normal,0.0,3,201728,202752,test
6077,100.mat.txt,100,normal,0.0,3,202240,203264,test
6078,100.mat.txt,100,normal,0.0,3,202752,203776,test
6079,100.mat.txt,100,normal,0.0,3,203264,204288,test
6080,100.mat.txt,100,normal,0.0,3,203776,204800,test
6081,100.mat.txt,100,normal,0.0,3,204288,205312,test
6082,100.mat.txt,100,normal,0.0,3,204800,205824,test
6083,100.mat.txt,100,normal,0.0,3,205312,206336,test
6084,100.mat.txt,100,normal,0.0,3,205824,206848,test
6085,100.mat.txt,100,normal,0.0,3,206336,207360,test
6086,100.mat.txt,100,normal,0.0,3,206848,207872,test
6087,100.mat.txt,100,normal,0.0,3,207360,208384,test
6088,100.mat.txt,100,normal,0.0,3,207872,208896,test
6089,100.mat.txt,100,normal,0.0,3,208384,209408,test
6090,100.mat.txt,100,normal,0.0,3,208896,209920,test
6091,100.mat.txt,100,normal,0.0,3,209408,210432,test
6092,100.mat.txt,100,normal,0.0,3,209920,210944,test
6093,100.mat.txt,100,normal,0.0,3,210432,211456,test
6094,100.mat.txt,100,normal,0.0,3,210944,211968,test
6095,100.mat.txt,100,normal,0.0,3,211456,212480,test
6096,100.mat.txt,100,normal,0.0,3,211968,212992,test
6097,100.mat.txt,100,normal,0.0,3,212480,213504,test
6098,100.mat.txt,100,normal,0.0,3,212992,214016,test
6099,100.mat.txt,100,normal,0.0,3,213504,214528,test
6100,100.mat.txt,100,normal,0.0,3,214016,215040,test
6101,100.mat.txt,100,normal,0.0,3,214528,215552,test
6102,100.mat.txt,100,normal,0.0,3,215040,216064,test
6103,100.mat.txt,100,normal,0.0,3,215552,216576,test
6104,100.mat.txt,100,normal,0.0,3,216064,217088,test
6105,100.mat.txt,100,normal,0.0,3,216576,217600,test
6106,100.mat.txt,100,normal,0.0,3,217088,218112,test
6107,100.mat.txt,100,normal,0.0,3,217600,218624,test
6108,100.mat.txt,100,normal,0.0,3,218112,219136,test
6109,100.mat.txt,100,normal,0.0,3,218624,219648,test
6110,100.mat.txt,100,normal,0.0,3,219136,220160,test
6111,100.mat.txt,100,normal,0.0,3,219648,220672,test
6112,100.mat.txt,100,normal,0.0,3,220160,221184,test
6113,100.mat.txt,100,normal,0.0,3,220672,221696,test
6114,100.mat.txt,100,normal,0.0,3,221184,222208,test
6115,100.mat.txt,100,normal,0.0,3,221696,222720,test
6116,100.mat.txt,100,normal,0.0,3,222208,223232,test
6117,100.mat.txt,100,normal,0.0,3,222720,223744,test
6118,100.mat.txt,100,normal,0.0,3,223232,224256,test
6119,100.mat.txt,100,normal,0.0,3,223744,224768,test
6120,100.mat.txt,100,normal,0.0,3,224256,225280,test
6121,100.mat.txt,100,normal,0.0,3,224768,225792,test
6122,100.mat.txt,100,normal,0.0,3,225280,226304,test
6123,100.mat.txt,100,normal,0.0,3,225792,226816,test
6124,100.mat.txt,100,normal,0.0,3,226304,227328,test
6125,100.mat.txt,100,normal,0.0,3,226816,227840,test
6126,100.mat.txt,100,normal,0.0,3,227328,228352,test
6127,100.mat.txt,100,normal,0.0,3,227840,228864,test
6128,100.mat.txt,100,normal,0.0,3,228352,229376,test
6129,100.mat.txt,100,normal,0.0,3,228864,229888,test
6130,100.mat.txt,100,normal,0.0,3,229376,230400,test
6131,100.mat.txt,100,normal,0.0,3,229888,230912,test
6132,100.mat.txt,100,normal,0.0,3,230400,231424,test
6133,100.mat.txt,100,normal,0.0,3,230912,231936,test
6134,100.mat.txt,100,normal,0.0,3,231424,232448,test
6135,100.mat.txt,100,normal,0.0,3,231936,232960,test
6136,100.mat.txt,100,normal,0.0,3,232448,233472,test
6137,100.mat.txt,100,normal,0.0,3,232960,233984,test
6138,100.mat.txt,100,normal,0.0,3,233472,234496,test
6139,100.mat.txt,100,normal,0.0,3,233984,235008,test
6140,100.mat.txt,100,normal,0.0,3,234496,235520,test
6141,100.mat.txt,100,normal,0.0,3,235008,236032,test
6142,100.mat.txt,100,normal,0.0,3,235520,236544,test
6143,100.mat.txt,100,normal,0.0,3,236032,237056,test
6144,100.mat.txt,100,normal,0.0,3,236544,237568,test
6145,100.mat.txt,100,normal,0.0,3,237056,238080,test
6146,100.mat.txt,100,normal,0.0,3,237568,238592,test
6147,100.mat.txt,100,normal,0.0,3,238080,239104,test
6148,100.mat.txt,100,normal,0.0,3,238592,239616,test
6149,100.mat.txt,100,normal,0.0,3,239104,240128,test
6150,100.mat.txt,100,normal,0.0,3,239616,240640,test
6151,100.mat.txt,100,normal,0.0,3,240128,241152,test
6152,100.mat.txt,100,normal,0.0,3,240640,241664,test
6153,100.mat.txt,100,normal,0.0,3,241152,242176,test
6154,100.mat.txt,100,normal,0.0,3,241664,242688,test
6155,100.mat.txt,100,normal,0.0,3,242176,243200,test
6156,100.mat.txt,100,normal,0.0,3,242688,243712,test
6157,100.mat.txt,100,normal,0.0,3,243200,244224,test
6158,100.mat.txt,100,normal,0.0,3,243712,244736,test
6159,100.mat.txt,100,normal,0.0,3,244224,245248,test
6160,100.mat.txt,100,normal,0.0,3,244736,245760,test
6161,100.mat.txt,100,normal,0.0,3,245248,246272,test
6162,100.mat.txt,100,normal,0.0,3,245760,246784,test
6163,100.mat.txt,100,normal,0.0,3,246272,247296,test
6164,100.mat.txt,100,normal,0.0,3,246784,247808,test
6165,100.mat.txt,100,normal,0.0,3,247296,248320,test
6166,100.mat.txt,100,normal,0.0,3,247808,248832,test
6167,100.mat.txt,100,normal,0.0,3,248320,249344,test
6168,100.mat.txt,100,normal,0.0,3,248832,249856,test
6169,100.mat.txt,100,normal,0.0,3,249344,250368,test
6170,100.mat.txt,100,normal,0.0,3,249856,250880,test
6171,100.mat.txt,100,normal,0.0,3,250368,251392,test
6172,100.mat.txt,100,normal,0.0,3,250880,251904,test
6173,100.mat.txt,100,normal,0.0,3,251392,252416,test
6174,100.mat.txt,100,normal,0.0,3,251904,252928,test
6175,100.mat.txt,100,normal,0.0,3,252416,253440,test
6176,100.mat.txt,100,normal,0.0,3,252928,253952,test
6177,100.mat.txt,100,normal,0.0,3,253440,254464,test
6178,100.mat.txt,100,normal,0.0,3,253952,254976,test
6179,100.mat.txt,100,normal,0.0,3,254464,255488,test
6180,100.mat.txt,100,normal,0.0,3,254976,256000,test
6181,100.mat.txt,100,normal,0.0,3,255488,256512,test
6182,100.mat.txt,100,normal,0.0,3,256000,257024,test
6183,100.mat.txt,100,normal,0.0,3,256512,257536,test
6184,100.mat.txt,100,normal,0.0,3,257024,258048,test
6185,100.mat.txt,100,normal,0.0,3,257536,258560,test
6186,100.mat.txt,100,normal,0.0,3,258048,259072,test
6187,100.mat.txt,100,normal,0.0,3,258560,259584,test
6188,100.mat.txt,100,normal,0.0,3,259072,260096,test
6189,100.mat.txt,100,normal,0.0,3,259584,260608,test
6190,100.mat.txt,100,normal,0.0,3,260096,261120,test
6191,100.mat.txt,100,normal,0.0,3,260608,261632,test
6192,100.mat.txt,100,normal,0.0,3,261120,262144,test
6193,100.mat.txt,100,normal,0.0,3,261632,262656,test
6194,100.mat.txt,100,normal,0.0,3,262144,263168,test
6195,100.mat.txt,100,normal,0.0,3,262656,263680,test
6196,100.mat.txt,100,normal,0.0,3,263168,264192,test
6197,100.mat.txt,100,normal,0.0,3,263680,264704,test
6198,100.mat.txt,100,normal,0.0,3,264192,265216,test
6199,100.mat.txt,100,normal,0.0,3,264704,265728,test
6200,100.mat.txt,100,normal,0.0,3,265216,266240,test
6201,100.mat.txt,100,normal,0.0,3,265728,266752,test
6202,100.mat.txt,100,normal,0.0,3,266240,267264,test
6203,100.mat.txt,100,normal,0.0,3,266752,267776,test
6204,100.mat.txt,100,normal,0.0,3,267264,268288,test
6205,100.mat.txt,100,normal,0.0,3,267776,268800,test
6206,100.mat.txt,100,normal,0.0,3,268288,269312,test
6207,100.mat.txt,100,normal,0.0,3,268800,269824,test
6208,100.mat.txt,100,normal,0.0,3,269312,270336,test
6209,100.mat.txt,100,normal,0.0,3,269824,270848,test
6210,100.mat.txt,100,normal,0.0,3,270336,271360,test
6211,100.mat.txt,100,normal,0.0,3,270848,271872,test
6212,100.mat.txt,100,normal,0.0,3,271360,272384,test
6213,100.mat.txt,100,normal,0.0,3,271872,272896,test
6214,100.mat.txt,100,normal,0.0,3,272384,273408,test
6215,100.mat.txt,100,normal,0.0,3,272896,273920,test
6216,100.mat.txt,100,normal,0.0,3,273408,274432,test
6217,100.mat.txt,100,normal,0.0,3,273920,274944,test
6218,100.mat.txt,100,normal,0.0,3,274432,275456,test
6219,100.mat.txt,100,normal,0.0,3,274944,275968,test
6220,100.mat.txt,100,normal,0.0,3,275456,276480,test
6221,100.mat.txt,100,normal,0.0,3,275968,276992,test
6222,100.mat.txt,100,normal,0.0,3,276480,277504,test
6223,100.mat.txt,100,normal,0.0,3,276992,278016,test
6224,100.mat.txt,100,normal,0.0,3,277504,278528,test
6225,100.mat.txt,100,normal,0.0,3,278016,279040,test
6226,100.mat.txt,100,normal,0.0,3,278528,279552,test
6227,100.mat.txt,100,normal,0.0,3,279040,280064,test
6228,100.mat.txt,100,normal,0.0,3,279552,280576,test
6229,100.mat.txt,100,normal,0.0,3,280064,281088,test
6230,100.mat.txt,100,normal,0.0,3,280576,281600,test
6231,100.mat.txt,100,normal,0.0,3,281088,282112,test
6232,100.mat.txt,100,normal,0.0,3,281600,282624,test
6233,100.mat.txt,100,normal,0.0,3,282112,283136,test
6234,100.mat.txt,100,normal,0.0,3,282624,283648,test
6235,100.mat.txt,100,normal,0.0,3,283136,284160,test
6236,100.mat.txt,100,normal,0.0,3,283648,284672,test
6237,100.mat.txt,100,normal,0.0,3,284160,285184,test
6238,100.mat.txt,100,normal,0.0,3,284672,285696,test
6239,100.mat.txt,100,normal,0.0,3,285184,286208,test
6240,100.mat.txt,100,normal,0.0,3,285696,286720,test
6241,100.mat.txt,100,normal,0.0,3,286208,287232,test
6242,100.mat.txt,100,normal,0.0,3,286720,287744,test
6243,100.mat.txt,100,normal,0.0,3,287232,288256,test
6244,100.mat.txt,100,normal,0.0,3,287744,288768,test
6245,100.mat.txt,100,normal,0.0,3,288256,289280,test
6246,100.mat.txt,100,normal,0.0,3,288768,289792,test
6247,100.mat.txt,100,normal,0.0,3,289280,290304,test
6248,100.mat.txt,100,normal,0.0,3,289792,290816,test
6249,100.mat.txt,100,normal,0.0,3,290304,291328,test
6250,100.mat.txt,100,normal,0.0,3,290816,291840,test
6251,100.mat.txt,100,normal,0.0,3,291328,292352,test
6252,100.mat.txt,100,normal,0.0,3,291840,292864,test
6253,100.mat.txt,100,normal,0.0,3,292352,293376,test
6254,100.mat.txt,100,normal,0.0,3,292864,293888,test
6255,100.mat.txt,100,normal,0.0,3,293376,294400,test
6256,100.mat.txt,100,normal,0.0,3,293888,294912,test
6257,100.mat.txt,100,normal,0.0,3,294400,295424,test
6258,100.mat.txt,100,normal,0.0,3,294912,295936,test
6259,100.mat.txt,100,normal,0.0,3,295424,296448,test
6260,100.mat.txt,100,normal,0.0,3,295936,296960,test
6261,100.mat.txt,100,normal,0.0,3,296448,297472,test
6262,100.mat.txt,100,normal,0.0,3,296960,297984,test
6263,100.mat.txt,100,normal,0.0,3,297472,298496,test
6264,100.mat.txt,100,normal,0.0,3,297984,299008,test
6265,100.mat.txt,100,normal,0.0,3,298496,299520,test
6266,100.mat.txt,100,normal,0.0,3,299008,300032,test
6267,100.mat.txt,100,normal,0.0,3,299520,300544,test
6268,100.mat.txt,100,normal,0.0,3,300032,301056,test
6269,100.mat.txt,100,normal,0.0,3,300544,301568,test
6270,100.mat.txt,100,normal,0.0,3,301056,302080,test
6271,100.mat.txt,100,normal,0.0,3,301568,302592,test
6272,100.mat.txt,100,normal,0.0,3,302080,303104,test
6273,100.mat.txt,100,normal,0.0,3,302592,303616,test
6274,100.mat.txt,100,normal,0.0,3,303104,304128,test
6275,100.mat.txt,100,normal,0.0,3,303616,304640,test
6276,100.mat.txt,100,normal,0.0,3,304128,305152,test
6277,100.mat.txt,100,normal,0.0,3,304640,305664,test
6278,100.mat.txt,100,normal,0.0,3,305152,306176,test
6279,100.mat.txt,100,normal,0.0,3,305664,306688,test
6280,100.mat.txt,100,normal,0.0,3,306176,307200,test
6281,100.mat.txt,100,normal,0.0,3,306688,307712,test
6282,100.mat.txt,100,normal,0.0,3,307200,308224,test
6283,100.mat.txt,100,normal,0.0,3,307712,308736,test
6284,100.mat.txt,100,normal,0.0,3,308224,309248,test
6285,100.mat.txt,100,normal,0.0,3,308736,309760,test
6286,100.mat.txt,100,normal,0.0,3,309248,310272,test
6287,100.mat.txt,100,normal,0.0,3,309760,310784,test
6288,100.mat.txt,100,normal,0.0,3,310272,311296,test
6289,100.mat.txt,100,normal,0.0,3,310784,311808,test
6290,100.mat.txt,100,normal,0.0,3,311296,312320,test
6291,100.mat.txt,100,normal,0.0,3,311808,312832,test
6292,100.mat.txt,100,normal,0.0,3,312320,313344,test
6293,100.mat.txt,100,normal,0.0,3,312832,313856,test
6294,100.mat.txt,100,normal,0.0,3,313344,314368,test
6295,100.mat.txt,100,normal,0.0,3,313856,314880,test
6296,100.mat.txt,100,normal,0.0,3,314368,315392,test
6297,100.mat.txt,100,normal,0.0,3,314880,315904,test
6298,100.mat.txt,100,normal,0.0,3,315392,316416,test
6299,100.mat.txt,100,normal,0.0,3,315904,316928,test
6300,100.mat.txt,100,normal,0.0,3,316416,317440,test
6301,100.mat.txt,100,normal,0.0,3,316928,317952,test
6302,100.mat.txt,100,normal,0.0,3,317440,318464,test
6303,100.mat.txt,100,normal,0.0,3,317952,318976,test
6304,100.mat.txt,100,normal,0.0,3,318464,319488,test
6305,100.mat.txt,100,normal,0.0,3,318976,320000,test
6306,100.mat.txt,100,normal,0.0,3,319488,320512,test
6307,100.mat.txt,100,normal,0.0,3,320000,321024,test
6308,100.mat.txt,100,normal,0.0,3,320512,321536,test
6309,100.mat.txt,100,normal,0.0,3,321024,322048,test
6310,100.mat.txt,100,normal,0.0,3,321536,322560,test
6311,100.mat.txt,100,normal,0.0,3,322048,323072,test
6312,100.mat.txt,100,normal,0.0,3,322560,323584,test
6313,100.mat.txt,100,normal,0.0,3,323072,324096,test
6314,100.mat.txt,100,normal,0.0,3,323584,324608,test
6315,100.mat.txt,100,normal,0.0,3,324096,325120,test
6316,100.mat.txt,100,normal,0.0,3,324608,325632,test
6317,100.mat.txt,100,normal,0.0,3,325120,326144,test
6318,100.mat.txt,100,normal,0.0,3,325632,326656,test
6319,100.mat.txt,100,normal,0.0,3,326144,327168,test
6320,100.mat.txt,100,normal,0.0,3,326656,327680,test
6321,100.mat.txt,100,normal,0.0,3,327168,328192,test
6322,100.mat.txt,100,normal,0.0,3,327680,328704,test
6323,100.mat.txt,100,normal,0.0,3,328192,329216,test
6324,100.mat.txt,100,normal,0.0,3,328704,329728,test
6325,100.mat.txt,100,normal,0.0,3,329216,330240,test
6326,100.mat.txt,100,normal,0.0,3,329728,330752,test
6327,100.mat.txt,100,normal,0.0,3,330240,331264,test
6328,100.mat.txt,100,normal,0.0,3,330752,331776,test
6329,100.mat.txt,100,normal,0.0,3,331264,332288,test
6330,100.mat.txt,100,normal,0.0,3,331776,332800,test
6331,100.mat.txt,100,normal,0.0,3,332288,333312,test
6332,100.mat.txt,100,normal,0.0,3,332800,333824,test
6333,100.mat.txt,100,normal,0.0,3,333312,334336,test
6334,100.mat.txt,100,normal,0.0,3,333824,334848,test
6335,100.mat.txt,100,normal,0.0,3,334336,335360,test
6336,100.mat.txt,100,normal,0.0,3,334848,335872,test
6337,100.mat.txt,100,normal,0.0,3,335360,336384,test
6338,100.mat.txt,100,normal,0.0,3,335872,336896,test
6339,100.mat.txt,100,normal,0.0,3,336384,337408,test
6340,100.mat.txt,100,normal,0.0,3,336896,337920,test
6341,100.mat.txt,100,normal,0.0,3,337408,338432,test
6342,100.mat.txt,100,normal,0.0,3,337920,338944,test
6343,100.mat.txt,100,normal,0.0,3,338432,339456,test
6344,100.mat.txt,100,normal,0.0,3,338944,339968,test
6345,100.mat.txt,100,normal,0.0,3,339456,340480,test
6346,100.mat.txt,100,normal,0.0,3,339968,340992,test
6347,100.mat.txt,100,normal,0.0,3,340480,341504,test
6348,100.mat.txt,100,normal,0.0,3,340992,342016,test
6349,100.mat.txt,100,normal,0.0,3,341504,342528,test
6350,100.mat.txt,100,normal,0.0,3,342016,343040,test
6351,100.mat.txt,100,normal,0.0,3,342528,343552,test
6352,100.mat.txt,100,normal,0.0,3,343040,344064,test
6353,100.mat.txt,100,normal,0.0,3,343552,344576,test
6354,100.mat.txt,100,normal,0.0,3,344064,345088,test
6355,100.mat.txt,100,normal,0.0,3,344576,345600,test
6356,100.mat.txt,100,normal,0.0,3,345088,346112,test
6357,100.mat.txt,100,normal,0.0,3,345600,346624,test
6358,100.mat.txt,100,normal,0.0,3,346112,347136,test
6359,100.mat.txt,100,normal,0.0,3,346624,347648,test
6360,100.mat.txt,100,normal,0.0,3,347136,348160,test
6361,100.mat.txt,100,normal,0.0,3,347648,348672,test
6362,100.mat.txt,100,normal,0.0,3,348160,349184,test
6363,100.mat.txt,100,normal,0.0,3,348672,349696,test
6364,100.mat.txt,100,normal,0.0,3,349184,350208,test
6365,100.mat.txt,100,normal,0.0,3,349696,350720,test
6366,100.mat.txt,100,normal,0.0,3,350208,351232,test
6367,100.mat.txt,100,normal,0.0,3,350720,351744,test
6368,100.mat.txt,100,normal,0.0,3,351232,352256,test
6369,100.mat.txt,100,normal,0.0,3,351744,352768,test
6370,100.mat.txt,100,normal,0.0,3,352256,353280,test
6371,100.mat.txt,100,normal,0.0,3,352768,353792,test
6372,100.mat.txt,100,normal,0.0,3,353280,354304,test
6373,100.mat.txt,100,normal,0.0,3,353792,354816,test
6374,100.mat.txt,100,normal,0.0,3,354304,355328,test
6375,100.mat.txt,100,normal,0.0,3,354816,355840,test
6376,100.mat.txt,100,normal,0.0,3,355328,356352,test
6377,100.mat.txt,100,normal,0.0,3,355840,356864,test
6378,100.mat.txt,100,normal,0.0,3,356352,357376,test
6379,100.mat.txt,100,normal,0.0,3,356864,357888,test
6380,100.mat.txt,100,normal,0.0,3,357376,358400,test
6381,100.mat.txt,100,normal,0.0,3,357888,358912,test
6382,100.mat.txt,100,normal,0.0,3,358400,359424,test
6383,100.mat.txt,100,normal,0.0,3,358912,359936,test
6384,100.mat.txt,100,normal,0.0,3,359424,360448,test
6385,100.mat.txt,100,normal,0.0,3,359936,360960,test
6386,100.mat.txt,100,normal,0.0,3,360448,361472,test
6387,100.mat.txt,100,normal,0.0,3,360960,361984,test
6388,100.mat.txt,100,normal,0.0,3,361472,362496,test
6389,100.mat.txt,100,normal,0.0,3,361984,363008,test
6390,100.mat.txt,100,normal,0.0,3,362496,363520,test
6391,100.mat.txt,100,normal,0.0,3,363008,364032,test
6392,100.mat.txt,100,normal,0.0,3,363520,364544,test
6393,100.mat.txt,100,normal,0.0,3,364032,365056,test
6394,100.mat.txt,100,normal,0.0,3,364544,365568,test
6395,100.mat.txt,100,normal,0.0,3,365056,366080,test
6396,100.mat.txt,100,normal,0.0,3,365568,366592,test
6397,100.mat.txt,100,normal,0.0,3,366080,367104,test
6398,100.mat.txt,100,normal,0.0,3,366592,367616,test
6399,100.mat.txt,100,normal,0.0,3,367104,368128,test
6400,100.mat.txt,100,normal,0.0,3,367616,368640,test
6401,100.mat.txt,100,normal,0.0,3,368128,369152,test
6402,100.mat.txt,100,normal,0.0,3,368640,369664,test
6403,100.mat.txt,100,normal,0.0,3,369152,370176,test
6404,100.mat.txt,100,normal,0.0,3,369664,370688,test
6405,100.mat.txt,100,normal,0.0,3,370176,371200,test
6406,100.mat.txt,100,normal,0.0,3,370688,371712,test
6407,100.mat.txt,100,normal,0.0,3,371200,372224,test
6408,100.mat.txt,100,normal,0.0,3,371712,372736,test
6409,100.mat.txt,100,normal,0.0,3,372224,373248,test
6410,100.mat.txt,100,normal,0.0,3,372736,373760,test
6411,100.mat.txt,100,normal,0.0,3,373248,374272,test
6412,100.mat.txt,100,normal,0.0,3,373760,374784,test
6413,100.mat.txt,100,normal,0.0,3,374272,375296,test
6414,100.mat.txt,100,normal,0.0,3,374784,375808,test
6415,100.mat.txt,100,normal,0.0,3,375296,376320,test
6416,100.mat.txt,100,normal,0.0,3,375808,376832,test
6417,100.mat.txt,100,normal,0.0,3,376320,377344,test
6418,100.mat.txt,100,normal,0.0,3,376832,377856,test
6419,100.mat.txt,100,normal,0.0,3,377344,378368,test
6420,100.mat.txt,100,normal,0.0,3,377856,378880,test
6421,100.mat.txt,100,normal,0.0,3,378368,379392,test
6422,100.mat.txt,100,normal,0.0,3,378880,379904,test
6423,100.mat.txt,100,normal,0.0,3,379392,380416,test
6424,100.mat.txt,100,normal,0.0,3,379904,380928,test
6425,100.mat.txt,100,normal,0.0,3,380416,381440,test
6426,100.mat.txt,100,normal,0.0,3,380928,381952,test
6427,100.mat.txt,100,normal,0.0,3,381440,382464,test
6428,100.mat.txt,100,normal,0.0,3,381952,382976,test
6429,100.mat.txt,100,normal,0.0,3,382464,383488,test
6430,100.mat.txt,100,normal,0.0,3,382976,384000,test
6431,100.mat.txt,100,normal,0.0,3,383488,384512,test
6432,100.mat.txt,100,normal,0.0,3,384000,385024,test
6433,100.mat.txt,100,normal,0.0,3,384512,385536,test
6434,100.mat.txt,100,normal,0.0,3,385024,386048,test
6435,100.mat.txt,100,normal,0.0,3,385536,386560,test
6436,100.mat.txt,100,normal,0.0,3,386048,387072,test
6437,100.mat.txt,100,normal,0.0,3,386560,387584,test
6438,100.mat.txt,100,normal,0.0,3,387072,388096,test
6439,100.mat.txt,100,normal,0.0,3,387584,388608,test
6440,100.mat.txt,100,normal,0.0,3,388096,389120,test
6441,100.mat.txt,100,normal,0.0,3,388608,389632,test
6442,100.mat.txt,100,normal,0.0,3,389120,390144,test
6443,100.mat.txt,100,normal,0.0,3,389632,390656,test
6444,100.mat.txt,100,normal,0.0,3,390144,391168,test
6445,100.mat.txt,100,normal,0.0,3,390656,391680,test
6446,100.mat.txt,100,normal,0.0,3,391168,392192,test
6447,100.mat.txt,100,normal,0.0,3,391680,392704,test
6448,100.mat.txt,100,normal,0.0,3,392192,393216,test
6449,100.mat.txt,100,normal,0.0,3,392704,393728,test
6450,100.mat.txt,100,normal,0.0,3,393216,394240,test
6451,100.mat.txt,100,normal,0.0,3,393728,394752,test
6452,100.mat.txt,100,normal,0.0,3,394240,395264,test
6453,100.mat.txt,100,normal,0.0,3,394752,395776,test
6454,100.mat.txt,100,normal,0.0,3,395264,396288,test
6455,100.mat.txt,100,normal,0.0,3,395776,396800,test
6456,100.mat.txt,100,normal,0.0,3,396288,397312,test
6457,100.mat.txt,100,normal,0.0,3,396800,397824,test
6458,100.mat.txt,100,normal,0.0,3,397312,398336,test
6459,100.mat.txt,100,normal,0.0,3,397824,398848,test
6460,100.mat.txt,100,normal,0.0,3,398336,399360,test
6461,100.mat.txt,100,normal,0.0,3,398848,399872,test
6462,100.mat.txt,100,normal,0.0,3,399360,400384,test
6463,100.mat.txt,100,normal,0.0,3,399872,400896,test
6464,100.mat.txt,100,normal,0.0,3,400384,401408,test
6465,100.mat.txt,100,normal,0.0,3,400896,401920,test
6466,100.mat.txt,100,normal,0.0,3,401408,402432,test
6467,100.mat.txt,100,normal,0.0,3,401920,402944,test
6468,100.mat.txt,100,normal,0.0,3,402432,403456,test
6469,100.mat.txt,100,normal,0.0,3,402944,403968,test
6470,100.mat.txt,100,normal,0.0,3,403456,404480,test
6471,100.mat.txt,100,normal,0.0,3,403968,404992,test
6472,100.mat.txt,100,normal,0.0,3,404480,405504,test
6473,100.mat.txt,100,normal,0.0,3,404992,406016,test
6474,100.mat.txt,100,normal,0.0,3,405504,406528,test
6475,100.mat.txt,100,normal,0.0,3,406016,407040,test
6476,100.mat.txt,100,normal,0.0,3,406528,407552,test
6477,100.mat.txt,100,normal,0.0,3,407040,408064,test
6478,100.mat.txt,100,normal,0.0,3,407552,408576,test
6479,100.mat.txt,100,normal,0.0,3,408064,409088,test
6480,100.mat.txt,100,normal,0.0,3,408576,409600,test
6481,100.mat.txt,100,normal,0.0,3,409088,410112,test
6482,100.mat.txt,100,normal,0.0,3,409600,410624,test
6483,100.mat.txt,100,normal,0.0,3,410112,411136,test
6484,100.mat.txt,100,normal,0.0,3,410624,411648,test
6485,100.mat.txt,100,normal,0.0,3,411136,412160,test
6486,100.mat.txt,100,normal,0.0,3,411648,412672,test
6487,100.mat.txt,100,normal,0.0,3,412160,413184,test
6488,100.mat.txt,100,normal,0.0,3,412672,413696,test
6489,100.mat.txt,100,normal,0.0,3,413184,414208,test
6490,100.mat.txt,100,normal,0.0,3,413696,414720,test
6491,100.mat.txt,100,normal,0.0,3,414208,415232,test
6492,100.mat.txt,100,normal,0.0,3,414720,415744,test
6493,100.mat.txt,100,normal,0.0,3,415232,416256,test
6494,100.mat.txt,100,normal,0.0,3,415744,416768,test
6495,100.mat.txt,100,normal,0.0,3,416256,417280,test
6496,100.mat.txt,100,normal,0.0,3,416768,417792,test
6497,100.mat.txt,100,normal,0.0,3,417280,418304,test
6498,100.mat.txt,100,normal,0.0,3,417792,418816,test
6499,100.mat.txt,100,normal,0.0,3,418304,419328,test
6500,100.mat.txt,100,normal,0.0,3,418816,419840,test
6501,100.mat.txt,100,normal,0.0,3,419328,420352,test
6502,100.mat.txt,100,normal,0.0,3,419840,420864,test
6503,100.mat.txt,100,normal,0.0,3,420352,421376,test
6504,100.mat.txt,100,normal,0.0,3,420864,421888,test
6505,100.mat.txt,100,normal,0.0,3,421376,422400,test
6506,100.mat.txt,100,normal,0.0,3,421888,422912,test
6507,100.mat.txt,100,normal,0.0,3,422400,423424,test
6508,100.mat.txt,100,normal,0.0,3,422912,423936,test
6509,100.mat.txt,100,normal,0.0,3,423424,424448,test
6510,100.mat.txt,100,normal,0.0,3,423936,424960,test
6511,100.mat.txt,100,normal,0.0,3,424448,425472,test
6512,100.mat.txt,100,normal,0.0,3,424960,425984,test
6513,100.mat.txt,100,normal,0.0,3,425472,426496,test
6514,100.mat.txt,100,normal,0.0,3,425984,427008,test
6515,100.mat.txt,100,normal,0.0,3,426496,427520,test
6516,100.mat.txt,100,normal,0.0,3,427008,428032,test
6517,100.mat.txt,100,normal,0.0,3,427520,428544,test
6518,100.mat.txt,100,normal,0.0,3,428032,429056,test
6519,100.mat.txt,100,normal,0.0,3,428544,429568,test
6520,100.mat.txt,100,normal,0.0,3,429056,430080,test
6521,100.mat.txt,100,normal,0.0,3,429568,430592,test
6522,100.mat.txt,100,normal,0.0,3,430080,431104,test
6523,100.mat.txt,100,normal,0.0,3,430592,431616,test
6524,100.mat.txt,100,normal,0.0,3,431104,432128,test
6525,100.mat.txt,100,normal,0.0,3,431616,432640,test
6526,100.mat.txt,100,normal,0.0,3,432128,433152,test
6527,100.mat.txt,100,normal,0.0,3,432640,433664,test
6528,100.mat.txt,100,normal,0.0,3,433152,434176,test
6529,100.mat.txt,100,normal,0.0,3,433664,434688,test
6530,100.mat.txt,100,normal,0.0,3,434176,435200,test
6531,100.mat.txt,100,normal,0.0,3,434688,435712,test
6532,100.mat.txt,100,normal,0.0,3,435200,436224,test
6533,100.mat.txt,100,normal,0.0,3,435712,436736,test
6534,100.mat.txt,100,normal,0.0,3,436224,437248,test
6535,100.mat.txt,100,normal,0.0,3,436736,437760,test
6536,100.mat.txt,100,normal,0.0,3,437248,438272,test
6537,100.mat.txt,100,normal,0.0,3,437760,438784,test
6538,100.mat.txt,100,normal,0.0,3,438272,439296,test
6539,100.mat.txt,100,normal,0.0,3,438784,439808,test
6540,100.mat.txt,100,normal,0.0,3,439296,440320,test
6541,100.mat.txt,100,normal,0.0,3,439808,440832,test
6542,100.mat.txt,100,normal,0.0,3,440320,441344,test
6543,100.mat.txt,100,normal,0.0,3,440832,441856,test
6544,100.mat.txt,100,normal,0.0,3,441344,442368,test
6545,100.mat.txt,100,normal,0.0,3,441856,442880,test
6546,100.mat.txt,100,normal,0.0,3,442368,443392,test
6547,100.mat.txt,100,normal,0.0,3,442880,443904,test
6548,100.mat.txt,100,normal,0.0,3,443392,444416,test
6549,100.mat.txt,100,normal,0.0,3,443904,444928,test
6550,100.mat.txt,100,normal,0.0,3,444416,445440,test
6551,100.mat.txt,100,normal,0.0,3,444928,445952,test
6552,100.mat.txt,100,normal,0.0,3,445440,446464,test
6553,100.mat.txt,100,normal,0.0,3,445952,446976,test
6554,100.mat.txt,100,normal,0.0,3,446464,447488,test
6555,100.mat.txt,100,normal,0.0,3,446976,448000,test
6556,100.mat.txt,100,normal,0.0,3,447488,448512,test
6557,100.mat.txt,100,normal,0.0,3,448000,449024,test
6558,100.mat.txt,100,normal,0.0,3,448512,449536,test
6559,100.mat.txt,100,normal,0.0,3,449024,450048,test
6560,100.mat.txt,100,normal,0.0,3,449536,450560,test
6561,100.mat.txt,100,normal,0.0,3,450048,451072,test
6562,100.mat.txt,100,normal,0.0,3,450560,451584,test
6563,100.mat.txt,100,normal,0.0,3,451072,452096,test
6564,100.mat.txt,100,normal,0.0,3,451584,452608,test
6565,100.mat.txt,100,normal,0.0,3,452096,453120,test
6566,100.mat.txt,100,normal,0.0,3,452608,453632,test
6567,100.mat.txt,100,normal,0.0,3,453120,454144,test
6568,100.mat.txt,100,normal,0.0,3,453632,454656,test
6569,100.mat.txt,100,normal,0.0,3,454144,455168,test
6570,100.mat.txt,100,normal,0.0,3,454656,455680,test
6571,100.mat.txt,100,normal,0.0,3,455168,456192,test
6572,100.mat.txt,100,normal,0.0,3,455680,456704,test
6573,100.mat.txt,100,normal,0.0,3,456192,457216,test
6574,100.mat.txt,100,normal,0.0,3,456704,457728,test
6575,100.mat.txt,100,normal,0.0,3,457216,458240,test
6576,100.mat.txt,100,normal,0.0,3,457728,458752,test
6577,100.mat.txt,100,normal,0.0,3,458240,459264,test
6578,100.mat.txt,100,normal,0.0,3,458752,459776,test
6579,100.mat.txt,100,normal,0.0,3,459264,460288,test
6580,100.mat.txt,100,normal,0.0,3,459776,460800,test
6581,100.mat.txt,100,normal,0.0,3,460288,461312,test
6582,100.mat.txt,100,normal,0.0,3,460800,461824,test
6583,100.mat.txt,100,normal,0.0,3,461312,462336,test
6584,100.mat.txt,100,normal,0.0,3,461824,462848,test
6585,100.mat.txt,100,normal,0.0,3,462336,463360,test
6586,100.mat.txt,100,normal,0.0,3,462848,463872,test
6587,100.mat.txt,100,normal,0.0,3,463360,464384,test
6588,100.mat.txt,100,normal,0.0,3,463872,464896,test
6589,100.mat.txt,100,normal,0.0,3,464384,465408,test
6590,100.mat.txt,100,normal,0.0,3,464896,465920,test
6591,100.mat.txt,100,normal,0.0,3,465408,466432,test
6592,100.mat.txt,100,normal,0.0,3,465920,466944,test
6593,100.mat.txt,100,normal,0.0,3,466432,467456,test
6594,100.mat.txt,100,normal,0.0,3,466944,467968,test
6595,100.mat.txt,100,normal,0.0,3,467456,468480,test
6596,100.mat.txt,100,normal,0.0,3,467968,468992,test
6597,100.mat.txt,100,normal,0.0,3,468480,469504,test
6598,100.mat.txt,100,normal,0.0,3,468992,470016,test
6599,100.mat.txt,100,normal,0.0,3,469504,470528,test
6600,100.mat.txt,100,normal,0.0,3,470016,471040,test
6601,100.mat.txt,100,normal,0.0,3,470528,471552,test
6602,100.mat.txt,100,normal,0.0,3,471040,472064,test
6603,100.mat.txt,100,normal,0.0,3,471552,472576,test
6604,100.mat.txt,100,normal,0.0,3,472064,473088,test
6605,100.mat.txt,100,normal,0.0,3,472576,473600,test
6606,100.mat.txt,100,normal,0.0,3,473088,474112,test
6607,100.mat.txt,100,normal,0.0,3,473600,474624,test
6608,100.mat.txt,100,normal,0.0,3,474112,475136,test
6609,100.mat.txt,100,normal,0.0,3,474624,475648,test
6610,100.mat.txt,100,normal,0.0,3,475136,476160,test
6611,100.mat.txt,100,normal,0.0,3,475648,476672,test
6612,100.mat.txt,100,normal,0.0,3,476160,477184,test
6613,100.mat.txt,100,normal,0.0,3,476672,477696,test
6614,100.mat.txt,100,normal,0.0,3,477184,478208,test
6615,100.mat.txt,100,normal,0.0,3,477696,478720,test
6616,100.mat.txt,100,normal,0.0,3,478208,479232,test
6617,100.mat.txt,100,normal,0.0,3,478720,479744,test
6618,100.mat.txt,100,normal,0.0,3,479232,480256,test
6619,100.mat.txt,100,normal,0.0,3,479744,480768,test
6620,100.mat.txt,100,normal,0.0,3,480256,481280,test
6621,100.mat.txt,100,normal,0.0,3,480768,481792,test
6622,100.mat.txt,100,normal,0.0,3,481280,482304,test
6623,100.mat.txt,100,normal,0.0,3,481792,482816,test
6624,100.mat.txt,100,normal,0.0,3,482304,483328,test
6625,100.mat.txt,100,normal,0.0,3,482816,483840,test
6626,100.mat.txt,100,normal,0.0,3,483328,484352,test
6627,100.mat.txt,100,normal,0.0,3,483840,484864,test
6628,100.mat.txt,100,normal,0.0,3,484352,485376,test
6629,97.mat.txt,97,normal,0.0,0,0,1024,train
6630,97.mat.txt,97,normal,0.0,0,512,1536,train
6631,97.mat.txt,97,normal,0.0,0,1024,2048,train
6632,97.mat.txt,97,normal,0.0,0,1536,2560,train
6633,97.mat.txt,97,normal,0.0,0,2048,3072,train
6634,97.mat.txt,97,normal,0.0,0,2560,3584,train
6635,97.mat.txt,97,normal,0.0,0,3072,4096,train
6636,97.mat.txt,97,normal,0.0,0,3584,4608,train
6637,97.mat.txt,97,normal,0.0,0,4096,5120,train
6638,97.mat.txt,97,normal,0.0,0,4608,5632,train
6639,97.mat.txt,97,normal,0.0,0,5120,6144,train
6640,97.mat.txt,97,normal,0.0,0,5632,6656,train
6641,97.mat.txt,97,normal,0.0,0,6144,7168,train
6642,97.mat.txt,97,normal,0.0,0,6656,7680,train
6643,97.mat.txt,97,normal,0.0,0,7168,8192,train
6644,97.mat.txt,97,normal,0.0,0,7680,8704,train
6645,97.mat.txt,97,normal,0.0,0,8192,9216,train
6646,97.mat.txt,97,normal,0.0,0,8704,9728,train
6647,97.mat.txt,97,normal,0.0,0,9216,10240,train
6648,97.mat.txt,97,normal,0.0,0,9728,10752,train
6649,97.mat.txt,97,normal,0.0,0,10240,11264,train
6650,97.mat.txt,97,normal,0.0,0,10752,11776,train
6651,97.mat.txt,97,normal,0.0,0,11264,12288,train
6652,97.mat.txt,97,normal,0.0,0,11776,12800,train
6653,97.mat.txt,97,normal,0.0,0,12288,13312,train
6654,97.mat.txt,97,normal,0.0,0,12800,13824,train
6655,97.mat.txt,97,normal,0.0,0,13312,14336,train
6656,97.mat.txt,97,normal,0.0,0,13824,14848,train
6657,97.mat.txt,97,normal,0.0,0,14336,15360,train
6658,97.mat.txt,97,normal,0.0,0,14848,15872,train
6659,97.mat.txt,97,normal,0.0,0,15360,16384,train
6660,97.mat.txt,97,normal,0.0,0,15872,16896,train
6661,97.mat.txt,97,normal,0.0,0,16384,17408,train
6662,97.mat.txt,97,normal,0.0,0,16896,17920,train
6663,97.mat.txt,97,normal,0.0,0,17408,18432,train
6664,97.mat.txt,97,normal,0.0,0,17920,18944,train
6665,97.mat.txt,97,normal,0.0,0,18432,19456,train
6666,97.mat.txt,97,normal,0.0,0,18944,19968,train
6667,97.mat.txt,97,normal,0.0,0,19456,20480,train
6668,97.mat.txt,97,normal,0.0,0,19968,20992,train
6669,97.mat.txt,97,normal,0.0,0,20480,21504,train
6670,97.mat.txt,97,normal,0.0,0,20992,22016,train
6671,97.mat.txt,97,normal,0.0,0,21504,22528,train
6672,97.mat.txt,97,normal,0.0,0,22016,23040,train
6673,97.mat.txt,97,normal,0.0,0,22528,23552,train
6674,97.mat.txt,97,normal,0.0,0,23040,24064,train
6675,97.mat.txt,97,normal,0.0,0,23552,24576,train
6676,97.mat.txt,97,normal,0.0,0,24064,25088,train
6677,97.mat.txt,97,normal,0.0,0,24576,25600,train
6678,97.mat.txt,97,normal,0.0,0,25088,26112,train
6679,97.mat.txt,97,normal,0.0,0,25600,26624,train
6680,97.mat.txt,97,normal,0.0,0,26112,27136,train
6681,97.mat.txt,97,normal,0.0,0,26624,27648,train
6682,97.mat.txt,97,normal,0.0,0,27136,28160,train
6683,97.mat.txt,97,normal,0.0,0,27648,28672,train
6684,97.mat.txt,97,normal,0.0,0,28160,29184,train
6685,97.mat.txt,97,normal,0.0,0,28672,29696,train
6686,97.mat.txt,97,normal,0.0,0,29184,30208,train
6687,97.mat.txt,97,normal,0.0,0,29696,30720,train
6688,97.mat.txt,97,normal,0.0,0,30208,31232,train
6689,97.mat.txt,97,normal,0.0,0,30720,31744,train
6690,97.mat.txt,97,normal,0.0,0,31232,32256,train
6691,97.mat.txt,97,normal,0.0,0,31744,32768,train
6692,97.mat.txt,97,normal,0.0,0,32256,33280,train
6693,97.mat.txt,97,normal,0.0,0,32768,33792,train
6694,97.mat.txt,97,normal,0.0,0,33280,34304,train
6695,97.mat.txt,97,normal,0.0,0,33792,34816,train
6696,97.mat.txt,97,normal,0.0,0,34304,35328,train
6697,97.mat.txt,97,normal,0.0,0,34816,35840,train
6698,97.mat.txt,97,normal,0.0,0,35328,36352,train
6699,97.mat.txt,97,normal,0.0,0,35840,36864,train
6700,97.mat.txt,97,normal,0.0,0,36352,37376,train
6701,97.mat.txt,97,normal,0.0,0,36864,37888,train
6702,97.mat.txt,97,normal,0.0,0,37376,38400,train
6703,97.mat.txt,97,normal,0.0,0,37888,38912,train
6704,97.mat.txt,97,normal,0.0,0,38400,39424,train
6705,97.mat.txt,97,normal,0.0,0,38912,39936,train
6706,97.mat.txt,97,normal,0.0,0,39424,40448,train
6707,97.mat.txt,97,normal,0.0,0,39936,40960,train
6708,97.mat.txt,97,normal,0.0,0,40448,41472,train
6709,97.mat.txt,97,normal,0.0,0,40960,41984,train
6710,97.mat.txt,97,normal,0.0,0,41472,42496,train
6711,97.mat.txt,97,normal,0.0,0,41984,43008,train
6712,97.mat.txt,97,normal,0.0,0,42496,43520,train
6713,97.mat.txt,97,normal,0.0,0,43008,44032,train
6714,97.mat.txt,97,normal,0.0,0,43520,44544,train
6715,97.mat.txt,97,normal,0.0,0,44032,45056,train
6716,97.mat.txt,97,normal,0.0,0,44544,45568,train
6717,97.mat.txt,97,normal,0.0,0,45056,46080,train
6718,97.mat.txt,97,normal,0.0,0,45568,46592,train
6719,97.mat.txt,97,normal,0.0,0,46080,47104,train
6720,97.mat.txt,97,normal,0.0,0,46592,47616,train
6721,97.mat.txt,97,normal,0.0,0,47104,48128,train
6722,97.mat.txt,97,normal,0.0,0,47616,48640,train
6723,97.mat.txt,97,normal,0.0,0,48128,49152,train
6724,97.mat.txt,97,normal,0.0,0,48640,49664,train
6725,97.mat.txt,97,normal,0.0,0,49152,50176,train
6726,97.mat.txt,97,normal,0.0,0,49664,50688,train
6727,97.mat.txt,97,normal,0.0,0,50176,51200,train
6728,97.mat.txt,97,normal,0.0,0,50688,51712,train
6729,97.mat.txt,97,normal,0.0,0,51200,52224,train
6730,97.mat.txt,97,normal,0.0,0,51712,52736,train
6731,97.mat.txt,97,normal,0.0,0,52224,53248,train
6732,97.mat.txt,97,normal,0.0,0,52736,53760,train
6733,97.mat.txt,97,normal,0.0,0,53248,54272,train
6734,97.mat.txt,97,normal,0.0,0,53760,54784,train
6735,97.mat.txt,97,normal,0.0,0,54272,55296,train
6736,97.mat.txt,97,normal,0.0,0,54784,55808,train
6737,97.mat.txt,97,normal,0.0,0,55296,56320,train
6738,97.mat.txt,97,normal,0.0,0,55808,56832,train
6739,97.mat.txt,97,normal,0.0,0,56320,57344,train
6740,97.mat.txt,97,normal,0.0,0,56832,57856,train
6741,97.mat.txt,97,normal,0.0,0,57344,58368,train
6742,97.mat.txt,97,normal,0.0,0,57856,58880,train
6743,97.mat.txt,97,normal,0.0,0,58368,59392,train
6744,97.mat.txt,97,normal,0.0,0,58880,59904,train
6745,97.mat.txt,97,normal,0.0,0,59392,60416,train
6746,97.mat.txt,97,normal,0.0,0,59904,60928,train
6747,97.mat.txt,97,normal,0.0,0,60416,61440,train
6748,97.mat.txt,97,normal,0.0,0,60928,61952,train
6749,97.mat.txt,97,normal,0.0,0,61440,62464,train
6750,97.mat.txt,97,normal,0.0,0,61952,62976,train
6751,97.mat.txt,97,normal,0.0,0,62464,63488,train
6752,97.mat.txt,97,normal,0.0,0,62976,64000,train
6753,97.mat.txt,97,normal,0.0,0,63488,64512,train
6754,97.mat.txt,97,normal,0.0,0,64000,65024,train
6755,97.mat.txt,97,normal,0.0,0,64512,65536,train
6756,97.mat.txt,97,normal,0.0,0,65024,66048,train
6757,97.mat.txt,97,normal,0.0,0,65536,66560,train
6758,97.mat.txt,97,normal,0.0,0,66048,67072,train
6759,97.mat.txt,97,normal,0.0,0,66560,67584,train
6760,97.mat.txt,97,normal,0.0,0,67072,68096,train
6761,97.mat.txt,97,normal,0.0,0,67584,68608,train
6762,97.mat.txt,97,normal,0.0,0,68096,69120,train
6763,97.mat.txt,97,normal,0.0,0,68608,69632,train
6764,97.mat.txt,97,normal,0.0,0,69120,70144,train
6765,97.mat.txt,97,normal,0.0,0,69632,70656,train
6766,97.mat.txt,97,normal,0.0,0,70144,71168,train
6767,97.mat.txt,97,normal,0.0,0,70656,71680,train
6768,97.mat.txt,97,normal,0.0,0,71168,72192,train
6769,97.mat.txt,97,normal,0.0,0,71680,72704,train
6770,97.mat.txt,97,normal,0.0,0,72192,73216,train
6771,97.mat.txt,97,normal,0.0,0,72704,73728,train
6772,97.mat.txt,97,normal,0.0,0,73216,74240,train
6773,97.mat.txt,97,normal,0.0,0,73728,74752,train
6774,97.mat.txt,97,normal,0.0,0,74240,75264,train
6775,97.mat.txt,97,normal,0.0,0,74752,75776,train
6776,97.mat.txt,97,normal,0.0,0,75264,76288,train
6777,97.mat.txt,97,normal,0.0,0,75776,76800,train
6778,97.mat.txt,97,normal,0.0,0,76288,77312,train
6779,97.mat.txt,97,normal,0.0,0,76800,77824,train
6780,97.mat.txt,97,normal,0.0,0,77312,78336,train
6781,97.mat.txt,97,normal,0.0,0,77824,78848,train
6782,97.mat.txt,97,normal,0.0,0,78336,79360,train
6783,97.mat.txt,97,normal,0.0,0,78848,79872,train
6784,97.mat.txt,97,normal,0.0,0,79360,80384,train
6785,97.mat.txt,97,normal,0.0,0,79872,80896,train
6786,97.mat.txt,97,normal,0.0,0,80384,81408,train
6787,97.mat.txt,97,normal,0.0,0,80896,81920,train
6788,97.mat.txt,97,normal,0.0,0,81408,82432,train
6789,97.mat.txt,97,normal,0.0,0,81920,82944,train
6790,97.mat.txt,97,normal,0.0,0,82432,83456,train
6791,97.mat.txt,97,normal,0.0,0,82944,83968,train
6792,97.mat.txt,97,normal,0.0,0,83456,84480,train
6793,97.mat.txt,97,normal,0.0,0,83968,84992,train
6794,97.mat.txt,97,normal,0.0,0,84480,85504,train
6795,97.mat.txt,97,normal,0.0,0,84992,86016,train
6796,97.mat.txt,97,normal,0.0,0,85504,86528,train
6797,97.mat.txt,97,normal,0.0,0,86016,87040,train
6798,97.mat.txt,97,normal,0.0,0,86528,87552,train
6799,97.mat.txt,97,normal,0.0,0,87040,88064,train
6800,97.mat.txt,97,normal,0.0,0,87552,88576,train
6801,97.mat.txt,97,normal,0.0,0,88064,89088,train
6802,97.mat.txt,97,normal,0.0,0,88576,89600,train
6803,97.mat.txt,97,normal,0.0,0,89088,90112,train
6804,97.mat.txt,97,normal,0.0,0,89600,90624,train
6805,97.mat.txt,97,normal,0.0,0,90112,91136,train
6806,97.mat.txt,97,normal,0.0,0,90624,91648,train
6807,97.mat.txt,97,normal,0.0,0,91136,92160,train
6808,97.mat.txt,97,normal,0.0,0,91648,92672,train
6809,97.mat.txt,97,normal,0.0,0,92160,93184,train
6810,97.mat.txt,97,normal,0.0,0,92672,93696,train
6811,97.mat.txt,97,normal,0.0,0,93184,94208,train
6812,97.mat.txt,97,normal,0.0,0,93696,94720,train
6813,97.mat.txt,97,normal,0.0,0,94208,95232,train
6814,97.mat.txt,97,normal,0.0,0,94720,95744,train
6815,97.mat.txt,97,normal,0.0,0,95232,96256,train
6816,97.mat.txt,97,normal,0.0,0,95744,96768,train
6817,97.mat.txt,97,normal,0.0,0,96256,97280,train
6818,97.mat.txt,97,normal,0.0,0,96768,97792,train
6819,97.mat.txt,97,normal,0.0,0,97280,98304,train
6820,97.mat.txt,97,normal,0.0,0,97792,98816,train
6821,97.mat.txt,97,normal,0.0,0,98304,99328,train
6822,97.mat.txt,97,normal,0.0,0,98816,99840,train
6823,97.mat.txt,97,normal,0.0,0,99328,100352,train
6824,97.mat.txt,97,normal,0.0,0,99840,100864,train
6825,97.mat.txt,97,normal,0.0,0,100352,101376,train
6826,97.mat.txt,97,normal,0.0,0,100864,101888,train
6827,97.mat.txt,97,normal,0.0,0,101376,102400,train
6828,97.mat.txt,97,normal,0.0,0,101888,102912,train
6829,97.mat.txt,97,normal,0.0,0,102400,103424,train
6830,97.mat.txt,97,normal,0.0,0,102912,103936,train
6831,97.mat.txt,97,normal,0.0,0,103424,104448,train
6832,97.mat.txt,97,normal,0.0,0,103936,104960,train
6833,97.mat.txt,97,normal,0.0,0,104448,105472,train
6834,97.mat.txt,97,normal,0.0,0,104960,105984,train
6835,97.mat.txt,97,normal,0.0,0,105472,106496,train
6836,97.mat.txt,97,normal,0.0,0,105984,107008,train
6837,97.mat.txt,97,normal,0.0,0,106496,107520,train
6838,97.mat.txt,97,normal,0.0,0,107008,108032,train
6839,97.mat.txt,97,normal,0.0,0,107520,108544,train
6840,97.mat.txt,97,normal,0.0,0,108032,109056,train
6841,97.mat.txt,97,normal,0.0,0,108544,109568,train
6842,97.mat.txt,97,normal,0.0,0,109056,110080,train
6843,97.mat.txt,97,normal,0.0,0,109568,110592,train
6844,97.mat.txt,97,normal,0.0,0,110080,111104,train
6845,97.mat.txt,97,normal,0.0,0,110592,111616,train
6846,97.mat.txt,97,normal,0.0,0,111104,112128,train
6847,97.mat.txt,97,normal,0.0,0,111616,112640,train
6848,97.mat.txt,97,normal,0.0,0,112128,113152,train
6849,97.mat.txt,97,normal,0.0,0,112640,113664,train
6850,97.mat.txt,97,normal,0.0,0,113152,114176,train
6851,97.mat.txt,97,normal,0.0,0,113664,114688,train
6852,97.mat.txt,97,normal,0.0,0,114176,115200,train
6853,97.mat.txt,97,normal,0.0,0,114688,115712,train
6854,97.mat.txt,97,normal,0.0,0,115200,116224,train
6855,97.mat.txt,97,normal,0.0,0,115712,116736,train
6856,97.mat.txt,97,normal,0.0,0,116224,117248,train
6857,97.mat.txt,97,normal,0.0,0,116736,117760,train
6858,97.mat.txt,97,normal,0.0,0,117248,118272,train
6859,97.mat.txt,97,normal,0.0,0,117760,118784,train
6860,97.mat.txt,97,normal,0.0,0,118272,119296,train
6861,97.mat.txt,97,normal,0.0,0,118784,119808,train
6862,97.mat.txt,97,normal,0.0,0,119296,120320,train
6863,97.mat.txt,97,normal,0.0,0,119808,120832,train
6864,97.mat.txt,97,normal,0.0,0,120320,121344,train
6865,97.mat.txt,97,normal,0.0,0,120832,121856,train
6866,97.mat.txt,97,normal,0.0,0,121344,122368,train
6867,97.mat.txt,97,normal,0.0,0,121856,122880,train
6868,97.mat.txt,97,normal,0.0,0,122368,123392,train
6869,97.mat.txt,97,normal,0.0,0,122880,123904,train
6870,97.mat.txt,97,normal,0.0,0,123392,124416,train
6871,97.mat.txt,97,normal,0.0,0,123904,124928,train
6872,97.mat.txt,97,normal,0.0,0,124416,125440,train
6873,97.mat.txt,97,normal,0.0,0,124928,125952,train
6874,97.mat.txt,97,normal,0.0,0,125440,126464,train
6875,97.mat.txt,97,normal,0.0,0,125952,126976,train
6876,97.mat.txt,97,normal,0.0,0,126464,127488,train
6877,97.mat.txt,97,normal,0.0,0,126976,128000,train
6878,97.mat.txt,97,normal,0.0,0,127488,128512,train
6879,97.mat.txt,97,normal,0.0,0,128000,129024,train
6880,97.mat.txt,97,normal,0.0,0,128512,129536,train
6881,97.mat.txt,97,normal,0.0,0,129024,130048,train
6882,97.mat.txt,97,normal,0.0,0,129536,130560,train
6883,97.mat.txt,97,normal,0.0,0,130048,131072,train
6884,97.mat.txt,97,normal,0.0,0,130560,131584,train
6885,97.mat.txt,97,normal,0.0,0,131072,132096,train
6886,97.mat.txt,97,normal,0.0,0,131584,132608,train
6887,97.mat.txt,97,normal,0.0,0,132096,133120,train
6888,97.mat.txt,97,normal,0.0,0,132608,133632,train
6889,97.mat.txt,97,normal,0.0,0,133120,134144,train
6890,97.mat.txt,97,normal,0.0,0,133632,134656,train
6891,97.mat.txt,97,normal,0.0,0,134144,135168,train
6892,97.mat.txt,97,normal,0.0,0,134656,135680,train
6893,97.mat.txt,97,normal,0.0,0,135168,136192,train
6894,97.mat.txt,97,normal,0.0,0,135680,136704,train
6895,97.mat.txt,97,normal,0.0,0,136192,137216,train
6896,97.mat.txt,97,normal,0.0,0,136704,137728,train
6897,97.mat.txt,97,normal,0.0,0,137216,138240,train
6898,97.mat.txt,97,normal,0.0,0,137728,138752,train
6899,97.mat.txt,97,normal,0.0,0,138240,139264,train
6900,97.mat.txt,97,normal,0.0,0,138752,139776,train
6901,97.mat.txt,97,normal,0.0,0,139264,140288,train
6902,97.mat.txt,97,normal,0.0,0,139776,140800,train
6903,97.mat.txt,97,normal,0.0,0,140288,141312,train
6904,97.mat.txt,97,normal,0.0,0,140800,141824,train
6905,97.mat.txt,97,normal,0.0,0,141312,142336,train
6906,97.mat.txt,97,normal,0.0,0,141824,142848,train
6907,97.mat.txt,97,normal,0.0,0,142336,143360,train
6908,97.mat.txt,97,normal,0.0,0,142848,143872,train
6909,97.mat.txt,97,normal,0.0,0,143360,144384,train
6910,97.mat.txt,97,normal,0.0,0,143872,144896,train
6911,97.mat.txt,97,normal,0.0,0,144384,145408,train
6912,97.mat.txt,97,normal,0.0,0,144896,145920,train
6913,97.mat.txt,97,normal,0.0,0,145408,146432,train
6914,97.mat.txt,97,normal,0.0,0,145920,146944,train
6915,97.mat.txt,97,normal,0.0,0,146432,147456,train
6916,97.mat.txt,97,normal,0.0,0,146944,147968,train
6917,97.mat.txt,97,normal,0.0,0,147456,148480,train
6918,97.mat.txt,97,normal,0.0,0,147968,148992,train
6919,97.mat.txt,97,normal,0.0,0,148480,149504,train
6920,97.mat.txt,97,normal,0.0,0,148992,150016,train
6921,97.mat.txt,97,normal,0.0,0,149504,150528,train
6922,97.mat.txt,97,normal,0.0,0,150016,151040,train
6923,97.mat.txt,97,normal,0.0,0,150528,151552,train
6924,97.mat.txt,97,normal,0.0,0,151040,152064,train
6925,97.mat.txt,97,normal,0.0,0,151552,152576,train
6926,97.mat.txt,97,normal,0.0,0,152064,153088,train
6927,97.mat.txt,97,normal,0.0,0,152576,153600,train
6928,97.mat.txt,97,normal,0.0,0,153088,154112,train
6929,97.mat.txt,97,normal,0.0,0,153600,154624,train
6930,97.mat.txt,97,normal,0.0,0,154112,155136,train
6931,97.mat.txt,97,normal,0.0,0,154624,155648,train
6932,97.mat.txt,97,normal,0.0,0,155136,156160,train
6933,97.mat.txt,97,normal,0.0,0,155648,156672,train
6934,97.mat.txt,97,normal,0.0,0,156160,157184,train
6935,97.mat.txt,97,normal,0.0,0,156672,157696,train
6936,97.mat.txt,97,normal,0.0,0,157184,158208,train
6937,97.mat.txt,97,normal,0.0,0,157696,158720,train
6938,97.mat.txt,97,normal,0.0,0,158208,159232,train
6939,97.mat.txt,97,normal,0.0,0,158720,159744,train
6940,97.mat.txt,97,normal,0.0,0,159232,160256,train
6941,97.mat.txt,97,normal,0.0,0,159744,160768,train
6942,97.mat.txt,97,normal,0.0,0,160256,161280,train
6943,97.mat.txt,97,normal,0.0,0,160768,161792,train
6944,97.mat.txt,97,normal,0.0,0,161280,162304,train
6945,97.mat.txt,97,normal,0.0,0,161792,162816,train
6946,97.mat.txt,97,normal,0.0,0,162304,163328,train
6947,97.mat.txt,97,normal,0.0,0,162816,163840,train
6948,97.mat.txt,97,normal,0.0,0,163328,164352,train
6949,97.mat.txt,97,normal,0.0,0,163840,164864,train
6950,97.mat.txt,97,normal,0.0,0,164352,165376,train
6951,97.mat.txt,97,normal,0.0,0,164864,165888,train
6952,97.mat.txt,97,normal,0.0,0,165376,166400,train
6953,97.mat.txt,97,normal,0.0,0,165888,166912,train
6954,97.mat.txt,97,normal,0.0,0,166400,167424,train
6955,97.mat.txt,97,normal,0.0,0,166912,167936,train
6956,97.mat.txt,97,normal,0.0,0,167424,168448,train
6957,97.mat.txt,97,normal,0.0,0,167936,168960,train
6958,97.mat.txt,97,normal,0.0,0,168448,169472,train
6959,97.mat.txt,97,normal,0.0,0,168960,169984,train
6960,97.mat.txt,97,normal,0.0,0,169472,170496,train
6961,97.mat.txt,97,normal,0.0,0,169984,171008,train
6962,97.mat.txt,97,normal,0.0,0,170496,171520,train
6963,97.mat.txt,97,normal,0.0,0,171008,172032,train
6964,97.mat.txt,97,normal,0.0,0,171520,172544,train
6965,97.mat.txt,97,normal,0.0,0,172032,173056,train
6966,97.mat.txt,97,normal,0.0,0,172544,173568,train
6967,97.mat.txt,97,normal,0.0,0,173056,174080,train
6968,97.mat.txt,97,normal,0.0,0,173568,174592,train
6969,97.mat.txt,97,normal,0.0,0,174080,175104,train
6970,97.mat.txt,97,normal,0.0,0,174592,175616,train
6971,97.mat.txt,97,normal,0.0,0,175104,176128,train
6972,97.mat.txt,97,normal,0.0,0,175616,176640,train
6973,97.mat.txt,97,normal,0.0,0,176128,177152,train
6974,97.mat.txt,97,normal,0.0,0,176640,177664,train
6975,97.mat.txt,97,normal,0.0,0,177152,178176,train
6976,97.mat.txt,97,normal,0.0,0,177664,178688,train
6977,97.mat.txt,97,normal,0.0,0,178176,179200,train
6978,97.mat.txt,97,normal,0.0,0,178688,179712,train
6979,97.mat.txt,97,normal,0.0,0,179200,180224,train
6980,97.mat.txt,97,normal,0.0,0,179712,180736,train
6981,97.mat.txt,97,normal,0.0,0,180224,181248,train
6982,97.mat.txt,97,normal,0.0,0,180736,181760,train
6983,97.mat.txt,97,normal,0.0,0,181248,182272,train
6984,97.mat.txt,97,normal,0.0,0,181760,182784,train
6985,97.mat.txt,97,normal,0.0,0,182272,183296,train
6986,97.mat.txt,97,normal,0.0,0,182784,183808,train
6987,97.mat.txt,97,normal,0.0,0,183296,184320,train
6988,97.mat.txt,97,normal,0.0,0,183808,184832,train
6989,97.mat.txt,97,normal,0.0,0,184320,185344,train
6990,97.mat.txt,97,normal,0.0,0,184832,185856,train
6991,97.mat.txt,97,normal,0.0,0,185344,186368,train
6992,97.mat.txt,97,normal,0.0,0,185856,186880,train
6993,97.mat.txt,97,normal,0.0,0,186368,187392,train
6994,97.mat.txt,97,normal,0.0,0,186880,187904,train
6995,97.mat.txt,97,normal,0.0,0,187392,188416,train
6996,97.mat.txt,97,normal,0.0,0,187904,188928,train
6997,97.mat.txt,97,normal,0.0,0,188416,189440,train
6998,97.mat.txt,97,normal,0.0,0,188928,189952,train
6999,97.mat.txt,97,normal,0.0,0,189440,190464,train
7000,97.mat.txt,97,normal,0.0,0,189952,190976,train
7001,97.mat.txt,97,normal,0.0,0,190464,191488,train
7002,97.mat.txt,97,normal,0.0,0,190976,192000,train
7003,97.mat.txt,97,normal,0.0,0,191488,192512,train
7004,97.mat.txt,97,normal,0.0,0,192000,193024,train
7005,97.mat.txt,97,normal,0.0,0,192512,193536,train
7006,97.mat.txt,97,normal,0.0,0,193024,194048,train
7007,97.mat.txt,97,normal,0.0,0,193536,194560,train
7008,97.mat.txt,97,normal,0.0,0,194048,195072,train
7009,97.mat.txt,97,normal,0.0,0,194560,195584,train
7010,97.mat.txt,97,normal,0.0,0,195072,196096,train
7011,97.mat.txt,97,normal,0.0,0,195584,196608,train
7012,97.mat.txt,97,normal,0.0,0,196096,197120,train
7013,97.mat.txt,97,normal,0.0,0,196608,197632,train
7014,97.mat.txt,97,normal,0.0,0,197120,198144,train
7015,97.mat.txt,97,normal,0.0,0,197632,198656,train
7016,97.mat.txt,97,normal,0.0,0,198144,199168,train
7017,97.mat.txt,97,normal,0.0,0,198656,199680,train
7018,97.mat.txt,97,normal,0.0,0,199168,200192,train
7019,97.mat.txt,97,normal,0.0,0,199680,200704,train
7020,97.mat.txt,97,normal,0.0,0,200192,201216,train
7021,97.mat.txt,97,normal,0.0,0,200704,201728,train
7022,97.mat.txt,97,normal,0.0,0,201216,202240,train
7023,97.mat.txt,97,normal,0.0,0,201728,202752,train
7024,97.mat.txt,97,normal,0.0,0,202240,203264,train
7025,97.mat.txt,97,normal,0.0,0,202752,203776,train
7026,97.mat.txt,97,normal,0.0,0,203264,204288,train
7027,97.mat.txt,97,normal,0.0,0,203776,204800,train
7028,97.mat.txt,97,normal,0.0,0,204288,205312,train
7029,97.mat.txt,97,normal,0.0,0,204800,205824,train
7030,97.mat.txt,97,normal,0.0,0,205312,206336,train
7031,97.mat.txt,97,normal,0.0,0,205824,206848,train
7032,97.mat.txt,97,normal,0.0,0,206336,207360,train
7033,97.mat.txt,97,normal,0.0,0,206848,207872,train
7034,97.mat.txt,97,normal,0.0,0,207360,208384,train
7035,97.mat.txt,97,normal,0.0,0,207872,208896,train
7036,97.mat.txt,97,normal,0.0,0,208384,209408,train
7037,97.mat.txt,97,normal,0.0,0,208896,209920,train
7038,97.mat.txt,97,normal,0.0,0,209408,210432,train
7039,97.mat.txt,97,normal,0.0,0,209920,210944,train
7040,97.mat.txt,97,normal,0.0,0,210432,211456,train
7041,97.mat.txt,97,normal,0.0,0,210944,211968,train
7042,97.mat.txt,97,normal,0.0,0,211456,212480,train
7043,97.mat.txt,97,normal,0.0,0,211968,212992,train
7044,97.mat.txt,97,normal,0.0,0,212480,213504,train
7045,97.mat.txt,97,normal,0.0,0,212992,214016,train
7046,97.mat.txt,97,normal,0.0,0,213504,214528,train
7047,97.mat.txt,97,normal,0.0,0,214016,215040,train
7048,97.mat.txt,97,normal,0.0,0,214528,215552,train
7049,97.mat.txt,97,normal,0.0,0,215040,216064,train
7050,97.mat.txt,97,normal,0.0,0,215552,216576,train
7051,97.mat.txt,97,normal,0.0,0,216064,217088,train
7052,97.mat.txt,97,normal,0.0,0,216576,217600,train
7053,97.mat.txt,97,normal,0.0,0,217088,218112,train
7054,97.mat.txt,97,normal,0.0,0,217600,218624,train
7055,97.mat.txt,97,normal,0.0,0,218112,219136,train
7056,97.mat.txt,97,normal,0.0,0,218624,219648,train
7057,97.mat.txt,97,normal,0.0,0,219136,220160,train
7058,97.mat.txt,97,normal,0.0,0,219648,220672,train
7059,97.mat.txt,97,normal,0.0,0,220160,221184,train
7060,97.mat.txt,97,normal,0.0,0,220672,221696,train
7061,97.mat.txt,97,normal,0.0,0,221184,222208,train
7062,97.mat.txt,97,normal,0.0,0,221696,222720,train
7063,97.mat.txt,97,normal,0.0,0,222208,223232,train
7064,97.mat.txt,97,normal,0.0,0,222720,223744,train
7065,97.mat.txt,97,normal,0.0,0,223232,224256,train
7066,97.mat.txt,97,normal,0.0,0,223744,224768,train
7067,97.mat.txt,97,normal,0.0,0,224256,225280,train
7068,97.mat.txt,97,normal,0.0,0,224768,225792,train
7069,97.mat.txt,97,normal,0.0,0,225280,226304,train
7070,97.mat.txt,97,normal,0.0,0,225792,226816,train
7071,97.mat.txt,97,normal,0.0,0,226304,227328,train
7072,97.mat.txt,97,normal,0.0,0,226816,227840,train
7073,97.mat.txt,97,normal,0.0,0,227328,228352,train
7074,97.mat.txt,97,normal,0.0,0,227840,228864,train
7075,97.mat.txt,97,normal,0.0,0,228352,229376,train
7076,97.mat.txt,97,normal,0.0,0,228864,229888,train
7077,97.mat.txt,97,normal,0.0,0,229376,230400,train
7078,97.mat.txt,97,normal,0.0,0,229888,230912,train
7079,97.mat.txt,97,normal,0.0,0,230400,231424,train
7080,97.mat.txt,97,normal,0.0,0,230912,231936,train
7081,97.mat.txt,97,normal,0.0,0,231424,232448,train
7082,97.mat.txt,97,normal,0.0,0,231936,232960,train
7083,97.mat.txt,97,normal,0.0,0,232448,233472,train
7084,97.mat.txt,97,normal,0.0,0,232960,233984,train
7085,97.mat.txt,97,normal,0.0,0,233472,234496,train
7086,97.mat.txt,97,normal,0.0,0,233984,235008,train
7087,97.mat.txt,97,normal,0.0,0,234496,235520,train
7088,97.mat.txt,97,normal,0.0,0,235008,236032,train
7089,97.mat.txt,97,normal,0.0,0,235520,236544,train
7090,97.mat.txt,97,normal,0.0,0,236032,237056,train
7091,97.mat.txt,97,normal,0.0,0,236544,237568,train
7092,97.mat.txt,97,normal,0.0,0,237056,238080,train
7093,97.mat.txt,97,normal,0.0,0,237568,238592,train
7094,97.mat.txt,97,normal,0.0,0,238080,239104,train
7095,97.mat.txt,97,normal,0.0,0,238592,239616,train
7096,97.mat.txt,97,normal,0.0,0,239104,240128,train
7097,97.mat.txt,97,normal,0.0,0,239616,240640,train
7098,97.mat.txt,97,normal,0.0,0,240128,241152,train
7099,97.mat.txt,97,normal,0.0,0,240640,241664,train
7100,97.mat.txt,97,normal,0.0,0,241152,242176,train
7101,97.mat.txt,97,normal,0.0,0,241664,242688,train
7102,97.mat.txt,97,normal,0.0,0,242176,243200,train
7103,97.mat.txt,97,normal,0.0,0,242688,243712,train
7104,98.mat.txt,98,normal,0.0,1,0,1024,train
7105,98.mat.txt,98,normal,0.0,1,512,1536,train
7106,98.mat.txt,98,normal,0.0,1,1024,2048,train
7107,98.mat.txt,98,normal,0.0,1,1536,2560,train
7108,98.mat.txt,98,normal,0.0,1,2048,3072,train
7109,98.mat.txt,98,normal,0.0,1,2560,3584,train
7110,98.mat.txt,98,normal,0.0,1,3072,4096,train
7111,98.mat.txt,98,normal,0.0,1,3584,4608,train
7112,98.mat.txt,98,normal,0.0,1,4096,5120,train
7113,98.mat.txt,98,normal,0.0,1,4608,5632,train
7114,98.mat.txt,98,normal,0.0,1,5120,6144,train
7115,98.mat.txt,98,normal,0.0,1,5632,6656,train
7116,98.mat.txt,98,normal,0.0,1,6144,7168,train
7117,98.mat.txt,98,normal,0.0,1,6656,7680,train
7118,98.mat.txt,98,normal,0.0,1,7168,8192,train
7119,98.mat.txt,98,normal,0.0,1,7680,8704,train
7120,98.mat.txt,98,normal,0.0,1,8192,9216,train
7121,98.mat.txt,98,normal,0.0,1,8704,9728,train
7122,98.mat.txt,98,normal,0.0,1,9216,10240,train
7123,98.mat.txt,98,normal,0.0,1,9728,10752,train
7124,98.mat.txt,98,normal,0.0,1,10240,11264,train
7125,98.mat.txt,98,normal,0.0,1,10752,11776,train
7126,98.mat.txt,98,normal,0.0,1,11264,12288,train
7127,98.mat.txt,98,normal,0.0,1,11776,12800,train
7128,98.mat.txt,98,normal,0.0,1,12288,13312,train
7129,98.mat.txt,98,normal,0.0,1,12800,13824,train
7130,98.mat.txt,98,normal,0.0,1,13312,14336,train
7131,98.mat.txt,98,normal,0.0,1,13824,14848,train
7132,98.mat.txt,98,normal,0.0,1,14336,15360,train
7133,98.mat.txt,98,normal,0.0,1,14848,15872,train
7134,98.mat.txt,98,normal,0.0,1,15360,16384,train
7135,98.mat.txt,98,normal,0.0,1,15872,16896,train
7136,98.mat.txt,98,normal,0.0,1,16384,17408,train
7137,98.mat.txt,98,normal,0.0,1,16896,17920,train
7138,98.mat.txt,98,normal,0.0,1,17408,18432,train
7139,98.mat.txt,98,normal,0.0,1,17920,18944,train
7140,98.mat.txt,98,normal,0.0,1,18432,19456,train
7141,98.mat.txt,98,normal,0.0,1,18944,19968,train
7142,98.mat.txt,98,normal,0.0,1,19456,20480,train
7143,98.mat.txt,98,normal,0.0,1,19968,20992,train
7144,98.mat.txt,98,normal,0.0,1,20480,21504,train
7145,98.mat.txt,98,normal,0.0,1,20992,22016,train
7146,98.mat.txt,98,normal,0.0,1,21504,22528,train
7147,98.mat.txt,98,normal,0.0,1,22016,23040,train
7148,98.mat.txt,98,normal,0.0,1,22528,23552,train
7149,98.mat.txt,98,normal,0.0,1,23040,24064,train
7150,98.mat.txt,98,normal,0.0,1,23552,24576,train
7151,98.mat.txt,98,normal,0.0,1,24064,25088,train
7152,98.mat.txt,98,normal,0.0,1,24576,25600,train
7153,98.mat.txt,98,normal,0.0,1,25088,26112,train
7154,98.mat.txt,98,normal,0.0,1,25600,26624,train
7155,98.mat.txt,98,normal,0.0,1,26112,27136,train
7156,98.mat.txt,98,normal,0.0,1,26624,27648,train
7157,98.mat.txt,98,normal,0.0,1,27136,28160,train
7158,98.mat.txt,98,normal,0.0,1,27648,28672,train
7159,98.mat.txt,98,normal,0.0,1,28160,29184,train
7160,98.mat.txt,98,normal,0.0,1,28672,29696,train
7161,98.mat.txt,98,normal,0.0,1,29184,30208,train
7162,98.mat.txt,98,normal,0.0,1,29696,30720,train
7163,98.mat.txt,98,normal,0.0,1,30208,31232,train
7164,98.mat.txt,98,normal,0.0,1,30720,31744,train
7165,98.mat.txt,98,normal,0.0,1,31232,32256,train
7166,98.mat.txt,98,normal,0.0,1,31744,32768,train
7167,98.mat.txt,98,normal,0.0,1,32256,33280,train
7168,98.mat.txt,98,normal,0.0,1,32768,33792,train
7169,98.mat.txt,98,normal,0.0,1,33280,34304,train
7170,98.mat.txt,98,normal,0.0,1,33792,34816,train
7171,98.mat.txt,98,normal,0.0,1,34304,35328,train
7172,98.mat.txt,98,normal,0.0,1,34816,35840,train
7173,98.mat.txt,98,normal,0.0,1,35328,36352,train
7174,98.mat.txt,98,normal,0.0,1,35840,36864,train
7175,98.mat.txt,98,normal,0.0,1,36352,37376,train
7176,98.mat.txt,98,normal,0.0,1,36864,37888,train
7177,98.mat.txt,98,normal,0.0,1,37376,38400,train
7178,98.mat.txt,98,normal,0.0,1,37888,38912,train
7179,98.mat.txt,98,normal,0.0,1,38400,39424,train
7180,98.mat.txt,98,normal,0.0,1,38912,39936,train
7181,98.mat.txt,98,normal,0.0,1,39424,40448,train
7182,98.mat.txt,98,normal,0.0,1,39936,40960,train
7183,98.mat.txt,98,normal,0.0,1,40448,41472,train
7184,98.mat.txt,98,normal,0.0,1,40960,41984,train
7185,98.mat.txt,98,normal,0.0,1,41472,42496,train
7186,98.mat.txt,98,normal,0.0,1,41984,43008,train
7187,98.mat.txt,98,normal,0.0,1,42496,43520,train
7188,98.mat.txt,98,normal,0.0,1,43008,44032,train
7189,98.mat.txt,98,normal,0.0,1,43520,44544,train
7190,98.mat.txt,98,normal,0.0,1,44032,45056,train
7191,98.mat.txt,98,normal,0.0,1,44544,45568,train
7192,98.mat.txt,98,normal,0.0,1,45056,46080,train
7193,98.mat.txt,98,normal,0.0,1,45568,46592,train
7194,98.mat.txt,98,normal,0.0,1,46080,47104,train
7195,98.mat.txt,98,normal,0.0,1,46592,47616,train
7196,98.mat.txt,98,normal,0.0,1,47104,48128,train
7197,98.mat.txt,98,normal,0.0,1,47616,48640,train
7198,98.mat.txt,98,normal,0.0,1,48128,49152,train
7199,98.mat.txt,98,normal,0.0,1,48640,49664,train
7200,98.mat.txt,98,normal,0.0,1,49152,50176,train
7201,98.mat.txt,98,normal,0.0,1,49664,50688,train
7202,98.mat.txt,98,normal,0.0,1,50176,51200,train
7203,98.mat.txt,98,normal,0.0,1,50688,51712,train
7204,98.mat.txt,98,normal,0.0,1,51200,52224,train
7205,98.mat.txt,98,normal,0.0,1,51712,52736,train
7206,98.mat.txt,98,normal,0.0,1,52224,53248,train
7207,98.mat.txt,98,normal,0.0,1,52736,53760,train
7208,98.mat.txt,98,normal,0.0,1,53248,54272,train
7209,98.mat.txt,98,normal,0.0,1,53760,54784,train
7210,98.mat.txt,98,normal,0.0,1,54272,55296,train
7211,98.mat.txt,98,normal,0.0,1,54784,55808,train
7212,98.mat.txt,98,normal,0.0,1,55296,56320,train
7213,98.mat.txt,98,normal,0.0,1,55808,56832,train
7214,98.mat.txt,98,normal,0.0,1,56320,57344,train
7215,98.mat.txt,98,normal,0.0,1,56832,57856,train
7216,98.mat.txt,98,normal,0.0,1,57344,58368,train
7217,98.mat.txt,98,normal,0.0,1,57856,58880,train
7218,98.mat.txt,98,normal,0.0,1,58368,59392,train
7219,98.mat.txt,98,normal,0.0,1,58880,59904,train
7220,98.mat.txt,98,normal,0.0,1,59392,60416,train
7221,98.mat.txt,98,normal,0.0,1,59904,60928,train
7222,98.mat.txt,98,normal,0.0,1,60416,61440,train
7223,98.mat.txt,98,normal,0.0,1,60928,61952,train
7224,98.mat.txt,98,normal,0.0,1,61440,62464,train
7225,98.mat.txt,98,normal,0.0,1,61952,62976,train
7226,98.mat.txt,98,normal,0.0,1,62464,63488,train
7227,98.mat.txt,98,normal,0.0,1,62976,64000,train
7228,98.mat.txt,98,normal,0.0,1,63488,64512,train
7229,98.mat.txt,98,normal,0.0,1,64000,65024,train
7230,98.mat.txt,98,normal,0.0,1,64512,65536,train
7231,98.mat.txt,98,normal,0.0,1,65024,66048,train
7232,98.mat.txt,98,normal,0.0,1,65536,66560,train
7233,98.mat.txt,98,normal,0.0,1,66048,67072,train
7234,98.mat.txt,98,normal,0.0,1,66560,67584,train
7235,98.mat.txt,98,normal,0.0,1,67072,68096,train
7236,98.mat.txt,98,normal,0.0,1,67584,68608,train
7237,98.mat.txt,98,normal,0.0,1,68096,69120,train
7238,98.mat.txt,98,normal,0.0,1,68608,69632,train
7239,98.mat.txt,98,normal,0.0,1,69120,70144,train
7240,98.mat.txt,98,normal,0.0,1,69632,70656,train
7241,98.mat.txt,98,normal,0.0,1,70144,71168,train
7242,98.mat.txt,98,normal,0.0,1,70656,71680,train
7243,98.mat.txt,98,normal,0.0,1,71168,72192,train
7244,98.mat.txt,98,normal,0.0,1,71680,72704,train
7245,98.mat.txt,98,normal,0.0,1,72192,73216,train
7246,98.mat.txt,98,normal,0.0,1,72704,73728,train
7247,98.mat.txt,98,normal,0.0,1,73216,74240,train
7248,98.mat.txt,98,normal,0.0,1,73728,74752,train
7249,98.mat.txt,98,normal,0.0,1,74240,75264,train
7250,98.mat.txt,98,normal,0.0,1,74752,75776,train
7251,98.mat.txt,98,normal,0.0,1,75264,76288,train
7252,98.mat.txt,98,normal,0.0,1,75776,76800,train
7253,98.mat.txt,98,normal,0.0,1,76288,77312,train
7254,98.mat.txt,98,normal,0.0,1,76800,77824,train
7255,98.mat.txt,98,normal,0.0,1,77312,78336,train
7256,98.mat.txt,98,normal,0.0,1,77824,78848,train
7257,98.mat.txt,98,normal,0.0,1,78336,79360,train
7258,98.mat.txt,98,normal,0.0,1,78848,79872,train
7259,98.mat.txt,98,normal,0.0,1,79360,80384,train
7260,98.mat.txt,98,normal,0.0,1,79872,80896,train
7261,98.mat.txt,98,normal,0.0,1,80384,81408,train
7262,98.mat.txt,98,normal,0.0,1,80896,81920,train
7263,98.mat.txt,98,normal,0.0,1,81408,82432,train
7264,98.mat.txt,98,normal,0.0,1,81920,82944,train
7265,98.mat.txt,98,normal,0.0,1,82432,83456,train
7266,98.mat.txt,98,normal,0.0,1,82944,83968,train
7267,98.mat.txt,98,normal,0.0,1,83456,84480,train
7268,98.mat.txt,98,normal,0.0,1,83968,84992,train
7269,98.mat.txt,98,normal,0.0,1,84480,85504,train
7270,98.mat.txt,98,normal,0.0,1,84992,86016,train
7271,98.mat.txt,98,normal,0.0,1,85504,86528,train
7272,98.mat.txt,98,normal,0.0,1,86016,87040,train
7273,98.mat.txt,98,normal,0.0,1,86528,87552,train
7274,98.mat.txt,98,normal,0.0,1,87040,88064,train
7275,98.mat.txt,98,normal,0.0,1,87552,88576,train
7276,98.mat.txt,98,normal,0.0,1,88064,89088,train
7277,98.mat.txt,98,normal,0.0,1,88576,89600,train
7278,98.mat.txt,98,normal,0.0,1,89088,90112,train
7279,98.mat.txt,98,normal,0.0,1,89600,90624,train
7280,98.mat.txt,98,normal,0.0,1,90112,91136,train
7281,98.mat.txt,98,normal,0.0,1,90624,91648,train
7282,98.mat.txt,98,normal,0.0,1,91136,92160,train
7283,98.mat.txt,98,normal,0.0,1,91648,92672,train
7284,98.mat.txt,98,normal,0.0,1,92160,93184,train
7285,98.mat.txt,98,normal,0.0,1,92672,93696,train
7286,98.mat.txt,98,normal,0.0,1,93184,94208,train
7287,98.mat.txt,98,normal,0.0,1,93696,94720,train
7288,98.mat.txt,98,normal,0.0,1,94208,95232,train
7289,98.mat.txt,98,normal,0.0,1,94720,95744,train
7290,98.mat.txt,98,normal,0.0,1,95232,96256,train
7291,98.mat.txt,98,normal,0.0,1,95744,96768,train
7292,98.mat.txt,98,normal,0.0,1,96256,97280,train
7293,98.mat.txt,98,normal,0.0,1,96768,97792,train
7294,98.mat.txt,98,normal,0.0,1,97280,98304,train
7295,98.mat.txt,98,normal,0.0,1,97792,98816,train
7296,98.mat.txt,98,normal,0.0,1,98304,99328,train
7297,98.mat.txt,98,normal,0.0,1,98816,99840,train
7298,98.mat.txt,98,normal,0.0,1,99328,100352,train
7299,98.mat.txt,98,normal,0.0,1,99840,100864,train
7300,98.mat.txt,98,normal,0.0,1,100352,101376,train
7301,98.mat.txt,98,normal,0.0,1,100864,101888,train
7302,98.mat.txt,98,normal,0.0,1,101376,102400,train
7303,98.mat.txt,98,normal,0.0,1,101888,102912,train
7304,98.mat.txt,98,normal,0.0,1,102400,103424,train
7305,98.mat.txt,98,normal,0.0,1,102912,103936,train
7306,98.mat.txt,98,normal,0.0,1,103424,104448,train
7307,98.mat.txt,98,normal,0.0,1,103936,104960,train
7308,98.mat.txt,98,normal,0.0,1,104448,105472,train
7309,98.mat.txt,98,normal,0.0,1,104960,105984,train
7310,98.mat.txt,98,normal,0.0,1,105472,106496,train
7311,98.mat.txt,98,normal,0.0,1,105984,107008,train
7312,98.mat.txt,98,normal,0.0,1,106496,107520,train
7313,98.mat.txt,98,normal,0.0,1,107008,108032,train
7314,98.mat.txt,98,normal,0.0,1,107520,108544,train
7315,98.mat.txt,98,normal,0.0,1,108032,109056,train
7316,98.mat.txt,98,normal,0.0,1,108544,109568,train
7317,98.mat.txt,98,normal,0.0,1,109056,110080,train
7318,98.mat.txt,98,normal,0.0,1,109568,110592,train
7319,98.mat.txt,98,normal,0.0,1,110080,111104,train
7320,98.mat.txt,98,normal,0.0,1,110592,111616,train
7321,98.mat.txt,98,normal,0.0,1,111104,112128,train
7322,98.mat.txt,98,normal,0.0,1,111616,112640,train
7323,98.mat.txt,98,normal,0.0,1,112128,113152,train
7324,98.mat.txt,98,normal,0.0,1,112640,113664,train
7325,98.mat.txt,98,normal,0.0,1,113152,114176,train
7326,98.mat.txt,98,normal,0.0,1,113664,114688,train
7327,98.mat.txt,98,normal,0.0,1,114176,115200,train
7328,98.mat.txt,98,normal,0.0,1,114688,115712,train
7329,98.mat.txt,98,normal,0.0,1,115200,116224,train
7330,98.mat.txt,98,normal,0.0,1,115712,116736,train
7331,98.mat.txt,98,normal,0.0,1,116224,117248,train
7332,98.mat.txt,98,normal,0.0,1,116736,117760,train
7333,98.mat.txt,98,normal,0.0,1,117248,118272,train
7334,98.mat.txt,98,normal,0.0,1,117760,118784,train
7335,98.mat.txt,98,normal,0.0,1,118272,119296,train
7336,98.mat.txt,98,normal,0.0,1,118784,119808,train
7337,98.mat.txt,98,normal,0.0,1,119296,120320,train
7338,98.mat.txt,98,normal,0.0,1,119808,120832,train
7339,98.mat.txt,98,normal,0.0,1,120320,121344,train
7340,98.mat.txt,98,normal,0.0,1,120832,121856,train
7341,98.mat.txt,98,normal,0.0,1,121344,122368,train
7342,98.mat.txt,98,normal,0.0,1,121856,122880,train
7343,98.mat.txt,98,normal,0.0,1,122368,123392,train
7344,98.mat.txt,98,normal,0.0,1,122880,123904,train
7345,98.mat.txt,98,normal,0.0,1,123392,124416,train
7346,98.mat.txt,98,normal,0.0,1,123904,124928,train
7347,98.mat.txt,98,normal,0.0,1,124416,125440,train
7348,98.mat.txt,98,normal,0.0,1,124928,125952,train
7349,98.mat.txt,98,normal,0.0,1,125440,126464,train
7350,98.mat.txt,98,normal,0.0,1,125952,126976,train
7351,98.mat.txt,98,normal,0.0,1,126464,127488,train
7352,98.mat.txt,98,normal,0.0,1,126976,128000,train
7353,98.mat.txt,98,normal,0.0,1,127488,128512,train
7354,98.mat.txt,98,normal,0.0,1,128000,129024,train
7355,98.mat.txt,98,normal,0.0,1,128512,129536,train
7356,98.mat.txt,98,normal,0.0,1,129024,130048,train
7357,98.mat.txt,98,normal,0.0,1,129536,130560,train
7358,98.mat.txt,98,normal,0.0,1,130048,131072,train
7359,98.mat.txt,98,normal,0.0,1,130560,131584,train
7360,98.mat.txt,98,normal,0.0,1,131072,132096,train
7361,98.mat.txt,98,normal,0.0,1,131584,132608,train
7362,98.mat.txt,98,normal,0.0,1,132096,133120,train
7363,98.mat.txt,98,normal,0.0,1,132608,133632,train
7364,98.mat.txt,98,normal,0.0,1,133120,134144,train
7365,98.mat.txt,98,normal,0.0,1,133632,134656,train
7366,98.mat.txt,98,normal,0.0,1,134144,135168,train
7367,98.mat.txt,98,normal,0.0,1,134656,135680,train
7368,98.mat.txt,98,normal,0.0,1,135168,136192,train
7369,98.mat.txt,98,normal,0.0,1,135680,136704,train
7370,98.mat.txt,98,normal,0.0,1,136192,137216,train
7371,98.mat.txt,98,normal,0.0,1,136704,137728,train
7372,98.mat.txt,98,normal,0.0,1,137216,138240,train
7373,98.mat.txt,98,normal,0.0,1,137728,138752,train
7374,98.mat.txt,98,normal,0.0,1,138240,139264,train
7375,98.mat.txt,98,normal,0.0,1,138752,139776,train
7376,98.mat.txt,98,normal,0.0,1,139264,140288,train
7377,98.mat.txt,98,normal,0.0,1,139776,140800,train
7378,98.mat.txt,98,normal,0.0,1,140288,141312,train
7379,98.mat.txt,98,normal,0.0,1,140800,141824,train
7380,98.mat.txt,98,normal,0.0,1,141312,142336,train
7381,98.mat.txt,98,normal,0.0,1,141824,142848,train
7382,98.mat.txt,98,normal,0.0,1,142336,143360,train
7383,98.mat.txt,98,normal,0.0,1,142848,143872,train
7384,98.mat.txt,98,normal,0.0,1,143360,144384,train
7385,98.mat.txt,98,normal,0.0,1,143872,144896,train
7386,98.mat.txt,98,normal,0.0,1,144384,145408,train
7387,98.mat.txt,98,normal,0.0,1,144896,145920,train
7388,98.mat.txt,98,normal,0.0,1,145408,146432,train
7389,98.mat.txt,98,normal,0.0,1,145920,146944,train
7390,98.mat.txt,98,normal,0.0,1,146432,147456,train
7391,98.mat.txt,98,normal,0.0,1,146944,147968,train
7392,98.mat.txt,98,normal,0.0,1,147456,148480,train
7393,98.mat.txt,98,normal,0.0,1,147968,148992,train
7394,98.mat.txt,98,normal,0.0,1,148480,149504,train
7395,98.mat.txt,98,normal,0.0,1,148992,150016,train
7396,98.mat.txt,98,normal,0.0,1,149504,150528,train
7397,98.mat.txt,98,normal,0.0,1,150016,151040,train
7398,98.mat.txt,98,normal,0.0,1,150528,151552,train
7399,98.mat.txt,98,normal,0.0,1,151040,152064,train
7400,98.mat.txt,98,normal,0.0,1,151552,152576,train
7401,98.mat.txt,98,normal,0.0,1,152064,153088,train
7402,98.mat.txt,98,normal,0.0,1,152576,153600,train
7403,98.mat.txt,98,normal,0.0,1,153088,154112,train
7404,98.mat.txt,98,normal,0.0,1,153600,154624,train
7405,98.mat.txt,98,normal,0.0,1,154112,155136,train
7406,98.mat.txt,98,normal,0.0,1,154624,155648,train
7407,98.mat.txt,98,normal,0.0,1,155136,156160,train
7408,98.mat.txt,98,normal,0.0,1,155648,156672,train
7409,98.mat.txt,98,normal,0.0,1,156160,157184,train
7410,98.mat.txt,98,normal,0.0,1,156672,157696,train
7411,98.mat.txt,98,normal,0.0,1,157184,158208,train
7412,98.mat.txt,98,normal,0.0,1,157696,158720,train
7413,98.mat.txt,98,normal,0.0,1,158208,159232,train
7414,98.mat.txt,98,normal,0.0,1,158720,159744,train
7415,98.mat.txt,98,normal,0.0,1,159232,160256,train
7416,98.mat.txt,98,normal,0.0,1,159744,160768,train
7417,98.mat.txt,98,normal,0.0,1,160256,161280,train
7418,98.mat.txt,98,normal,0.0,1,160768,161792,train
7419,98.mat.txt,98,normal,0.0,1,161280,162304,train
7420,98.mat.txt,98,normal,0.0,1,161792,162816,train
7421,98.mat.txt,98,normal,0.0,1,162304,163328,train
7422,98.mat.txt,98,normal,0.0,1,162816,163840,train
7423,98.mat.txt,98,normal,0.0,1,163328,164352,train
7424,98.mat.txt,98,normal,0.0,1,163840,164864,train
7425,98.mat.txt,98,normal,0.0,1,164352,165376,train
7426,98.mat.txt,98,normal,0.0,1,164864,165888,train
7427,98.mat.txt,98,normal,0.0,1,165376,166400,train
7428,98.mat.txt,98,normal,0.0,1,165888,166912,train
7429,98.mat.txt,98,normal,0.0,1,166400,167424,train
7430,98.mat.txt,98,normal,0.0,1,166912,167936,train
7431,98.mat.txt,98,normal,0.0,1,167424,168448,train
7432,98.mat.txt,98,normal,0.0,1,167936,168960,train
7433,98.mat.txt,98,normal,0.0,1,168448,169472,train
7434,98.mat.txt,98,normal,0.0,1,168960,169984,train
7435,98.mat.txt,98,normal,0.0,1,169472,170496,train
7436,98.mat.txt,98,normal,0.0,1,169984,171008,train
7437,98.mat.txt,98,normal,0.0,1,170496,171520,train
7438,98.mat.txt,98,normal,0.0,1,171008,172032,train
7439,98.mat.txt,98,normal,0.0,1,171520,172544,train
7440,98.mat.txt,98,normal,0.0,1,172032,173056,train
7441,98.mat.txt,98,normal,0.0,1,172544,173568,train
7442,98.mat.txt,98,normal,0.0,1,173056,174080,train
7443,98.mat.txt,98,normal,0.0,1,173568,174592,train
7444,98.mat.txt,98,normal,0.0,1,174080,175104,train
7445,98.mat.txt,98,normal,0.0,1,174592,175616,train
7446,98.mat.txt,98,normal,0.0,1,175104,176128,train
7447,98.mat.txt,98,normal,0.0,1,175616,176640,train
7448,98.mat.txt,98,normal,0.0,1,176128,177152,train
7449,98.mat.txt,98,normal,0.0,1,176640,177664,train
7450,98.mat.txt,98,normal,0.0,1,177152,178176,train
7451,98.mat.txt,98,normal,0.0,1,177664,178688,train
7452,98.mat.txt,98,normal,0.0,1,178176,179200,train
7453,98.mat.txt,98,normal,0.0,1,178688,179712,train
7454,98.mat.txt,98,normal,0.0,1,179200,180224,train
7455,98.mat.txt,98,normal,0.0,1,179712,180736,train
7456,98.mat.txt,98,normal,0.0,1,180224,181248,train
7457,98.mat.txt,98,normal,0.0,1,180736,181760,train
7458,98.mat.txt,98,normal,0.0,1,181248,182272,train
7459,98.mat.txt,98,normal,0.0,1,181760,182784,train
7460,98.mat.txt,98,normal,0.0,1,182272,183296,train
7461,98.mat.txt,98,normal,0.0,1,182784,183808,train
7462,98.mat.txt,98,normal,0.0,1,183296,184320,train
7463,98.mat.txt,98,normal,0.0,1,183808,184832,train
7464,98.mat.txt,98,normal,0.0,1,184320,185344,train
7465,98.mat.txt,98,normal,0.0,1,184832,185856,train
7466,98.mat.txt,98,normal,0.0,1,185344,186368,train
7467,98.mat.txt,98,normal,0.0,1,185856,186880,train
7468,98.mat.txt,98,normal,0.0,1,186368,187392,train
7469,98.mat.txt,98,normal,0.0,1,186880,187904,train
7470,98.mat.txt,98,normal,0.0,1,187392,188416,train
7471,98.mat.txt,98,normal,0.0,1,187904,188928,train
7472,98.mat.txt,98,normal,0.0,1,188416,189440,train
7473,98.mat.txt,98,normal,0.0,1,188928,189952,train
7474,98.mat.txt,98,normal,0.0,1,189440,190464,train
7475,98.mat.txt,98,normal,0.0,1,189952,190976,train
7476,98.mat.txt,98,normal,0.0,1,190464,191488,train
7477,98.mat.txt,98,normal,0.0,1,190976,192000,train
7478,98.mat.txt,98,normal,0.0,1,191488,192512,train
7479,98.mat.txt,98,normal,0.0,1,192000,193024,train
7480,98.mat.txt,98,normal,0.0,1,192512,193536,train
7481,98.mat.txt,98,normal,0.0,1,193024,194048,train
7482,98.mat.txt,98,normal,0.0,1,193536,194560,train
7483,98.mat.txt,98,normal,0.0,1,194048,195072,train
7484,98.mat.txt,98,normal,0.0,1,194560,195584,train
7485,98.mat.txt,98,normal,0.0,1,195072,196096,train
7486,98.mat.txt,98,normal,0.0,1,195584,196608,train
7487,98.mat.txt,98,normal,0.0,1,196096,197120,train
7488,98.mat.txt,98,normal,0.0,1,196608,197632,train
7489,98.mat.txt,98,normal,0.0,1,197120,198144,train
7490,98.mat.txt,98,normal,0.0,1,197632,198656,train
7491,98.mat.txt,98,normal,0.0,1,198144,199168,train
7492,98.mat.txt,98,normal,0.0,1,198656,199680,train
7493,98.mat.txt,98,normal,0.0,1,199168,200192,train
7494,98.mat.txt,98,normal,0.0,1,199680,200704,train
7495,98.mat.txt,98,normal,0.0,1,200192,201216,train
7496,98.mat.txt,98,normal,0.0,1,200704,201728,train
7497,98.mat.txt,98,normal,0.0,1,201216,202240,train
7498,98.mat.txt,98,normal,0.0,1,201728,202752,train
7499,98.mat.txt,98,normal,0.0,1,202240,203264,train
7500,98.mat.txt,98,normal,0.0,1,202752,203776,train
7501,98.mat.txt,98,normal,0.0,1,203264,204288,train
7502,98.mat.txt,98,normal,0.0,1,203776,204800,train
7503,98.mat.txt,98,normal,0.0,1,204288,205312,train
7504,98.mat.txt,98,normal,0.0,1,204800,205824,train
7505,98.mat.txt,98,normal,0.0,1,205312,206336,train
7506,98.mat.txt,98,normal,0.0,1,205824,206848,train
7507,98.mat.txt,98,normal,0.0,1,206336,207360,train
7508,98.mat.txt,98,normal,0.0,1,206848,207872,train
7509,98.mat.txt,98,normal,0.0,1,207360,208384,train
7510,98.mat.txt,98,normal,0.0,1,207872,208896,train
7511,98.mat.txt,98,normal,0.0,1,208384,209408,train
7512,98.mat.txt,98,normal,0.0,1,208896,209920,train
7513,98.mat.txt,98,normal,0.0,1,209408,210432,train
7514,98.mat.txt,98,normal,0.0,1,209920,210944,train
7515,98.mat.txt,98,normal,0.0,1,210432,211456,train
7516,98.mat.txt,98,normal,0.0,1,210944,211968,train
7517,98.mat.txt,98,normal,0.0,1,211456,212480,train
7518,98.mat.txt,98,normal,0.0,1,211968,212992,train
7519,98.mat.txt,98,normal,0.0,1,212480,213504,train
7520,98.mat.txt,98,normal,0.0,1,212992,214016,train
7521,98.mat.txt,98,normal,0.0,1,213504,214528,train
7522,98.mat.txt,98,normal,0.0,1,214016,215040,train
7523,98.mat.txt,98,normal,0.0,1,214528,215552,train
7524,98.mat.txt,98,normal,0.0,1,215040,216064,train
7525,98.mat.txt,98,normal,0.0,1,215552,216576,train
7526,98.mat.txt,98,normal,0.0,1,216064,217088,train
7527,98.mat.txt,98,normal,0.0,1,216576,217600,train
7528,98.mat.txt,98,normal,0.0,1,217088,218112,train
7529,98.mat.txt,98,normal,0.0,1,217600,218624,train
7530,98.mat.txt,98,normal,0.0,1,218112,219136,train
7531,98.mat.txt,98,normal,0.0,1,218624,219648,train
7532,98.mat.txt,98,normal,0.0,1,219136,220160,train
7533,98.mat.txt,98,normal,0.0,1,219648,220672,train
7534,98.mat.txt,98,normal,0.0,1,220160,221184,train
7535,98.mat.txt,98,normal,0.0,1,220672,221696,train
7536,98.mat.txt,98,normal,0.0,1,221184,222208,train
7537,98.mat.txt,98,normal,0.0,1,221696,222720,train
7538,98.mat.txt,98,normal,0.0,1,222208,223232,train
7539,98.mat.txt,98,normal,0.0,1,222720,223744,train
7540,98.mat.txt,98,normal,0.0,1,223232,224256,train
7541,98.mat.txt,98,normal,0.0,1,223744,224768,train
7542,98.mat.txt,98,normal,0.0,1,224256,225280,train
7543,98.mat.txt,98,normal,0.0,1,224768,225792,train
7544,98.mat.txt,98,normal,0.0,1,225280,226304,train
7545,98.mat.txt,98,normal,0.0,1,225792,226816,train
7546,98.mat.txt,98,normal,0.0,1,226304,227328,train
7547,98.mat.txt,98,normal,0.0,1,226816,227840,train
7548,98.mat.txt,98,normal,0.0,1,227328,228352,train
7549,98.mat.txt,98,normal,0.0,1,227840,228864,train
7550,98.mat.txt,98,normal,0.0,1,228352,229376,train
7551,98.mat.txt,98,normal,0.0,1,228864,229888,train
7552,98.mat.txt,98,normal,0.0,1,229376,230400,train
7553,98.mat.txt,98,normal,0.0,1,229888,230912,train
7554,98.mat.txt,98,normal,0.0,1,230400,231424,train
7555,98.mat.txt,98,normal,0.0,1,230912,231936,train
7556,98.mat.txt,98,normal,0.0,1,231424,232448,train
7557,98.mat.txt,98,normal,0.0,1,231936,232960,train
7558,98.mat.txt,98,normal,0.0,1,232448,233472,train
7559,98.mat.txt,98,normal,0.0,1,232960,233984,train
7560,98.mat.txt,98,normal,0.0,1,233472,234496,train
7561,98.mat.txt,98,normal,0.0,1,233984,235008,train
7562,98.mat.txt,98,normal,0.0,1,234496,235520,train
7563,98.mat.txt,98,normal,0.0,1,235008,236032,train
7564,98.mat.txt,98,normal,0.0,1,235520,236544,train
7565,98.mat.txt,98,normal,0.0,1,236032,237056,train
7566,98.mat.txt,98,normal,0.0,1,236544,237568,train
7567,98.mat.txt,98,normal,0.0,1,237056,238080,train
7568,98.mat.txt,98,normal,0.0,1,237568,238592,train
7569,98.mat.txt,98,normal,0.0,1,238080,239104,train
7570,98.mat.txt,98,normal,0.0,1,238592,239616,train
7571,98.mat.txt,98,normal,0.0,1,239104,240128,train
7572,98.mat.txt,98,normal,0.0,1,239616,240640,train
7573,98.mat.txt,98,normal,0.0,1,240128,241152,train
7574,98.mat.txt,98,normal,0.0,1,240640,241664,train
7575,98.mat.txt,98,normal,0.0,1,241152,242176,train
7576,98.mat.txt,98,normal,0.0,1,241664,242688,train
7577,98.mat.txt,98,normal,0.0,1,242176,243200,train
7578,98.mat.txt,98,normal,0.0,1,242688,243712,train
7579,98.mat.txt,98,normal,0.0,1,243200,244224,train
7580,98.mat.txt,98,normal,0.0,1,243712,244736,train
7581,98.mat.txt,98,normal,0.0,1,244224,245248,train
7582,98.mat.txt,98,normal,0.0,1,244736,245760,train
7583,98.mat.txt,98,normal,0.0,1,245248,246272,train
7584,98.mat.txt,98,normal,0.0,1,245760,246784,train
7585,98.mat.txt,98,normal,0.0,1,246272,247296,train
7586,98.mat.txt,98,normal,0.0,1,246784,247808,train
7587,98.mat.txt,98,normal,0.0,1,247296,248320,train
7588,98.mat.txt,98,normal,0.0,1,247808,248832,train
7589,98.mat.txt,98,normal,0.0,1,248320,249344,train
7590,98.mat.txt,98,normal,0.0,1,248832,249856,train
7591,98.mat.txt,98,normal,0.0,1,249344,250368,train
7592,98.mat.txt,98,normal,0.0,1,249856,250880,train
7593,98.mat.txt,98,normal,0.0,1,250368,251392,train
7594,98.mat.txt,98,normal,0.0,1,250880,251904,train
7595,98.mat.txt,98,normal,0.0,1,251392,252416,train
7596,98.mat.txt,98,normal,0.0,1,251904,252928,train
7597,98.mat.txt,98,normal,0.0,1,252416,253440,train
7598,98.mat.txt,98,normal,0.0,1,252928,253952,train
7599,98.mat.txt,98,normal,0.0,1,253440,254464,train
7600,98.mat.txt,98,normal,0.0,1,253952,254976,train
7601,98.mat.txt,98,normal,0.0,1,254464,255488,train
7602,98.mat.txt,98,normal,0.0,1,254976,256000,train
7603,98.mat.txt,98,normal,0.0,1,255488,256512,train
7604,98.mat.txt,98,normal,0.0,1,256000,257024,train
7605,98.mat.txt,98,normal,0.0,1,256512,257536,train
7606,98.mat.txt,98,normal,0.0,1,257024,258048,train
7607,98.mat.txt,98,normal,0.0,1,257536,258560,train
7608,98.mat.txt,98,normal,0.0,1,258048,259072,train
7609,98.mat.txt,98,normal,0.0,1,258560,259584,train
7610,98.mat.txt,98,normal,0.0,1,259072,260096,train
7611,98.mat.txt,98,normal,0.0,1,259584,260608,train
7612,98.mat.txt,98,normal,0.0,1,260096,261120,train
7613,98.mat.txt,98,normal,0.0,1,260608,261632,train
7614,98.mat.txt,98,normal,0.0,1,261120,262144,train
7615,98.mat.txt,98,normal,0.0,1,261632,262656,train
7616,98.mat.txt,98,normal,0.0,1,262144,263168,train
7617,98.mat.txt,98,normal,0.0,1,262656,263680,train
7618,98.mat.txt,98,normal,0.0,1,263168,264192,train
7619,98.mat.txt,98,normal,0.0,1,263680,264704,train
7620,98.mat.txt,98,normal,0.0,1,264192,265216,train
7621,98.mat.txt,98,normal,0.0,1,264704,265728,train
7622,98.mat.txt,98,normal,0.0,1,265216,266240,train
7623,98.mat.txt,98,normal,0.0,1,265728,266752,train
7624,98.mat.txt,98,normal,0.0,1,266240,267264,train
7625,98.mat.txt,98,normal,0.0,1,266752,267776,train
7626,98.mat.txt,98,normal,0.0,1,267264,268288,train
7627,98.mat.txt,98,normal,0.0,1,267776,268800,train
7628,98.mat.txt,98,normal,0.0,1,268288,269312,train
7629,98.mat.txt,98,normal,0.0,1,268800,269824,train
7630,98.mat.txt,98,normal,0.0,1,269312,270336,train
7631,98.mat.txt,98,normal,0.0,1,269824,270848,train
7632,98.mat.txt,98,normal,0.0,1,270336,271360,train
7633,98.mat.txt,98,normal,0.0,1,270848,271872,train
7634,98.mat.txt,98,normal,0.0,1,271360,272384,train
7635,98.mat.txt,98,normal,0.0,1,271872,272896,train
7636,98.mat.txt,98,normal,0.0,1,272384,273408,train
7637,98.mat.txt,98,normal,0.0,1,272896,273920,train
7638,98.mat.txt,98,normal,0.0,1,273408,274432,train
7639,98.mat.txt,98,normal,0.0,1,273920,274944,train
7640,98.mat.txt,98,normal,0.0,1,274432,275456,train
7641,98.mat.txt,98,normal,0.0,1,274944,275968,train
7642,98.mat.txt,98,normal,0.0,1,275456,276480,train
7643,98.mat.txt,98,normal,0.0,1,275968,276992,train
7644,98.mat.txt,98,normal,0.0,1,276480,277504,train
7645,98.mat.txt,98,normal,0.0,1,276992,278016,train
7646,98.mat.txt,98,normal,0.0,1,277504,278528,train
7647,98.mat.txt,98,normal,0.0,1,278016,279040,train
7648,98.mat.txt,98,normal,0.0,1,278528,279552,train
7649,98.mat.txt,98,normal,0.0,1,279040,280064,train
7650,98.mat.txt,98,normal,0.0,1,279552,280576,train
7651,98.mat.txt,98,normal,0.0,1,280064,281088,train
7652,98.mat.txt,98,normal,0.0,1,280576,281600,train
7653,98.mat.txt,98,normal,0.0,1,281088,282112,train
7654,98.mat.txt,98,normal,0.0,1,281600,282624,train
7655,98.mat.txt,98,normal,0.0,1,282112,283136,train
7656,98.mat.txt,98,normal,0.0,1,282624,283648,train
7657,98.mat.txt,98,normal,0.0,1,283136,284160,train
7658,98.mat.txt,98,normal,0.0,1,283648,284672,train
7659,98.mat.txt,98,normal,0.0,1,284160,285184,train
7660,98.mat.txt,98,normal,0.0,1,284672,285696,train
7661,98.mat.txt,98,normal,0.0,1,285184,286208,train
7662,98.mat.txt,98,normal,0.0,1,285696,286720,train
7663,98.mat.txt,98,normal,0.0,1,286208,287232,train
7664,98.mat.txt,98,normal,0.0,1,286720,287744,train
7665,98.mat.txt,98,normal,0.0,1,287232,288256,train
7666,98.mat.txt,98,normal,0.0,1,287744,288768,train
7667,98.mat.txt,98,normal,0.0,1,288256,289280,train
7668,98.mat.txt,98,normal,0.0,1,288768,289792,train
7669,98.mat.txt,98,normal,0.0,1,289280,290304,train
7670,98.mat.txt,98,normal,0.0,1,289792,290816,train
7671,98.mat.txt,98,normal,0.0,1,290304,291328,train
7672,98.mat.txt,98,normal,0.0,1,290816,291840,train
7673,98.mat.txt,98,normal,0.0,1,291328,292352,train
7674,98.mat.txt,98,normal,0.0,1,291840,292864,train
7675,98.mat.txt,98,normal,0.0,1,292352,293376,train
7676,98.mat.txt,98,normal,0.0,1,292864,293888,train
7677,98.mat.txt,98,normal,0.0,1,293376,294400,train
7678,98.mat.txt,98,normal,0.0,1,293888,294912,train
7679,98.mat.txt,98,normal,0.0,1,294400,295424,train
7680,98.mat.txt,98,normal,0.0,1,294912,295936,train
7681,98.mat.txt,98,normal,0.0,1,295424,296448,train
7682,98.mat.txt,98,normal,0.0,1,295936,296960,train
7683,98.mat.txt,98,normal,0.0,1,296448,297472,train
7684,98.mat.txt,98,normal,0.0,1,296960,297984,train
7685,98.mat.txt,98,normal,0.0,1,297472,298496,train
7686,98.mat.txt,98,normal,0.0,1,297984,299008,train
7687,98.mat.txt,98,normal,0.0,1,298496,299520,train
7688,98.mat.txt,98,normal,0.0,1,299008,300032,train
7689,98.mat.txt,98,normal,0.0,1,299520,300544,train
7690,98.mat.txt,98,normal,0.0,1,300032,301056,train
7691,98.mat.txt,98,normal,0.0,1,300544,301568,train
7692,98.mat.txt,98,normal,0.0,1,301056,302080,train
7693,98.mat.txt,98,normal,0.0,1,301568,302592,train
7694,98.mat.txt,98,normal,0.0,1,302080,303104,train
7695,98.mat.txt,98,normal,0.0,1,302592,303616,train
7696,98.mat.txt,98,normal,0.0,1,303104,304128,train
7697,98.mat.txt,98,normal,0.0,1,303616,304640,train
7698,98.mat.txt,98,normal,0.0,1,304128,305152,train
7699,98.mat.txt,98,normal,0.0,1,304640,305664,train
7700,98.mat.txt,98,normal,0.0,1,305152,306176,train
7701,98.mat.txt,98,normal,0.0,1,305664,306688,train
7702,98.mat.txt,98,normal,0.0,1,306176,307200,train
7703,98.mat.txt,98,normal,0.0,1,306688,307712,train
7704,98.mat.txt,98,normal,0.0,1,307200,308224,train
7705,98.mat.txt,98,normal,0.0,1,307712,308736,train
7706,98.mat.txt,98,normal,0.0,1,308224,309248,train
7707,98.mat.txt,98,normal,0.0,1,308736,309760,train
7708,98.mat.txt,98,normal,0.0,1,309248,310272,train
7709,98.mat.txt,98,normal,0.0,1,309760,310784,train
7710,98.mat.txt,98,normal,0.0,1,310272,311296,train
7711,98.mat.txt,98,normal,0.0,1,310784,311808,train
7712,98.mat.txt,98,normal,0.0,1,311296,312320,train
7713,98.mat.txt,98,normal,0.0,1,311808,312832,train
7714,98.mat.txt,98,normal,0.0,1,312320,313344,train
7715,98.mat.txt,98,normal,0.0,1,312832,313856,train
7716,98.mat.txt,98,normal,0.0,1,313344,314368,train
7717,98.mat.txt,98,normal,0.0,1,313856,314880,train
7718,98.mat.txt,98,normal,0.0,1,314368,315392,train
7719,98.mat.txt,98,normal,0.0,1,314880,315904,train
7720,98.mat.txt,98,normal,0.0,1,315392,316416,train
7721,98.mat.txt,98,normal,0.0,1,315904,316928,train
7722,98.mat.txt,98,normal,0.0,1,316416,317440,train
7723,98.mat.txt,98,normal,0.0,1,316928,317952,train
7724,98.mat.txt,98,normal,0.0,1,317440,318464,train
7725,98.mat.txt,98,normal,0.0,1,317952,318976,train
7726,98.mat.txt,98,normal,0.0,1,318464,319488,train
7727,98.mat.txt,98,normal,0.0,1,318976,320000,train
7728,98.mat.txt,98,normal,0.0,1,319488,320512,train
7729,98.mat.txt,98,normal,0.0,1,320000,321024,train
7730,98.mat.txt,98,normal,0.0,1,320512,321536,train
7731,98.mat.txt,98,normal,0.0,1,321024,322048,train
7732,98.mat.txt,98,normal,0.0,1,321536,322560,train
7733,98.mat.txt,98,normal,0.0,1,322048,323072,train
7734,98.mat.txt,98,normal,0.0,1,322560,323584,train
7735,98.mat.txt,98,normal,0.0,1,323072,324096,train
7736,98.mat.txt,98,normal,0.0,1,323584,324608,train
7737,98.mat.txt,98,normal,0.0,1,324096,325120,train
7738,98.mat.txt,98,normal,0.0,1,324608,325632,train
7739,98.mat.txt,98,normal,0.0,1,325120,326144,train
7740,98.mat.txt,98,normal,0.0,1,325632,326656,train
7741,98.mat.txt,98,normal,0.0,1,326144,327168,train
7742,98.mat.txt,98,normal,0.0,1,326656,327680,train
7743,98.mat.txt,98,normal,0.0,1,327168,328192,train
7744,98.mat.txt,98,normal,0.0,1,327680,328704,train
7745,98.mat.txt,98,normal,0.0,1,328192,329216,train
7746,98.mat.txt,98,normal,0.0,1,328704,329728,train
7747,98.mat.txt,98,normal,0.0,1,329216,330240,train
7748,98.mat.txt,98,normal,0.0,1,329728,330752,train
7749,98.mat.txt,98,normal,0.0,1,330240,331264,train
7750,98.mat.txt,98,normal,0.0,1,330752,331776,train
7751,98.mat.txt,98,normal,0.0,1,331264,332288,train
7752,98.mat.txt,98,normal,0.0,1,331776,332800,train
7753,98.mat.txt,98,normal,0.0,1,332288,333312,train
7754,98.mat.txt,98,normal,0.0,1,332800,333824,train
7755,98.mat.txt,98,normal,0.0,1,333312,334336,train
7756,98.mat.txt,98,normal,0.0,1,333824,334848,train
7757,98.mat.txt,98,normal,0.0,1,334336,335360,train
7758,98.mat.txt,98,normal,0.0,1,334848,335872,train
7759,98.mat.txt,98,normal,0.0,1,335360,336384,train
7760,98.mat.txt,98,normal,0.0,1,335872,336896,train
7761,98.mat.txt,98,normal,0.0,1,336384,337408,train
7762,98.mat.txt,98,normal,0.0,1,336896,337920,train
7763,98.mat.txt,98,normal,0.0,1,337408,338432,train
7764,98.mat.txt,98,normal,0.0,1,337920,338944,train
7765,98.mat.txt,98,normal,0.0,1,338432,339456,train
7766,98.mat.txt,98,normal,0.0,1,338944,339968,train
7767,98.mat.txt,98,normal,0.0,1,339456,340480,train
7768,98.mat.txt,98,normal,0.0,1,339968,340992,train
7769,98.mat.txt,98,normal,0.0,1,340480,341504,train
7770,98.mat.txt,98,normal,0.0,1,340992,342016,train
7771,98.mat.txt,98,normal,0.0,1,341504,342528,train
7772,98.mat.txt,98,normal,0.0,1,342016,343040,train
7773,98.mat.txt,98,normal,0.0,1,342528,343552,train
7774,98.mat.txt,98,normal,0.0,1,343040,344064,train
7775,98.mat.txt,98,normal,0.0,1,343552,344576,train
7776,98.mat.txt,98,normal,0.0,1,344064,345088,train
7777,98.mat.txt,98,normal,0.0,1,344576,345600,train
7778,98.mat.txt,98,normal,0.0,1,345088,346112,train
7779,98.mat.txt,98,normal,0.0,1,345600,346624,train
7780,98.mat.txt,98,normal,0.0,1,346112,347136,train
7781,98.mat.txt,98,normal,0.0,1,346624,347648,train
7782,98.mat.txt,98,normal,0.0,1,347136,348160,train
7783,98.mat.txt,98,normal,0.0,1,347648,348672,train
7784,98.mat.txt,98,normal,0.0,1,348160,349184,train
7785,98.mat.txt,98,normal,0.0,1,348672,349696,train
7786,98.mat.txt,98,normal,0.0,1,349184,350208,train
7787,98.mat.txt,98,normal,0.0,1,349696,350720,train
7788,98.mat.txt,98,normal,0.0,1,350208,351232,train
7789,98.mat.txt,98,normal,0.0,1,350720,351744,train
7790,98.mat.txt,98,normal,0.0,1,351232,352256,train
7791,98.mat.txt,98,normal,0.0,1,351744,352768,train
7792,98.mat.txt,98,normal,0.0,1,352256,353280,train
7793,98.mat.txt,98,normal,0.0,1,352768,353792,train
7794,98.mat.txt,98,normal,0.0,1,353280,354304,train
7795,98.mat.txt,98,normal,0.0,1,353792,354816,train
7796,98.mat.txt,98,normal,0.0,1,354304,355328,train
7797,98.mat.txt,98,normal,0.0,1,354816,355840,train
7798,98.mat.txt,98,normal,0.0,1,355328,356352,train
7799,98.mat.txt,98,normal,0.0,1,355840,356864,train
7800,98.mat.txt,98,normal,0.0,1,356352,357376,train
7801,98.mat.txt,98,normal,0.0,1,356864,357888,train
7802,98.mat.txt,98,normal,0.0,1,357376,358400,train
7803,98.mat.txt,98,normal,0.0,1,357888,358912,train
7804,98.mat.txt,98,normal,0.0,1,358400,359424,train
7805,98.mat.txt,98,normal,0.0,1,358912,359936,train
7806,98.mat.txt,98,normal,0.0,1,359424,360448,train
7807,98.mat.txt,98,normal,0.0,1,359936,360960,train
7808,98.mat.txt,98,normal,0.0,1,360448,361472,train
7809,98.mat.txt,98,normal,0.0,1,360960,361984,train
7810,98.mat.txt,98,normal,0.0,1,361472,362496,train
7811,98.mat.txt,98,normal,0.0,1,361984,363008,train
7812,98.mat.txt,98,normal,0.0,1,362496,363520,train
7813,98.mat.txt,98,normal,0.0,1,363008,364032,train
7814,98.mat.txt,98,normal,0.0,1,363520,364544,train
7815,98.mat.txt,98,normal,0.0,1,364032,365056,train
7816,98.mat.txt,98,normal,0.0,1,364544,365568,train
7817,98.mat.txt,98,normal,0.0,1,365056,366080,train
7818,98.mat.txt,98,normal,0.0,1,365568,366592,train
7819,98.mat.txt,98,normal,0.0,1,366080,367104,train
7820,98.mat.txt,98,normal,0.0,1,366592,367616,train
7821,98.mat.txt,98,normal,0.0,1,367104,368128,train
7822,98.mat.txt,98,normal,0.0,1,367616,368640,train
7823,98.mat.txt,98,normal,0.0,1,368128,369152,train
7824,98.mat.txt,98,normal,0.0,1,368640,369664,train
7825,98.mat.txt,98,normal,0.0,1,369152,370176,train
7826,98.mat.txt,98,normal,0.0,1,369664,370688,train
7827,98.mat.txt,98,normal,0.0,1,370176,371200,train
7828,98.mat.txt,98,normal,0.0,1,370688,371712,train
7829,98.mat.txt,98,normal,0.0,1,371200,372224,train
7830,98.mat.txt,98,normal,0.0,1,371712,372736,train
7831,98.mat.txt,98,normal,0.0,1,372224,373248,train
7832,98.mat.txt,98,normal,0.0,1,372736,373760,train
7833,98.mat.txt,98,normal,0.0,1,373248,374272,train
7834,98.mat.txt,98,normal,0.0,1,373760,374784,train
7835,98.mat.txt,98,normal,0.0,1,374272,375296,train
7836,98.mat.txt,98,normal,0.0,1,374784,375808,train
7837,98.mat.txt,98,normal,0.0,1,375296,376320,train
7838,98.mat.txt,98,normal,0.0,1,375808,376832,train
7839,98.mat.txt,98,normal,0.0,1,376320,377344,train
7840,98.mat.txt,98,normal,0.0,1,376832,377856,train
7841,98.mat.txt,98,normal,0.0,1,377344,378368,train
7842,98.mat.txt,98,normal,0.0,1,377856,378880,train
7843,98.mat.txt,98,normal,0.0,1,378368,379392,train
7844,98.mat.txt,98,normal,0.0,1,378880,379904,train
7845,98.mat.txt,98,normal,0.0,1,379392,380416,train
7846,98.mat.txt,98,normal,0.0,1,379904,380928,train
7847,98.mat.txt,98,normal,0.0,1,380416,381440,train
7848,98.mat.txt,98,normal,0.0,1,380928,381952,train
7849,98.mat.txt,98,normal,0.0,1,381440,382464,train
7850,98.mat.txt,98,normal,0.0,1,381952,382976,train
7851,98.mat.txt,98,normal,0.0,1,382464,383488,train
7852,98.mat.txt,98,normal,0.0,1,382976,384000,train
7853,98.mat.txt,98,normal,0.0,1,383488,384512,train
7854,98.mat.txt,98,normal,0.0,1,384000,385024,train
7855,98.mat.txt,98,normal,0.0,1,384512,385536,train
7856,98.mat.txt,98,normal,0.0,1,385024,386048,train
7857,98.mat.txt,98,normal,0.0,1,385536,386560,train
7858,98.mat.txt,98,normal,0.0,1,386048,387072,train
7859,98.mat.txt,98,normal,0.0,1,386560,387584,train
7860,98.mat.txt,98,normal,0.0,1,387072,388096,train
7861,98.mat.txt,98,normal,0.0,1,387584,388608,train
7862,98.mat.txt,98,normal,0.0,1,388096,389120,train
7863,98.mat.txt,98,normal,0.0,1,388608,389632,train
7864,98.mat.txt,98,normal,0.0,1,389120,390144,train
7865,98.mat.txt,98,normal,0.0,1,389632,390656,train
7866,98.mat.txt,98,normal,0.0,1,390144,391168,train
7867,98.mat.txt,98,normal,0.0,1,390656,391680,train
7868,98.mat.txt,98,normal,0.0,1,391168,392192,train
7869,98.mat.txt,98,normal,0.0,1,391680,392704,train
7870,98.mat.txt,98,normal,0.0,1,392192,393216,train
7871,98.mat.txt,98,normal,0.0,1,392704,393728,train
7872,98.mat.txt,98,normal,0.0,1,393216,394240,train
7873,98.mat.txt,98,normal,0.0,1,393728,394752,train
7874,98.mat.txt,98,normal,0.0,1,394240,395264,train
7875,98.mat.txt,98,normal,0.0,1,394752,395776,train
7876,98.mat.txt,98,normal,0.0,1,395264,396288,train
7877,98.mat.txt,98,normal,0.0,1,395776,396800,train
7878,98.mat.txt,98,normal,0.0,1,396288,397312,train
7879,98.mat.txt,98,normal,0.0,1,396800,397824,train
7880,98.mat.txt,98,normal,0.0,1,397312,398336,train
7881,98.mat.txt,98,normal,0.0,1,397824,398848,train
7882,98.mat.txt,98,normal,0.0,1,398336,399360,train
7883,98.mat.txt,98,normal,0.0,1,398848,399872,train
7884,98.mat.txt,98,normal,0.0,1,399360,400384,train
7885,98.mat.txt,98,normal,0.0,1,399872,400896,train
7886,98.mat.txt,98,normal,0.0,1,400384,401408,train
7887,98.mat.txt,98,normal,0.0,1,400896,401920,train
7888,98.mat.txt,98,normal,0.0,1,401408,402432,train
7889,98.mat.txt,98,normal,0.0,1,401920,402944,train
7890,98.mat.txt,98,normal,0.0,1,402432,403456,train
7891,98.mat.txt,98,normal,0.0,1,402944,403968,train
7892,98.mat.txt,98,normal,0.0,1,403456,404480,train
7893,98.mat.txt,98,normal,0.0,1,403968,404992,train
7894,98.mat.txt,98,normal,0.0,1,404480,405504,train
7895,98.mat.txt,98,normal,0.0,1,404992,406016,train
7896,98.mat.txt,98,normal,0.0,1,405504,406528,train
7897,98.mat.txt,98,normal,0.0,1,406016,407040,train
7898,98.mat.txt,98,normal,0.0,1,406528,407552,train
7899,98.mat.txt,98,normal,0.0,1,407040,408064,train
7900,98.mat.txt,98,normal,0.0,1,407552,408576,train
7901,98.mat.txt,98,normal,0.0,1,408064,409088,train
7902,98.mat.txt,98,normal,0.0,1,408576,409600,train
7903,98.mat.txt,98,normal,0.0,1,409088,410112,train
7904,98.mat.txt,98,normal,0.0,1,409600,410624,train
7905,98.mat.txt,98,normal,0.0,1,410112,411136,train
7906,98.mat.txt,98,normal,0.0,1,410624,411648,train
7907,98.mat.txt,98,normal,0.0,1,411136,412160,train
7908,98.mat.txt,98,normal,0.0,1,411648,412672,train
7909,98.mat.txt,98,normal,0.0,1,412160,413184,train
7910,98.mat.txt,98,normal,0.0,1,412672,413696,train
7911,98.mat.txt,98,normal,0.0,1,413184,414208,train
7912,98.mat.txt,98,normal,0.0,1,413696,414720,train
7913,98.mat.txt,98,normal,0.0,1,414208,415232,train
7914,98.mat.txt,98,normal,0.0,1,414720,415744,train
7915,98.mat.txt,98,normal,0.0,1,415232,416256,train
7916,98.mat.txt,98,normal,0.0,1,415744,416768,train
7917,98.mat.txt,98,normal,0.0,1,416256,417280,train
7918,98.mat.txt,98,normal,0.0,1,416768,417792,train
7919,98.mat.txt,98,normal,0.0,1,417280,418304,train
7920,98.mat.txt,98,normal,0.0,1,417792,418816,train
7921,98.mat.txt,98,normal,0.0,1,418304,419328,train
7922,98.mat.txt,98,normal,0.0,1,418816,419840,train
7923,98.mat.txt,98,normal,0.0,1,419328,420352,train
7924,98.mat.txt,98,normal,0.0,1,419840,420864,train
7925,98.mat.txt,98,normal,0.0,1,420352,421376,train
7926,98.mat.txt,98,normal,0.0,1,420864,421888,train
7927,98.mat.txt,98,normal,0.0,1,421376,422400,train
7928,98.mat.txt,98,normal,0.0,1,421888,422912,train
7929,98.mat.txt,98,normal,0.0,1,422400,423424,train
7930,98.mat.txt,98,normal,0.0,1,422912,423936,train
7931,98.mat.txt,98,normal,0.0,1,423424,424448,train
7932,98.mat.txt,98,normal,0.0,1,423936,424960,train
7933,98.mat.txt,98,normal,0.0,1,424448,425472,train
7934,98.mat.txt,98,normal,0.0,1,424960,425984,train
7935,98.mat.txt,98,normal,0.0,1,425472,426496,train
7936,98.mat.txt,98,normal,0.0,1,425984,427008,train
7937,98.mat.txt,98,normal,0.0,1,426496,427520,train
7938,98.mat.txt,98,normal,0.0,1,427008,428032,train
7939,98.mat.txt,98,normal,0.0,1,427520,428544,train
7940,98.mat.txt,98,normal,0.0,1,428032,429056,train
7941,98.mat.txt,98,normal,0.0,1,428544,429568,train
7942,98.mat.txt,98,normal,0.0,1,429056,430080,train
7943,98.mat.txt,98,normal,0.0,1,429568,430592,train
7944,98.mat.txt,98,normal,0.0,1,430080,431104,train
7945,98.mat.txt,98,normal,0.0,1,430592,431616,train
7946,98.mat.txt,98,normal,0.0,1,431104,432128,train
7947,98.mat.txt,98,normal,0.0,1,431616,432640,train
7948,98.mat.txt,98,normal,0.0,1,432128,433152,train
7949,98.mat.txt,98,normal,0.0,1,432640,433664,train
7950,98.mat.txt,98,normal,0.0,1,433152,434176,train
7951,98.mat.txt,98,normal,0.0,1,433664,434688,train
7952,98.mat.txt,98,normal,0.0,1,434176,435200,train
7953,98.mat.txt,98,normal,0.0,1,434688,435712,train
7954,98.mat.txt,98,normal,0.0,1,435200,436224,train
7955,98.mat.txt,98,normal,0.0,1,435712,436736,train
7956,98.mat.txt,98,normal,0.0,1,436224,437248,train
7957,98.mat.txt,98,normal,0.0,1,436736,437760,train
7958,98.mat.txt,98,normal,0.0,1,437248,438272,train
7959,98.mat.txt,98,normal,0.0,1,437760,438784,train
7960,98.mat.txt,98,normal,0.0,1,438272,439296,train
7961,98.mat.txt,98,normal,0.0,1,438784,439808,train
7962,98.mat.txt,98,normal,0.0,1,439296,440320,train
7963,98.mat.txt,98,normal,0.0,1,439808,440832,train
7964,98.mat.txt,98,normal,0.0,1,440320,441344,train
7965,98.mat.txt,98,normal,0.0,1,440832,441856,train
7966,98.mat.txt,98,normal,0.0,1,441344,442368,train
7967,98.mat.txt,98,normal,0.0,1,441856,442880,train
7968,98.mat.txt,98,normal,0.0,1,442368,443392,train
7969,98.mat.txt,98,normal,0.0,1,442880,443904,train
7970,98.mat.txt,98,normal,0.0,1,443392,444416,train
7971,98.mat.txt,98,normal,0.0,1,443904,444928,train
7972,98.mat.txt,98,normal,0.0,1,444416,445440,train
7973,98.mat.txt,98,normal,0.0,1,444928,445952,train
7974,98.mat.txt,98,normal,0.0,1,445440,446464,train
7975,98.mat.txt,98,normal,0.0,1,445952,446976,train
7976,98.mat.txt,98,normal,0.0,1,446464,447488,train
7977,98.mat.txt,98,normal,0.0,1,446976,448000,train
7978,98.mat.txt,98,normal,0.0,1,447488,448512,train
7979,98.mat.txt,98,normal,0.0,1,448000,449024,train
7980,98.mat.txt,98,normal,0.0,1,448512,449536,train
7981,98.mat.txt,98,normal,0.0,1,449024,450048,train
7982,98.mat.txt,98,normal,0.0,1,449536,450560,train
7983,98.mat.txt,98,normal,0.0,1,450048,451072,train
7984,98.mat.txt,98,normal,0.0,1,450560,451584,train
7985,98.mat.txt,98,normal,0.0,1,451072,452096,train
7986,98.mat.txt,98,normal,0.0,1,451584,452608,train
7987,98.mat.txt,98,normal,0.0,1,452096,453120,train
7988,98.mat.txt,98,normal,0.0,1,452608,453632,train
7989,98.mat.txt,98,normal,0.0,1,453120,454144,train
7990,98.mat.txt,98,normal,0.0,1,453632,454656,train
7991,98.mat.txt,98,normal,0.0,1,454144,455168,train
7992,98.mat.txt,98,normal,0.0,1,454656,455680,train
7993,98.mat.txt,98,normal,0.0,1,455168,456192,train
7994,98.mat.txt,98,normal,0.0,1,455680,456704,train
7995,98.mat.txt,98,normal,0.0,1,456192,457216,train
7996,98.mat.txt,98,normal,0.0,1,456704,457728,train
7997,98.mat.txt,98,normal,0.0,1,457216,458240,train
7998,98.mat.txt,98,normal,0.0,1,457728,458752,train
7999,98.mat.txt,98,normal,0.0,1,458240,459264,train
8000,98.mat.txt,98,normal,0.0,1,458752,459776,train
8001,98.mat.txt,98,normal,0.0,1,459264,460288,train
8002,98.mat.txt,98,normal,0.0,1,459776,460800,train
8003,98.mat.txt,98,normal,0.0,1,460288,461312,train
8004,98.mat.txt,98,normal,0.0,1,460800,461824,train
8005,98.mat.txt,98,normal,0.0,1,461312,462336,train
8006,98.mat.txt,98,normal,0.0,1,461824,462848,train
8007,98.mat.txt,98,normal,0.0,1,462336,463360,train
8008,98.mat.txt,98,normal,0.0,1,462848,463872,train
8009,98.mat.txt,98,normal,0.0,1,463360,464384,train
8010,98.mat.txt,98,normal,0.0,1,463872,464896,train
8011,98.mat.txt,98,normal,0.0,1,464384,465408,train
8012,98.mat.txt,98,normal,0.0,1,464896,465920,train
8013,98.mat.txt,98,normal,0.0,1,465408,466432,train
8014,98.mat.txt,98,normal,0.0,1,465920,466944,train
8015,98.mat.txt,98,normal,0.0,1,466432,467456,train
8016,98.mat.txt,98,normal,0.0,1,466944,467968,train
8017,98.mat.txt,98,normal,0.0,1,467456,468480,train
8018,98.mat.txt,98,normal,0.0,1,467968,468992,train
8019,98.mat.txt,98,normal,0.0,1,468480,469504,train
8020,98.mat.txt,98,normal,0.0,1,468992,470016,train
8021,98.mat.txt,98,normal,0.0,1,469504,470528,train
8022,98.mat.txt,98,normal,0.0,1,470016,471040,train
8023,98.mat.txt,98,normal,0.0,1,470528,471552,train
8024,98.mat.txt,98,normal,0.0,1,471040,472064,train
8025,98.mat.txt,98,normal,0.0,1,471552,472576,train
8026,98.mat.txt,98,normal,0.0,1,472064,473088,train
8027,98.mat.txt,98,normal,0.0,1,472576,473600,train
8028,98.mat.txt,98,normal,0.0,1,473088,474112,train
8029,98.mat.txt,98,normal,0.0,1,473600,474624,train
8030,98.mat.txt,98,normal,0.0,1,474112,475136,train
8031,98.mat.txt,98,normal,0.0,1,474624,475648,train
8032,98.mat.txt,98,normal,0.0,1,475136,476160,train
8033,98.mat.txt,98,normal,0.0,1,475648,476672,train
8034,98.mat.txt,98,normal,0.0,1,476160,477184,train
8035,98.mat.txt,98,normal,0.0,1,476672,477696,train
8036,98.mat.txt,98,normal,0.0,1,477184,478208,train
8037,98.mat.txt,98,normal,0.0,1,477696,478720,train
8038,98.mat.txt,98,normal,0.0,1,478208,479232,train
8039,98.mat.txt,98,normal,0.0,1,478720,479744,train
8040,98.mat.txt,98,normal,0.0,1,479232,480256,train
8041,98.mat.txt,98,normal,0.0,1,479744,480768,train
8042,98.mat.txt,98,normal,0.0,1,480256,481280,train
8043,98.mat.txt,98,normal,0.0,1,480768,481792,train
8044,98.mat.txt,98,normal,0.0,1,481280,482304,train
8045,98.mat.txt,98,normal,0.0,1,481792,482816,train
8046,98.mat.txt,98,normal,0.0,1,482304,483328,train
8047,98.mat.txt,98,normal,0.0,1,482816,483840,train
8048,99.mat.txt,99,normal,0.0,2,0,1024,train
8049,99.mat.txt,99,normal,0.0,2,512,1536,train
8050,99.mat.txt,99,normal,0.0,2,1024,2048,train
8051,99.mat.txt,99,normal,0.0,2,1536,2560,train
8052,99.mat.txt,99,normal,0.0,2,2048,3072,train
8053,99.mat.txt,99,normal,0.0,2,2560,3584,train
8054,99.mat.txt,99,normal,0.0,2,3072,4096,train
8055,99.mat.txt,99,normal,0.0,2,3584,4608,train
8056,99.mat.txt,99,normal,0.0,2,4096,5120,train
8057,99.mat.txt,99,normal,0.0,2,4608,5632,train
8058,99.mat.txt,99,normal,0.0,2,5120,6144,train
8059,99.mat.txt,99,normal,0.0,2,5632,6656,train
8060,99.mat.txt,99,normal,0.0,2,6144,7168,train
8061,99.mat.txt,99,normal,0.0,2,6656,7680,train
8062,99.mat.txt,99,normal,0.0,2,7168,8192,train
8063,99.mat.txt,99,normal,0.0,2,7680,8704,train
8064,99.mat.txt,99,normal,0.0,2,8192,9216,train
8065,99.mat.txt,99,normal,0.0,2,8704,9728,train
8066,99.mat.txt,99,normal,0.0,2,9216,10240,train
8067,99.mat.txt,99,normal,0.0,2,9728,10752,train
8068,99.mat.txt,99,normal,0.0,2,10240,11264,train
8069,99.mat.txt,99,normal,0.0,2,10752,11776,train
8070,99.mat.txt,99,normal,0.0,2,11264,12288,train
8071,99.mat.txt,99,normal,0.0,2,11776,12800,train
8072,99.mat.txt,99,normal,0.0,2,12288,13312,train
8073,99.mat.txt,99,normal,0.0,2,12800,13824,train
8074,99.mat.txt,99,normal,0.0,2,13312,14336,train
8075,99.mat.txt,99,normal,0.0,2,13824,14848,train
8076,99.mat.txt,99,normal,0.0,2,14336,15360,train
8077,99.mat.txt,99,normal,0.0,2,14848,15872,train
8078,99.mat.txt,99,normal,0.0,2,15360,16384,train
8079,99.mat.txt,99,normal,0.0,2,15872,16896,train
8080,99.mat.txt,99,normal,0.0,2,16384,17408,train
8081,99.mat.txt,99,normal,0.0,2,16896,17920,train
8082,99.mat.txt,99,normal,0.0,2,17408,18432,train
8083,99.mat.txt,99,normal,0.0,2,17920,18944,train
8084,99.mat.txt,99,normal,0.0,2,18432,19456,train
8085,99.mat.txt,99,normal,0.0,2,18944,19968,train
8086,99.mat.txt,99,normal,0.0,2,19456,20480,train
8087,99.mat.txt,99,normal,0.0,2,19968,20992,train
8088,99.mat.txt,99,normal,0.0,2,20480,21504,train
8089,99.mat.txt,99,normal,0.0,2,20992,22016,train
8090,99.mat.txt,99,normal,0.0,2,21504,22528,train
8091,99.mat.txt,99,normal,0.0,2,22016,23040,train
8092,99.mat.txt,99,normal,0.0,2,22528,23552,train
8093,99.mat.txt,99,normal,0.0,2,23040,24064,train
8094,99.mat.txt,99,normal,0.0,2,23552,24576,train
8095,99.mat.txt,99,normal,0.0,2,24064,25088,train
8096,99.mat.txt,99,normal,0.0,2,24576,25600,train
8097,99.mat.txt,99,normal,0.0,2,25088,26112,train
8098,99.mat.txt,99,normal,0.0,2,25600,26624,train
8099,99.mat.txt,99,normal,0.0,2,26112,27136,train
8100,99.mat.txt,99,normal,0.0,2,26624,27648,train
8101,99.mat.txt,99,normal,0.0,2,27136,28160,train
8102,99.mat.txt,99,normal,0.0,2,27648,28672,train
8103,99.mat.txt,99,normal,0.0,2,28160,29184,train
8104,99.mat.txt,99,normal,0.0,2,28672,29696,train
8105,99.mat.txt,99,normal,0.0,2,29184,30208,train
8106,99.mat.txt,99,normal,0.0,2,29696,30720,train
8107,99.mat.txt,99,normal,0.0,2,30208,31232,train
8108,99.mat.txt,99,normal,0.0,2,30720,31744,train
8109,99.mat.txt,99,normal,0.0,2,31232,32256,train
8110,99.mat.txt,99,normal,0.0,2,31744,32768,train
8111,99.mat.txt,99,normal,0.0,2,32256,33280,train
8112,99.mat.txt,99,normal,0.0,2,32768,33792,train
8113,99.mat.txt,99,normal,0.0,2,33280,34304,train
8114,99.mat.txt,99,normal,0.0,2,33792,34816,train
8115,99.mat.txt,99,normal,0.0,2,34304,35328,train
8116,99.mat.txt,99,normal,0.0,2,34816,35840,train
8117,99.mat.txt,99,normal,0.0,2,35328,36352,train
8118,99.mat.txt,99,normal,0.0,2,35840,36864,train
8119,99.mat.txt,99,normal,0.0,2,36352,37376,train
8120,99.mat.txt,99,normal,0.0,2,36864,37888,train
8121,99.mat.txt,99,normal,0.0,2,37376,38400,train
8122,99.mat.txt,99,normal,0.0,2,37888,38912,train
8123,99.mat.txt,99,normal,0.0,2,38400,39424,train
8124,99.mat.txt,99,normal,0.0,2,38912,39936,train
8125,99.mat.txt,99,normal,0.0,2,39424,40448,train
8126,99.mat.txt,99,normal,0.0,2,39936,40960,train
8127,99.mat.txt,99,normal,0.0,2,40448,41472,train
8128,99.mat.txt,99,normal,0.0,2,40960,41984,train
8129,99.mat.txt,99,normal,0.0,2,41472,42496,train
8130,99.mat.txt,99,normal,0.0,2,41984,43008,train
8131,99.mat.txt,99,normal,0.0,2,42496,43520,train
8132,99.mat.txt,99,normal,0.0,2,43008,44032,train
8133,99.mat.txt,99,normal,0.0,2,43520,44544,train
8134,99.mat.txt,99,normal,0.0,2,44032,45056,train
8135,99.mat.txt,99,normal,0.0,2,44544,45568,train
8136,99.mat.txt,99,normal,0.0,2,45056,46080,train
8137,99.mat.txt,99,normal,0.0,2,45568,46592,train
8138,99.mat.txt,99,normal,0.0,2,46080,47104,train
8139,99.mat.txt,99,normal,0.0,2,46592,47616,train
8140,99.mat.txt,99,normal,0.0,2,47104,48128,train
8141,99.mat.txt,99,normal,0.0,2,47616,48640,train
8142,99.mat.txt,99,normal,0.0,2,48128,49152,train
8143,99.mat.txt,99,normal,0.0,2,48640,49664,train
8144,99.mat.txt,99,normal,0.0,2,49152,50176,train
8145,99.mat.txt,99,normal,0.0,2,49664,50688,train
8146,99.mat.txt,99,normal,0.0,2,50176,51200,train
8147,99.mat.txt,99,normal,0.0,2,50688,51712,train
8148,99.mat.txt,99,normal,0.0,2,51200,52224,train
8149,99.mat.txt,99,normal,0.0,2,51712,52736,train
8150,99.mat.txt,99,normal,0.0,2,52224,53248,train
8151,99.mat.txt,99,normal,0.0,2,52736,53760,train
8152,99.mat.txt,99,normal,0.0,2,53248,54272,train
8153,99.mat.txt,99,normal,0.0,2,53760,54784,train
8154,99.mat.txt,99,normal,0.0,2,54272,55296,train
8155,99.mat.txt,99,normal,0.0,2,54784,55808,train
8156,99.mat.txt,99,normal,0.0,2,55296,56320,train
8157,99.mat.txt,99,normal,0.0,2,55808,56832,train
8158,99.mat.txt,99,normal,0.0,2,56320,57344,train
8159,99.mat.txt,99,normal,0.0,2,56832,57856,train
8160,99.mat.txt,99,normal,0.0,2,57344,58368,train
8161,99.mat.txt,99,normal,0.0,2,57856,58880,train
8162,99.mat.txt,99,normal,0.0,2,58368,59392,train
8163,99.mat.txt,99,normal,0.0,2,58880,59904,train
8164,99.mat.txt,99,normal,0.0,2,59392,60416,train
8165,99.mat.txt,99,normal,0.0,2,59904,60928,train
8166,99.mat.txt,99,normal,0.0,2,60416,61440,train
8167,99.mat.txt,99,normal,0.0,2,60928,61952,train
8168,99.mat.txt,99,normal,0.0,2,61440,62464,train
8169,99.mat.txt,99,normal,0.0,2,61952,62976,train
8170,99.mat.txt,99,normal,0.0,2,62464,63488,train
8171,99.mat.txt,99,normal,0.0,2,62976,64000,train
8172,99.mat.txt,99,normal,0.0,2,63488,64512,train
8173,99.mat.txt,99,normal,0.0,2,64000,65024,train
8174,99.mat.txt,99,normal,0.0,2,64512,65536,train
8175,99.mat.txt,99,normal,0.0,2,65024,66048,train
8176,99.mat.txt,99,normal,0.0,2,65536,66560,train
8177,99.mat.txt,99,normal,0.0,2,66048,67072,train
8178,99.mat.txt,99,normal,0.0,2,66560,67584,train
8179,99.mat.txt,99,normal,0.0,2,67072,68096,train
8180,99.mat.txt,99,normal,0.0,2,67584,68608,train
8181,99.mat.txt,99,normal,0.0,2,68096,69120,train
8182,99.mat.txt,99,normal,0.0,2,68608,69632,train
8183,99.mat.txt,99,normal,0.0,2,69120,70144,train
8184,99.mat.txt,99,normal,0.0,2,69632,70656,train
8185,99.mat.txt,99,normal,0.0,2,70144,71168,train
8186,99.mat.txt,99,normal,0.0,2,70656,71680,train
8187,99.mat.txt,99,normal,0.0,2,71168,72192,train
8188,99.mat.txt,99,normal,0.0,2,71680,72704,train
8189,99.mat.txt,99,normal,0.0,2,72192,73216,train
8190,99.mat.txt,99,normal,0.0,2,72704,73728,train
8191,99.mat.txt,99,normal,0.0,2,73216,74240,train
8192,99.mat.txt,99,normal,0.0,2,73728,74752,train
8193,99.mat.txt,99,normal,0.0,2,74240,75264,train
8194,99.mat.txt,99,normal,0.0,2,74752,75776,train
8195,99.mat.txt,99,normal,0.0,2,75264,76288,train
8196,99.mat.txt,99,normal,0.0,2,75776,76800,train
8197,99.mat.txt,99,normal,0.0,2,76288,77312,train
8198,99.mat.txt,99,normal,0.0,2,76800,77824,train
8199,99.mat.txt,99,normal,0.0,2,77312,78336,train
8200,99.mat.txt,99,normal,0.0,2,77824,78848,train
8201,99.mat.txt,99,normal,0.0,2,78336,79360,train
8202,99.mat.txt,99,normal,0.0,2,78848,79872,train
8203,99.mat.txt,99,normal,0.0,2,79360,80384,train
8204,99.mat.txt,99,normal,0.0,2,79872,80896,train
8205,99.mat.txt,99,normal,0.0,2,80384,81408,train
8206,99.mat.txt,99,normal,0.0,2,80896,81920,train
8207,99.mat.txt,99,normal,0.0,2,81408,82432,train
8208,99.mat.txt,99,normal,0.0,2,81920,82944,train
8209,99.mat.txt,99,normal,0.0,2,82432,83456,train
8210,99.mat.txt,99,normal,0.0,2,82944,83968,train
8211,99.mat.txt,99,normal,0.0,2,83456,84480,train
8212,99.mat.txt,99,normal,0.0,2,83968,84992,train
8213,99.mat.txt,99,normal,0.0,2,84480,85504,train
8214,99.mat.txt,99,normal,0.0,2,84992,86016,train
8215,99.mat.txt,99,normal,0.0,2,85504,86528,train
8216,99.mat.txt,99,normal,0.0,2,86016,87040,train
8217,99.mat.txt,99,normal,0.0,2,86528,87552,train
8218,99.mat.txt,99,normal,0.0,2,87040,88064,train
8219,99.mat.txt,99,normal,0.0,2,87552,88576,train
8220,99.mat.txt,99,normal,0.0,2,88064,89088,train
8221,99.mat.txt,99,normal,0.0,2,88576,89600,train
8222,99.mat.txt,99,normal,0.0,2,89088,90112,train
8223,99.mat.txt,99,normal,0.0,2,89600,90624,train
8224,99.mat.txt,99,normal,0.0,2,90112,91136,train
8225,99.mat.txt,99,normal,0.0,2,90624,91648,train
8226,99.mat.txt,99,normal,0.0,2,91136,92160,train
8227,99.mat.txt,99,normal,0.0,2,91648,92672,train
8228,99.mat.txt,99,normal,0.0,2,92160,93184,train
8229,99.mat.txt,99,normal,0.0,2,92672,93696,train
8230,99.mat.txt,99,normal,0.0,2,93184,94208,train
8231,99.mat.txt,99,normal,0.0,2,93696,94720,train
8232,99.mat.txt,99,normal,0.0,2,94208,95232,train
8233,99.mat.txt,99,normal,0.0,2,94720,95744,train
8234,99.mat.txt,99,normal,0.0,2,95232,96256,train
8235,99.mat.txt,99,normal,0.0,2,95744,96768,train
8236,99.mat.txt,99,normal,0.0,2,96256,97280,train
8237,99.mat.txt,99,normal,0.0,2,96768,97792,train
8238,99.mat.txt,99,normal,0.0,2,97280,98304,train
8239,99.mat.txt,99,normal,0.0,2,97792,98816,train
8240,99.mat.txt,99,normal,0.0,2,98304,99328,train
8241,99.mat.txt,99,normal,0.0,2,98816,99840,train
8242,99.mat.txt,99,normal,0.0,2,99328,100352,train
8243,99.mat.txt,99,normal,0.0,2,99840,100864,train
8244,99.mat.txt,99,normal,0.0,2,100352,101376,train
8245,99.mat.txt,99,normal,0.0,2,100864,101888,train
8246,99.mat.txt,99,normal,0.0,2,101376,102400,train
8247,99.mat.txt,99,normal,0.0,2,101888,102912,train
8248,99.mat.txt,99,normal,0.0,2,102400,103424,train
8249,99.mat.txt,99,normal,0.0,2,102912,103936,train
8250,99.mat.txt,99,normal,0.0,2,103424,104448,train
8251,99.mat.txt,99,normal,0.0,2,103936,104960,train
8252,99.mat.txt,99,normal,0.0,2,104448,105472,train
8253,99.mat.txt,99,normal,0.0,2,104960,105984,train
8254,99.mat.txt,99,normal,0.0,2,105472,106496,train
8255,99.mat.txt,99,normal,0.0,2,105984,107008,train
8256,99.mat.txt,99,normal,0.0,2,106496,107520,train
8257,99.mat.txt,99,normal,0.0,2,107008,108032,train
8258,99.mat.txt,99,normal,0.0,2,107520,108544,train
8259,99.mat.txt,99,normal,0.0,2,108032,109056,train
8260,99.mat.txt,99,normal,0.0,2,108544,109568,train
8261,99.mat.txt,99,normal,0.0,2,109056,110080,train
8262,99.mat.txt,99,normal,0.0,2,109568,110592,train
8263,99.mat.txt,99,normal,0.0,2,110080,111104,train
8264,99.mat.txt,99,normal,0.0,2,110592,111616,train
8265,99.mat.txt,99,normal,0.0,2,111104,112128,train
8266,99.mat.txt,99,normal,0.0,2,111616,112640,train
8267,99.mat.txt,99,normal,0.0,2,112128,113152,train
8268,99.mat.txt,99,normal,0.0,2,112640,113664,train
8269,99.mat.txt,99,normal,0.0,2,113152,114176,train
8270,99.mat.txt,99,normal,0.0,2,113664,114688,train
8271,99.mat.txt,99,normal,0.0,2,114176,115200,train
8272,99.mat.txt,99,normal,0.0,2,114688,115712,train
8273,99.mat.txt,99,normal,0.0,2,115200,116224,train
8274,99.mat.txt,99,normal,0.0,2,115712,116736,train
8275,99.mat.txt,99,normal,0.0,2,116224,117248,train
8276,99.mat.txt,99,normal,0.0,2,116736,117760,train
8277,99.mat.txt,99,normal,0.0,2,117248,118272,train
8278,99.mat.txt,99,normal,0.0,2,117760,118784,train
8279,99.mat.txt,99,normal,0.0,2,118272,119296,train
8280,99.mat.txt,99,normal,0.0,2,118784,119808,train
8281,99.mat.txt,99,normal,0.0,2,119296,120320,train
8282,99.mat.txt,99,normal,0.0,2,119808,120832,train
8283,99.mat.txt,99,normal,0.0,2,120320,121344,train
8284,99.mat.txt,99,normal,0.0,2,120832,121856,train
8285,99.mat.txt,99,normal,0.0,2,121344,122368,train
8286,99.mat.txt,99,normal,0.0,2,121856,122880,train
8287,99.mat.txt,99,normal,0.0,2,122368,123392,train
8288,99.mat.txt,99,normal,0.0,2,122880,123904,train
8289,99.mat.txt,99,normal,0.0,2,123392,124416,train
8290,99.mat.txt,99,normal,0.0,2,123904,124928,train
8291,99.mat.txt,99,normal,0.0,2,124416,125440,train
8292,99.mat.txt,99,normal,0.0,2,124928,125952,train
8293,99.mat.txt,99,normal,0.0,2,125440,126464,train
8294,99.mat.txt,99,normal,0.0,2,125952,126976,train
8295,99.mat.txt,99,normal,0.0,2,126464,127488,train
8296,99.mat.txt,99,normal,0.0,2,126976,128000,train
8297,99.mat.txt,99,normal,0.0,2,127488,128512,train
8298,99.mat.txt,99,normal,0.0,2,128000,129024,train
8299,99.mat.txt,99,normal,0.0,2,128512,129536,train
8300,99.mat.txt,99,normal,0.0,2,129024,130048,train
8301,99.mat.txt,99,normal,0.0,2,129536,130560,train
8302,99.mat.txt,99,normal,0.0,2,130048,131072,train
8303,99.mat.txt,99,normal,0.0,2,130560,131584,train
8304,99.mat.txt,99,normal,0.0,2,131072,132096,train
8305,99.mat.txt,99,normal,0.0,2,131584,132608,train
8306,99.mat.txt,99,normal,0.0,2,132096,133120,train
8307,99.mat.txt,99,normal,0.0,2,132608,133632,train
8308,99.mat.txt,99,normal,0.0,2,133120,134144,train
8309,99.mat.txt,99,normal,0.0,2,133632,134656,train
8310,99.mat.txt,99,normal,0.0,2,134144,135168,train
8311,99.mat.txt,99,normal,0.0,2,134656,135680,train
8312,99.mat.txt,99,normal,0.0,2,135168,136192,train
8313,99.mat.txt,99,normal,0.0,2,135680,136704,train
8314,99.mat.txt,99,normal,0.0,2,136192,137216,train
8315,99.mat.txt,99,normal,0.0,2,136704,137728,train
8316,99.mat.txt,99,normal,0.0,2,137216,138240,train
8317,99.mat.txt,99,normal,0.0,2,137728,138752,train
8318,99.mat.txt,99,normal,0.0,2,138240,139264,train
8319,99.mat.txt,99,normal,0.0,2,138752,139776,train
8320,99.mat.txt,99,normal,0.0,2,139264,140288,train
8321,99.mat.txt,99,normal,0.0,2,139776,140800,train
8322,99.mat.txt,99,normal,0.0,2,140288,141312,train
8323,99.mat.txt,99,normal,0.0,2,140800,141824,train
8324,99.mat.txt,99,normal,0.0,2,141312,142336,train
8325,99.mat.txt,99,normal,0.0,2,141824,142848,train
8326,99.mat.txt,99,normal,0.0,2,142336,143360,train
8327,99.mat.txt,99,normal,0.0,2,142848,143872,train
8328,99.mat.txt,99,normal,0.0,2,143360,144384,train
8329,99.mat.txt,99,normal,0.0,2,143872,144896,train
8330,99.mat.txt,99,normal,0.0,2,144384,145408,train
8331,99.mat.txt,99,normal,0.0,2,144896,145920,train
8332,99.mat.txt,99,normal,0.0,2,145408,146432,train
8333,99.mat.txt,99,normal,0.0,2,145920,146944,train
8334,99.mat.txt,99,normal,0.0,2,146432,147456,train
8335,99.mat.txt,99,normal,0.0,2,146944,147968,train
8336,99.mat.txt,99,normal,0.0,2,147456,148480,train
8337,99.mat.txt,99,normal,0.0,2,147968,148992,train
8338,99.mat.txt,99,normal,0.0,2,148480,149504,train
8339,99.mat.txt,99,normal,0.0,2,148992,150016,train
8340,99.mat.txt,99,normal,0.0,2,149504,150528,train
8341,99.mat.txt,99,normal,0.0,2,150016,151040,train
8342,99.mat.txt,99,normal,0.0,2,150528,151552,train
8343,99.mat.txt,99,normal,0.0,2,151040,152064,train
8344,99.mat.txt,99,normal,0.0,2,151552,152576,train
8345,99.mat.txt,99,normal,0.0,2,152064,153088,train
8346,99.mat.txt,99,normal,0.0,2,152576,153600,train
8347,99.mat.txt,99,normal,0.0,2,153088,154112,train
8348,99.mat.txt,99,normal,0.0,2,153600,154624,train
8349,99.mat.txt,99,normal,0.0,2,154112,155136,train
8350,99.mat.txt,99,normal,0.0,2,154624,155648,train
8351,99.mat.txt,99,normal,0.0,2,155136,156160,train
8352,99.mat.txt,99,normal,0.0,2,155648,156672,train
8353,99.mat.txt,99,normal,0.0,2,156160,157184,train
8354,99.mat.txt,99,normal,0.0,2,156672,157696,train
8355,99.mat.txt,99,normal,0.0,2,157184,158208,train
8356,99.mat.txt,99,normal,0.0,2,157696,158720,train
8357,99.mat.txt,99,normal,0.0,2,158208,159232,train
8358,99.mat.txt,99,normal,0.0,2,158720,159744,train
8359,99.mat.txt,99,normal,0.0,2,159232,160256,train
8360,99.mat.txt,99,normal,0.0,2,159744,160768,train
8361,99.mat.txt,99,normal,0.0,2,160256,161280,train
8362,99.mat.txt,99,normal,0.0,2,160768,161792,train
8363,99.mat.txt,99,normal,0.0,2,161280,162304,train
8364,99.mat.txt,99,normal,0.0,2,161792,162816,train
8365,99.mat.txt,99,normal,0.0,2,162304,163328,train
8366,99.mat.txt,99,normal,0.0,2,162816,163840,train
8367,99.mat.txt,99,normal,0.0,2,163328,164352,train
8368,99.mat.txt,99,normal,0.0,2,163840,164864,train
8369,99.mat.txt,99,normal,0.0,2,164352,165376,train
8370,99.mat.txt,99,normal,0.0,2,164864,165888,train
8371,99.mat.txt,99,normal,0.0,2,165376,166400,train
8372,99.mat.txt,99,normal,0.0,2,165888,166912,train
8373,99.mat.txt,99,normal,0.0,2,166400,167424,train
8374,99.mat.txt,99,normal,0.0,2,166912,167936,train
8375,99.mat.txt,99,normal,0.0,2,167424,168448,train
8376,99.mat.txt,99,normal,0.0,2,167936,168960,train
8377,99.mat.txt,99,normal,0.0,2,168448,169472,train
8378,99.mat.txt,99,normal,0.0,2,168960,169984,train
8379,99.mat.txt,99,normal,0.0,2,169472,170496,train
8380,99.mat.txt,99,normal,0.0,2,169984,171008,train
8381,99.mat.txt,99,normal,0.0,2,170496,171520,train
8382,99.mat.txt,99,normal,0.0,2,171008,172032,train
8383,99.mat.txt,99,normal,0.0,2,171520,172544,train
8384,99.mat.txt,99,normal,0.0,2,172032,173056,train
8385,99.mat.txt,99,normal,0.0,2,172544,173568,train
8386,99.mat.txt,99,normal,0.0,2,173056,174080,train
8387,99.mat.txt,99,normal,0.0,2,173568,174592,train
8388,99.mat.txt,99,normal,0.0,2,174080,175104,train
8389,99.mat.txt,99,normal,0.0,2,174592,175616,train
8390,99.mat.txt,99,normal,0.0,2,175104,176128,train
8391,99.mat.txt,99,normal,0.0,2,175616,176640,train
8392,99.mat.txt,99,normal,0.0,2,176128,177152,train
8393,99.mat.txt,99,normal,0.0,2,176640,177664,train
8394,99.mat.txt,99,normal,0.0,2,177152,178176,train
8395,99.mat.txt,99,normal,0.0,2,177664,178688,train
8396,99.mat.txt,99,normal,0.0,2,178176,179200,train
8397,99.mat.txt,99,normal,0.0,2,178688,179712,train
8398,99.mat.txt,99,normal,0.0,2,179200,180224,train
8399,99.mat.txt,99,normal,0.0,2,179712,180736,train
8400,99.mat.txt,99,normal,0.0,2,180224,181248,train
8401,99.mat.txt,99,normal,0.0,2,180736,181760,train
8402,99.mat.txt,99,normal,0.0,2,181248,182272,train
8403,99.mat.txt,99,normal,0.0,2,181760,182784,train
8404,99.mat.txt,99,normal,0.0,2,182272,183296,train
8405,99.mat.txt,99,normal,0.0,2,182784,183808,train
8406,99.mat.txt,99,normal,0.0,2,183296,184320,train
8407,99.mat.txt,99,normal,0.0,2,183808,184832,train
8408,99.mat.txt,99,normal,0.0,2,184320,185344,train
8409,99.mat.txt,99,normal,0.0,2,184832,185856,train
8410,99.mat.txt,99,normal,0.0,2,185344,186368,train
8411,99.mat.txt,99,normal,0.0,2,185856,186880,train
8412,99.mat.txt,99,normal,0.0,2,186368,187392,train
8413,99.mat.txt,99,normal,0.0,2,186880,187904,train
8414,99.mat.txt,99,normal,0.0,2,187392,188416,train
8415,99.mat.txt,99,normal,0.0,2,187904,188928,train
8416,99.mat.txt,99,normal,0.0,2,188416,189440,train
8417,99.mat.txt,99,normal,0.0,2,188928,189952,train
8418,99.mat.txt,99,normal,0.0,2,189440,190464,train
8419,99.mat.txt,99,normal,0.0,2,189952,190976,train
8420,99.mat.txt,99,normal,0.0,2,190464,191488,train
8421,99.mat.txt,99,normal,0.0,2,190976,192000,train
8422,99.mat.txt,99,normal,0.0,2,191488,192512,train
8423,99.mat.txt,99,normal,0.0,2,192000,193024,train
8424,99.mat.txt,99,normal,0.0,2,192512,193536,train
8425,99.mat.txt,99,normal,0.0,2,193024,194048,train
8426,99.mat.txt,99,normal,0.0,2,193536,194560,train
8427,99.mat.txt,99,normal,0.0,2,194048,195072,train
8428,99.mat.txt,99,normal,0.0,2,194560,195584,train
8429,99.mat.txt,99,normal,0.0,2,195072,196096,train
8430,99.mat.txt,99,normal,0.0,2,195584,196608,train
8431,99.mat.txt,99,normal,0.0,2,196096,197120,train
8432,99.mat.txt,99,normal,0.0,2,196608,197632,train
8433,99.mat.txt,99,normal,0.0,2,197120,198144,train
8434,99.mat.txt,99,normal,0.0,2,197632,198656,train
8435,99.mat.txt,99,normal,0.0,2,198144,199168,train
8436,99.mat.txt,99,normal,0.0,2,198656,199680,train
8437,99.mat.txt,99,normal,0.0,2,199168,200192,train
8438,99.mat.txt,99,normal,0.0,2,199680,200704,train
8439,99.mat.txt,99,normal,0.0,2,200192,201216,train
8440,99.mat.txt,99,normal,0.0,2,200704,201728,train
8441,99.mat.txt,99,normal,0.0,2,201216,202240,train
8442,99.mat.txt,99,normal,0.0,2,201728,202752,train
8443,99.mat.txt,99,normal,0.0,2,202240,203264,train
8444,99.mat.txt,99,normal,0.0,2,202752,203776,train
8445,99.mat.txt,99,normal,0.0,2,203264,204288,train
8446,99.mat.txt,99,normal,0.0,2,203776,204800,train
8447,99.mat.txt,99,normal,0.0,2,204288,205312,train
8448,99.mat.txt,99,normal,0.0,2,204800,205824,train
8449,99.mat.txt,99,normal,0.0,2,205312,206336,train
8450,99.mat.txt,99,normal,0.0,2,205824,206848,train
8451,99.mat.txt,99,normal,0.0,2,206336,207360,train
8452,99.mat.txt,99,normal,0.0,2,206848,207872,train
8453,99.mat.txt,99,normal,0.0,2,207360,208384,train
8454,99.mat.txt,99,normal,0.0,2,207872,208896,train
8455,99.mat.txt,99,normal,0.0,2,208384,209408,train
8456,99.mat.txt,99,normal,0.0,2,208896,209920,train
8457,99.mat.txt,99,normal,0.0,2,209408,210432,train
8458,99.mat.txt,99,normal,0.0,2,209920,210944,train
8459,99.mat.txt,99,normal,0.0,2,210432,211456,train
8460,99.mat.txt,99,normal,0.0,2,210944,211968,train
8461,99.mat.txt,99,normal,0.0,2,211456,212480,train
8462,99.mat.txt,99,normal,0.0,2,211968,212992,train
8463,99.mat.txt,99,normal,0.0,2,212480,213504,train
8464,99.mat.txt,99,normal,0.0,2,212992,214016,train
8465,99.mat.txt,99,normal,0.0,2,213504,214528,train
8466,99.mat.txt,99,normal,0.0,2,214016,215040,train
8467,99.mat.txt,99,normal,0.0,2,214528,215552,train
8468,99.mat.txt,99,normal,0.0,2,215040,216064,train
8469,99.mat.txt,99,normal,0.0,2,215552,216576,train
8470,99.mat.txt,99,normal,0.0,2,216064,217088,train
8471,99.mat.txt,99,normal,0.0,2,216576,217600,train
8472,99.mat.txt,99,normal,0.0,2,217088,218112,train
8473,99.mat.txt,99,normal,0.0,2,217600,218624,train
8474,99.mat.txt,99,normal,0.0,2,218112,219136,train
8475,99.mat.txt,99,normal,0.0,2,218624,219648,train
8476,99.mat.txt,99,normal,0.0,2,219136,220160,train
8477,99.mat.txt,99,normal,0.0,2,219648,220672,train
8478,99.mat.txt,99,normal,0.0,2,220160,221184,train
8479,99.mat.txt,99,normal,0.0,2,220672,221696,train
8480,99.mat.txt,99,normal,0.0,2,221184,222208,train
8481,99.mat.txt,99,normal,0.0,2,221696,222720,train
8482,99.mat.txt,99,normal,0.0,2,222208,223232,train
8483,99.mat.txt,99,normal,0.0,2,222720,223744,train
8484,99.mat.txt,99,normal,0.0,2,223232,224256,train
8485,99.mat.txt,99,normal,0.0,2,223744,224768,train
8486,99.mat.txt,99,normal,0.0,2,224256,225280,train
8487,99.mat.txt,99,normal,0.0,2,224768,225792,train
8488,99.mat.txt,99,normal,0.0,2,225280,226304,train
8489,99.mat.txt,99,normal,0.0,2,225792,226816,train
8490,99.mat.txt,99,normal,0.0,2,226304,227328,train
8491,99.mat.txt,99,normal,0.0,2,226816,227840,train
8492,99.mat.txt,99,normal,0.0,2,227328,228352,train
8493,99.mat.txt,99,normal,0.0,2,227840,228864,train
8494,99.mat.txt,99,normal,0.0,2,228352,229376,train
8495,99.mat.txt,99,normal,0.0,2,228864,229888,train
8496,99.mat.txt,99,normal,0.0,2,229376,230400,train
8497,99.mat.txt,99,normal,0.0,2,229888,230912,train
8498,99.mat.txt,99,normal,0.0,2,230400,231424,train
8499,99.mat.txt,99,normal,0.0,2,230912,231936,train
8500,99.mat.txt,99,normal,0.0,2,231424,232448,train
8501,99.mat.txt,99,normal,0.0,2,231936,232960,train
8502,99.mat.txt,99,normal,0.0,2,232448,233472,train
8503,99.mat.txt,99,normal,0.0,2,232960,233984,train
8504,99.mat.txt,99,normal,0.0,2,233472,234496,train
8505,99.mat.txt,99,normal,0.0,2,233984,235008,train
8506,99.mat.txt,99,normal,0.0,2,234496,235520,train
8507,99.mat.txt,99,normal,0.0,2,235008,236032,train
8508,99.mat.txt,99,normal,0.0,2,235520,236544,train
8509,99.mat.txt,99,normal,0.0,2,236032,237056,train
8510,99.mat.txt,99,normal,0.0,2,236544,237568,train
8511,99.mat.txt,99,normal,0.0,2,237056,238080,train
8512,99.mat.txt,99,normal,0.0,2,237568,238592,train
8513,99.mat.txt,99,normal,0.0,2,238080,239104,train
8514,99.mat.txt,99,normal,0.0,2,238592,239616,train
8515,99.mat.txt,99,normal,0.0,2,239104,240128,train
8516,99.mat.txt,99,normal,0.0,2,239616,240640,train
8517,99.mat.txt,99,normal,0.0,2,240128,241152,train
8518,99.mat.txt,99,normal,0.0,2,240640,241664,train
8519,99.mat.txt,99,normal,0.0,2,241152,242176,train
8520,99.mat.txt,99,normal,0.0,2,241664,242688,train
8521,99.mat.txt,99,normal,0.0,2,242176,243200,train
8522,99.mat.txt,99,normal,0.0,2,242688,243712,train
8523,99.mat.txt,99,normal,0.0,2,243200,244224,train
8524,99.mat.txt,99,normal,0.0,2,243712,244736,train
8525,99.mat.txt,99,normal,0.0,2,244224,245248,train
8526,99.mat.txt,99,normal,0.0,2,244736,245760,train
8527,99.mat.txt,99,normal,0.0,2,245248,246272,train
8528,99.mat.txt,99,normal,0.0,2,245760,246784,train
8529,99.mat.txt,99,normal,0.0,2,246272,247296,train
8530,99.mat.txt,99,normal,0.0,2,246784,247808,train
8531,99.mat.txt,99,normal,0.0,2,247296,248320,train
8532,99.mat.txt,99,normal,0.0,2,247808,248832,train
8533,99.mat.txt,99,normal,0.0,2,248320,249344,train
8534,99.mat.txt,99,normal,0.0,2,248832,249856,train
8535,99.mat.txt,99,normal,0.0,2,249344,250368,train
8536,99.mat.txt,99,normal,0.0,2,249856,250880,train
8537,99.mat.txt,99,normal,0.0,2,250368,251392,train
8538,99.mat.txt,99,normal,0.0,2,250880,251904,train
8539,99.mat.txt,99,normal,0.0,2,251392,252416,train
8540,99.mat.txt,99,normal,0.0,2,251904,252928,train
8541,99.mat.txt,99,normal,0.0,2,252416,253440,train
8542,99.mat.txt,99,normal,0.0,2,252928,253952,train
8543,99.mat.txt,99,normal,0.0,2,253440,254464,train
8544,99.mat.txt,99,normal,0.0,2,253952,254976,train
8545,99.mat.txt,99,normal,0.0,2,254464,255488,train
8546,99.mat.txt,99,normal,0.0,2,254976,256000,train
8547,99.mat.txt,99,normal,0.0,2,255488,256512,train
8548,99.mat.txt,99,normal,0.0,2,256000,257024,train
8549,99.mat.txt,99,normal,0.0,2,256512,257536,train
8550,99.mat.txt,99,normal,0.0,2,257024,258048,train
8551,99.mat.txt,99,normal,0.0,2,257536,258560,train
8552,99.mat.txt,99,normal,0.0,2,258048,259072,train
8553,99.mat.txt,99,normal,0.0,2,258560,259584,train
8554,99.mat.txt,99,normal,0.0,2,259072,260096,train
8555,99.mat.txt,99,normal,0.0,2,259584,260608,train
8556,99.mat.txt,99,normal,0.0,2,260096,261120,train
8557,99.mat.txt,99,normal,0.0,2,260608,261632,train
8558,99.mat.txt,99,normal,0.0,2,261120,262144,train
8559,99.mat.txt,99,normal,0.0,2,261632,262656,train
8560,99.mat.txt,99,normal,0.0,2,262144,263168,train
8561,99.mat.txt,99,normal,0.0,2,262656,263680,train
8562,99.mat.txt,99,normal,0.0,2,263168,264192,train
8563,99.mat.txt,99,normal,0.0,2,263680,264704,train
8564,99.mat.txt,99,normal,0.0,2,264192,265216,train
8565,99.mat.txt,99,normal,0.0,2,264704,265728,train
8566,99.mat.txt,99,normal,0.0,2,265216,266240,train
8567,99.mat.txt,99,normal,0.0,2,265728,266752,train
8568,99.mat.txt,99,normal,0.0,2,266240,267264,train
8569,99.mat.txt,99,normal,0.0,2,266752,267776,train
8570,99.mat.txt,99,normal,0.0,2,267264,268288,train
8571,99.mat.txt,99,normal,0.0,2,267776,268800,train
8572,99.mat.txt,99,normal,0.0,2,268288,269312,train
8573,99.mat.txt,99,normal,0.0,2,268800,269824,train
8574,99.mat.txt,99,normal,0.0,2,269312,270336,train
8575,99.mat.txt,99,normal,0.0,2,269824,270848,train
8576,99.mat.txt,99,normal,0.0,2,270336,271360,train
8577,99.mat.txt,99,normal,0.0,2,270848,271872,train
8578,99.mat.txt,99,normal,0.0,2,271360,272384,train
8579,99.mat.txt,99,normal,0.0,2,271872,272896,train
8580,99.mat.txt,99,normal,0.0,2,272384,273408,train
8581,99.mat.txt,99,normal,0.0,2,272896,273920,train
8582,99.mat.txt,99,normal,0.0,2,273408,274432,train
8583,99.mat.txt,99,normal,0.0,2,273920,274944,train
8584,99.mat.txt,99,normal,0.0,2,274432,275456,train
8585,99.mat.txt,99,normal,0.0,2,274944,275968,train
8586,99.mat.txt,99,normal,0.0,2,275456,276480,train
8587,99.mat.txt,99,normal,0.0,2,275968,276992,train
8588,99.mat.txt,99,normal,0.0,2,276480,277504,train
8589,99.mat.txt,99,normal,0.0,2,276992,278016,train
8590,99.mat.txt,99,normal,0.0,2,277504,278528,train
8591,99.mat.txt,99,normal,0.0,2,278016,279040,train
8592,99.mat.txt,99,normal,0.0,2,278528,279552,train
8593,99.mat.txt,99,normal,0.0,2,279040,280064,train
8594,99.mat.txt,99,normal,0.0,2,279552,280576,train
8595,99.mat.txt,99,normal,0.0,2,280064,281088,train
8596,99.mat.txt,99,normal,0.0,2,280576,281600,train
8597,99.mat.txt,99,normal,0.0,2,281088,282112,train
8598,99.mat.txt,99,normal,0.0,2,281600,282624,train
8599,99.mat.txt,99,normal,0.0,2,282112,283136,train
8600,99.mat.txt,99,normal,0.0,2,282624,283648,train
8601,99.mat.txt,99,normal,0.0,2,283136,284160,train
8602,99.mat.txt,99,normal,0.0,2,283648,284672,train
8603,99.mat.txt,99,normal,0.0,2,284160,285184,train
8604,99.mat.txt,99,normal,0.0,2,284672,285696,train
8605,99.mat.txt,99,normal,0.0,2,285184,286208,train
8606,99.mat.txt,99,normal,0.0,2,285696,286720,train
8607,99.mat.txt,99,normal,0.0,2,286208,287232,train
8608,99.mat.txt,99,normal,0.0,2,286720,287744,train
8609,99.mat.txt,99,normal,0.0,2,287232,288256,train
8610,99.mat.txt,99,normal,0.0,2,287744,288768,train
8611,99.mat.txt,99,normal,0.0,2,288256,289280,train
8612,99.mat.txt,99,normal,0.0,2,288768,289792,train
8613,99.mat.txt,99,normal,0.0,2,289280,290304,train
8614,99.mat.txt,99,normal,0.0,2,289792,290816,train
8615,99.mat.txt,99,normal,0.0,2,290304,291328,train
8616,99.mat.txt,99,normal,0.0,2,290816,291840,train
8617,99.mat.txt,99,normal,0.0,2,291328,292352,train
8618,99.mat.txt,99,normal,0.0,2,291840,292864,train
8619,99.mat.txt,99,normal,0.0,2,292352,293376,train
8620,99.mat.txt,99,normal,0.0,2,292864,293888,train
8621,99.mat.txt,99,normal,0.0,2,293376,294400,train
8622,99.mat.txt,99,normal,0.0,2,293888,294912,train
8623,99.mat.txt,99,normal,0.0,2,294400,295424,train
8624,99.mat.txt,99,normal,0.0,2,294912,295936,train
8625,99.mat.txt,99,normal,0.0,2,295424,296448,train
8626,99.mat.txt,99,normal,0.0,2,295936,296960,train
8627,99.mat.txt,99,normal,0.0,2,296448,297472,train
8628,99.mat.txt,99,normal,0.0,2,296960,297984,train
8629,99.mat.txt,99,normal,0.0,2,297472,298496,train
8630,99.mat.txt,99,normal,0.0,2,297984,299008,train
8631,99.mat.txt,99,normal,0.0,2,298496,299520,train
8632,99.mat.txt,99,normal,0.0,2,299008,300032,train
8633,99.mat.txt,99,normal,0.0,2,299520,300544,train
8634,99.mat.txt,99,normal,0.0,2,300032,301056,train
8635,99.mat.txt,99,normal,0.0,2,300544,301568,train
8636,99.mat.txt,99,normal,0.0,2,301056,302080,train
8637,99.mat.txt,99,normal,0.0,2,301568,302592,train
8638,99.mat.txt,99,normal,0.0,2,302080,303104,train
8639,99.mat.txt,99,normal,0.0,2,302592,303616,train
8640,99.mat.txt,99,normal,0.0,2,303104,304128,train
8641,99.mat.txt,99,normal,0.0,2,303616,304640,train
8642,99.mat.txt,99,normal,0.0,2,304128,305152,train
8643,99.mat.txt,99,normal,0.0,2,304640,305664,train
8644,99.mat.txt,99,normal,0.0,2,305152,306176,train
8645,99.mat.txt,99,normal,0.0,2,305664,306688,train
8646,99.mat.txt,99,normal,0.0,2,306176,307200,train
8647,99.mat.txt,99,normal,0.0,2,306688,307712,train
8648,99.mat.txt,99,normal,0.0,2,307200,308224,train
8649,99.mat.txt,99,normal,0.0,2,307712,308736,train
8650,99.mat.txt,99,normal,0.0,2,308224,309248,train
8651,99.mat.txt,99,normal,0.0,2,308736,309760,train
8652,99.mat.txt,99,normal,0.0,2,309248,310272,train
8653,99.mat.txt,99,normal,0.0,2,309760,310784,train
8654,99.mat.txt,99,normal,0.0,2,310272,311296,train
8655,99.mat.txt,99,normal,0.0,2,310784,311808,train
8656,99.mat.txt,99,normal,0.0,2,311296,312320,train
8657,99.mat.txt,99,normal,0.0,2,311808,312832,train
8658,99.mat.txt,99,normal,0.0,2,312320,313344,train
8659,99.mat.txt,99,normal,0.0,2,312832,313856,train
8660,99.mat.txt,99,normal,0.0,2,313344,314368,train
8661,99.mat.txt,99,normal,0.0,2,313856,314880,train
8662,99.mat.txt,99,normal,0.0,2,314368,315392,train
8663,99.mat.txt,99,normal,0.0,2,314880,315904,train
8664,99.mat.txt,99,normal,0.0,2,315392,316416,train
8665,99.mat.txt,99,normal,0.0,2,315904,316928,train
8666,99.mat.txt,99,normal,0.0,2,316416,317440,train
8667,99.mat.txt,99,normal,0.0,2,316928,317952,train
8668,99.mat.txt,99,normal,0.0,2,317440,318464,train
8669,99.mat.txt,99,normal,0.0,2,317952,318976,train
8670,99.mat.txt,99,normal,0.0,2,318464,319488,train
8671,99.mat.txt,99,normal,0.0,2,318976,320000,train
8672,99.mat.txt,99,normal,0.0,2,319488,320512,train
8673,99.mat.txt,99,normal,0.0,2,320000,321024,train
8674,99.mat.txt,99,normal,0.0,2,320512,321536,train
8675,99.mat.txt,99,normal,0.0,2,321024,322048,train
8676,99.mat.txt,99,normal,0.0,2,321536,322560,train
8677,99.mat.txt,99,normal,0.0,2,322048,323072,train
8678,99.mat.txt,99,normal,0.0,2,322560,323584,train
8679,99.mat.txt,99,normal,0.0,2,323072,324096,train
8680,99.mat.txt,99,normal,0.0,2,323584,324608,train
8681,99.mat.txt,99,normal,0.0,2,324096,325120,train
8682,99.mat.txt,99,normal,0.0,2,324608,325632,train
8683,99.mat.txt,99,normal,0.0,2,325120,326144,train
8684,99.mat.txt,99,normal,0.0,2,325632,326656,train
8685,99.mat.txt,99,normal,0.0,2,326144,327168,train
8686,99.mat.txt,99,normal,0.0,2,326656,327680,train
8687,99.mat.txt,99,normal,0.0,2,327168,328192,train
8688,99.mat.txt,99,normal,0.0,2,327680,328704,train
8689,99.mat.txt,99,normal,0.0,2,328192,329216,train
8690,99.mat.txt,99,normal,0.0,2,328704,329728,train
8691,99.mat.txt,99,normal,0.0,2,329216,330240,train
8692,99.mat.txt,99,normal,0.0,2,329728,330752,train
8693,99.mat.txt,99,normal,0.0,2,330240,331264,train
8694,99.mat.txt,99,normal,0.0,2,330752,331776,train
8695,99.mat.txt,99,normal,0.0,2,331264,332288,train
8696,99.mat.txt,99,normal,0.0,2,331776,332800,train
8697,99.mat.txt,99,normal,0.0,2,332288,333312,train
8698,99.mat.txt,99,normal,0.0,2,332800,333824,train
8699,99.mat.txt,99,normal,0.0,2,333312,334336,train
8700,99.mat.txt,99,normal,0.0,2,333824,334848,train
8701,99.mat.txt,99,normal,0.0,2,334336,335360,train
8702,99.mat.txt,99,normal,0.0,2,334848,335872,train
8703,99.mat.txt,99,normal,0.0,2,335360,336384,train
8704,99.mat.txt,99,normal,0.0,2,335872,336896,train
8705,99.mat.txt,99,normal,0.0,2,336384,337408,train
8706,99.mat.txt,99,normal,0.0,2,336896,337920,train
8707,99.mat.txt,99,normal,0.0,2,337408,338432,train
8708,99.mat.txt,99,normal,0.0,2,337920,338944,train
8709,99.mat.txt,99,normal,0.0,2,338432,339456,train
8710,99.mat.txt,99,normal,0.0,2,338944,339968,train
8711,99.mat.txt,99,normal,0.0,2,339456,340480,train
8712,99.mat.txt,99,normal,0.0,2,339968,340992,train
8713,99.mat.txt,99,normal,0.0,2,340480,341504,train
8714,99.mat.txt,99,normal,0.0,2,340992,342016,train
8715,99.mat.txt,99,normal,0.0,2,341504,342528,train
8716,99.mat.txt,99,normal,0.0,2,342016,343040,train
8717,99.mat.txt,99,normal,0.0,2,342528,343552,train
8718,99.mat.txt,99,normal,0.0,2,343040,344064,train
8719,99.mat.txt,99,normal,0.0,2,343552,344576,train
8720,99.mat.txt,99,normal,0.0,2,344064,345088,train
8721,99.mat.txt,99,normal,0.0,2,344576,345600,train
8722,99.mat.txt,99,normal,0.0,2,345088,346112,train
8723,99.mat.txt,99,normal,0.0,2,345600,346624,train
8724,99.mat.txt,99,normal,0.0,2,346112,347136,train
8725,99.mat.txt,99,normal,0.0,2,346624,347648,train
8726,99.mat.txt,99,normal,0.0,2,347136,348160,train
8727,99.mat.txt,99,normal,0.0,2,347648,348672,train
8728,99.mat.txt,99,normal,0.0,2,348160,349184,train
8729,99.mat.txt,99,normal,0.0,2,348672,349696,train
8730,99.mat.txt,99,normal,0.0,2,349184,350208,train
8731,99.mat.txt,99,normal,0.0,2,349696,350720,train
8732,99.mat.txt,99,normal,0.0,2,350208,351232,train
8733,99.mat.txt,99,normal,0.0,2,350720,351744,train
8734,99.mat.txt,99,normal,0.0,2,351232,352256,train
8735,99.mat.txt,99,normal,0.0,2,351744,352768,train
8736,99.mat.txt,99,normal,0.0,2,352256,353280,train
8737,99.mat.txt,99,normal,0.0,2,352768,353792,train
8738,99.mat.txt,99,normal,0.0,2,353280,354304,train
8739,99.mat.txt,99,normal,0.0,2,353792,354816,train
8740,99.mat.txt,99,normal,0.0,2,354304,355328,train
8741,99.mat.txt,99,normal,0.0,2,354816,355840,train
8742,99.mat.txt,99,normal,0.0,2,355328,356352,train
8743,99.mat.txt,99,normal,0.0,2,355840,356864,train
8744,99.mat.txt,99,normal,0.0,2,356352,357376,train
8745,99.mat.txt,99,normal,0.0,2,356864,357888,train
8746,99.mat.txt,99,normal,0.0,2,357376,358400,train
8747,99.mat.txt,99,normal,0.0,2,357888,358912,train
8748,99.mat.txt,99,normal,0.0,2,358400,359424,train
8749,99.mat.txt,99,normal,0.0,2,358912,359936,train
8750,99.mat.txt,99,normal,0.0,2,359424,360448,train
8751,99.mat.txt,99,normal,0.0,2,359936,360960,train
8752,99.mat.txt,99,normal,0.0,2,360448,361472,train
8753,99.mat.txt,99,normal,0.0,2,360960,361984,train
8754,99.mat.txt,99,normal,0.0,2,361472,362496,train
8755,99.mat.txt,99,normal,0.0,2,361984,363008,train
8756,99.mat.txt,99,normal,0.0,2,362496,363520,train
8757,99.mat.txt,99,normal,0.0,2,363008,364032,train
8758,99.mat.txt,99,normal,0.0,2,363520,364544,train
8759,99.mat.txt,99,normal,0.0,2,364032,365056,train
8760,99.mat.txt,99,normal,0.0,2,364544,365568,train
8761,99.mat.txt,99,normal,0.0,2,365056,366080,train
8762,99.mat.txt,99,normal,0.0,2,365568,366592,train
8763,99.mat.txt,99,normal,0.0,2,366080,367104,train
8764,99.mat.txt,99,normal,0.0,2,366592,367616,train
8765,99.mat.txt,99,normal,0.0,2,367104,368128,train
8766,99.mat.txt,99,normal,0.0,2,367616,368640,train
8767,99.mat.txt,99,normal,0.0,2,368128,369152,train
8768,99.mat.txt,99,normal,0.0,2,368640,369664,train
8769,99.mat.txt,99,normal,0.0,2,369152,370176,train
8770,99.mat.txt,99,normal,0.0,2,369664,370688,train
8771,99.mat.txt,99,normal,0.0,2,370176,371200,train
8772,99.mat.txt,99,normal,0.0,2,370688,371712,train
8773,99.mat.txt,99,normal,0.0,2,371200,372224,train
8774,99.mat.txt,99,normal,0.0,2,371712,372736,train
8775,99.mat.txt,99,normal,0.0,2,372224,373248,train
8776,99.mat.txt,99,normal,0.0,2,372736,373760,train
8777,99.mat.txt,99,normal,0.0,2,373248,374272,train
8778,99.mat.txt,99,normal,0.0,2,373760,374784,train
8779,99.mat.txt,99,normal,0.0,2,374272,375296,train
8780,99.mat.txt,99,normal,0.0,2,374784,375808,train
8781,99.mat.txt,99,normal,0.0,2,375296,376320,train
8782,99.mat.txt,99,normal,0.0,2,375808,376832,train
8783,99.mat.txt,99,normal,0.0,2,376320,377344,train
8784,99.mat.txt,99,normal,0.0,2,376832,377856,train
8785,99.mat.txt,99,normal,0.0,2,377344,378368,train
8786,99.mat.txt,99,normal,0.0,2,377856,378880,train
8787,99.mat.txt,99,normal,0.0,2,378368,379392,train
8788,99.mat.txt,99,normal,0.0,2,378880,379904,train
8789,99.mat.txt,99,normal,0.0,2,379392,380416,train
8790,99.mat.txt,99,normal,0.0,2,379904,380928,train
8791,99.mat.txt,99,normal,0.0,2,380416,381440,train
8792,99.mat.txt,99,normal,0.0,2,380928,381952,train
8793,99.mat.txt,99,normal,0.0,2,381440,382464,train
8794,99.mat.txt,99,normal,0.0,2,381952,382976,train
8795,99.mat.txt,99,normal,0.0,2,382464,383488,train
8796,99.mat.txt,99,normal,0.0,2,382976,384000,train
8797,99.mat.txt,99,normal,0.0,2,383488,384512,train
8798,99.mat.txt,99,normal,0.0,2,384000,385024,train
8799,99.mat.txt,99,normal,0.0,2,384512,385536,train
8800,99.mat.txt,99,normal,0.0,2,385024,386048,train
8801,99.mat.txt,99,normal,0.0,2,385536,386560,train
8802,99.mat.txt,99,normal,0.0,2,386048,387072,train
8803,99.mat.txt,99,normal,0.0,2,386560,387584,train
8804,99.mat.txt,99,normal,0.0,2,387072,388096,train
8805,99.mat.txt,99,normal,0.0,2,387584,388608,train
8806,99.mat.txt,99,normal,0.0,2,388096,389120,train
8807,99.mat.txt,99,normal,0.0,2,388608,389632,train
8808,99.mat.txt,99,normal,0.0,2,389120,390144,train
8809,99.mat.txt,99,normal,0.0,2,389632,390656,train
8810,99.mat.txt,99,normal,0.0,2,390144,391168,train
8811,99.mat.txt,99,normal,0.0,2,390656,391680,train
8812,99.mat.txt,99,normal,0.0,2,391168,392192,train
8813,99.mat.txt,99,normal,0.0,2,391680,392704,train
8814,99.mat.txt,99,normal,0.0,2,392192,393216,train
8815,99.mat.txt,99,normal,0.0,2,392704,393728,train
8816,99.mat.txt,99,normal,0.0,2,393216,394240,train
8817,99.mat.txt,99,normal,0.0,2,393728,394752,train
8818,99.mat.txt,99,normal,0.0,2,394240,395264,train
8819,99.mat.txt,99,normal,0.0,2,394752,395776,train
8820,99.mat.txt,99,normal,0.0,2,395264,396288,train
8821,99.mat.txt,99,normal,0.0,2,395776,396800,train
8822,99.mat.txt,99,normal,0.0,2,396288,397312,train
8823,99.mat.txt,99,normal,0.0,2,396800,397824,train
8824,99.mat.txt,99,normal,0.0,2,397312,398336,train
8825,99.mat.txt,99,normal,0.0,2,397824,398848,train
8826,99.mat.txt,99,normal,0.0,2,398336,399360,train
8827,99.mat.txt,99,normal,0.0,2,398848,399872,train
8828,99.mat.txt,99,normal,0.0,2,399360,400384,train
8829,99.mat.txt,99,normal,0.0,2,399872,400896,train
8830,99.mat.txt,99,normal,0.0,2,400384,401408,train
8831,99.mat.txt,99,normal,0.0,2,400896,401920,train
8832,99.mat.txt,99,normal,0.0,2,401408,402432,train
8833,99.mat.txt,99,normal,0.0,2,401920,402944,train
8834,99.mat.txt,99,normal,0.0,2,402432,403456,train
8835,99.mat.txt,99,normal,0.0,2,402944,403968,train
8836,99.mat.txt,99,normal,0.0,2,403456,404480,train
8837,99.mat.txt,99,normal,0.0,2,403968,404992,train
8838,99.mat.txt,99,normal,0.0,2,404480,405504,train
8839,99.mat.txt,99,normal,0.0,2,404992,406016,train
8840,99.mat.txt,99,normal,0.0,2,405504,406528,train
8841,99.mat.txt,99,normal,0.0,2,406016,407040,train
8842,99.mat.txt,99,normal,0.0,2,406528,407552,train
8843,99.mat.txt,99,normal,0.0,2,407040,408064,train
8844,99.mat.txt,99,normal,0.0,2,407552,408576,train
8845,99.mat.txt,99,normal,0.0,2,408064,409088,train
8846,99.mat.txt,99,normal,0.0,2,408576,409600,train
8847,99.mat.txt,99,normal,0.0,2,409088,410112,train
8848,99.mat.txt,99,normal,0.0,2,409600,410624,train
8849,99.mat.txt,99,normal,0.0,2,410112,411136,train
8850,99.mat.txt,99,normal,0.0,2,410624,411648,train
8851,99.mat.txt,99,normal,0.0,2,411136,412160,train
8852,99.mat.txt,99,normal,0.0,2,411648,412672,train
8853,99.mat.txt,99,normal,0.0,2,412160,413184,train
8854,99.mat.txt,99,normal,0.0,2,412672,413696,train
8855,99.mat.txt,99,normal,0.0,2,413184,414208,train
8856,99.mat.txt,99,normal,0.0,2,413696,414720,train
8857,99.mat.txt,99,normal,0.0,2,414208,415232,train
8858,99.mat.txt,99,normal,0.0,2,414720,415744,train
8859,99.mat.txt,99,normal,0.0,2,415232,416256,train
8860,99.mat.txt,99,normal,0.0,2,415744,416768,train
8861,99.mat.txt,99,normal,0.0,2,416256,417280,train
8862,99.mat.txt,99,normal,0.0,2,416768,417792,train
8863,99.mat.txt,99,normal,0.0,2,417280,418304,train
8864,99.mat.txt,99,normal,0.0,2,417792,418816,train
8865,99.mat.txt,99,normal,0.0,2,418304,419328,train
8866,99.mat.txt,99,normal,0.0,2,418816,419840,train
8867,99.mat.txt,99,normal,0.0,2,419328,420352,train
8868,99.mat.txt,99,normal,0.0,2,419840,420864,train
8869,99.mat.txt,99,normal,0.0,2,420352,421376,train
8870,99.mat.txt,99,normal,0.0,2,420864,421888,train
8871,99.mat.txt,99,normal,0.0,2,421376,422400,train
8872,99.mat.txt,99,normal,0.0,2,421888,422912,train
8873,99.mat.txt,99,normal,0.0,2,422400,423424,train
8874,99.mat.txt,99,normal,0.0,2,422912,423936,train
8875,99.mat.txt,99,normal,0.0,2,423424,424448,train
8876,99.mat.txt,99,normal,0.0,2,423936,424960,train
8877,99.mat.txt,99,normal,0.0,2,424448,425472,train
8878,99.mat.txt,99,normal,0.0,2,424960,425984,train
8879,99.mat.txt,99,normal,0.0,2,425472,426496,train
8880,99.mat.txt,99,normal,0.0,2,425984,427008,train
8881,99.mat.txt,99,normal,0.0,2,426496,427520,train
8882,99.mat.txt,99,normal,0.0,2,427008,428032,train
8883,99.mat.txt,99,normal,0.0,2,427520,428544,train
8884,99.mat.txt,99,normal,0.0,2,428032,429056,train
8885,99.mat.txt,99,normal,0.0,2,428544,429568,train
8886,99.mat.txt,99,normal,0.0,2,429056,430080,train
8887,99.mat.txt,99,normal,0.0,2,429568,430592,train
8888,99.mat.txt,99,normal,0.0,2,430080,431104,train
8889,99.mat.txt,99,normal,0.0,2,430592,431616,train
8890,99.mat.txt,99,normal,0.0,2,431104,432128,train
8891,99.mat.txt,99,normal,0.0,2,431616,432640,train
8892,99.mat.txt,99,normal,0.0,2,432128,433152,train
8893,99.mat.txt,99,normal,0.0,2,432640,433664,train
8894,99.mat.txt,99,normal,0.0,2,433152,434176,train
8895,99.mat.txt,99,normal,0.0,2,433664,434688,train
8896,99.mat.txt,99,normal,0.0,2,434176,435200,train
8897,99.mat.txt,99,normal,0.0,2,434688,435712,train
8898,99.mat.txt,99,normal,0.0,2,435200,436224,train
8899,99.mat.txt,99,normal,0.0,2,435712,436736,train
8900,99.mat.txt,99,normal,0.0,2,436224,437248,train
8901,99.mat.txt,99,normal,0.0,2,436736,437760,train
8902,99.mat.txt,99,normal,0.0,2,437248,438272,train
8903,99.mat.txt,99,normal,0.0,2,437760,438784,train
8904,99.mat.txt,99,normal,0.0,2,438272,439296,train
8905,99.mat.txt,99,normal,0.0,2,438784,439808,train
8906,99.mat.txt,99,normal,0.0,2,439296,440320,train
8907,99.mat.txt,99,normal,0.0,2,439808,440832,train
8908,99.mat.txt,99,normal,0.0,2,440320,441344,train
8909,99.mat.txt,99,normal,0.0,2,440832,441856,train
8910,99.mat.txt,99,normal,0.0,2,441344,442368,train
8911,99.mat.txt,99,normal,0.0,2,441856,442880,train
8912,99.mat.txt,99,normal,0.0,2,442368,443392,train
8913,99.mat.txt,99,normal,0.0,2,442880,443904,train
8914,99.mat.txt,99,normal,0.0,2,443392,444416,train
8915,99.mat.txt,99,normal,0.0,2,443904,444928,train
8916,99.mat.txt,99,normal,0.0,2,444416,445440,train
8917,99.mat.txt,99,normal,0.0,2,444928,445952,train
8918,99.mat.txt,99,normal,0.0,2,445440,446464,train
8919,99.mat.txt,99,normal,0.0,2,445952,446976,train
8920,99.mat.txt,99,normal,0.0,2,446464,447488,train
8921,99.mat.txt,99,normal,0.0,2,446976,448000,train
8922,99.mat.txt,99,normal,0.0,2,447488,448512,train
8923,99.mat.txt,99,normal,0.0,2,448000,449024,train
8924,99.mat.txt,99,normal,0.0,2,448512,449536,train
8925,99.mat.txt,99,normal,0.0,2,449024,450048,train
8926,99.mat.txt,99,normal,0.0,2,449536,450560,train
8927,99.mat.txt,99,normal,0.0,2,450048,451072,train
8928,99.mat.txt,99,normal,0.0,2,450560,451584,train
8929,99.mat.txt,99,normal,0.0,2,451072,452096,train
8930,99.mat.txt,99,normal,0.0,2,451584,452608,train
8931,99.mat.txt,99,normal,0.0,2,452096,453120,train
8932,99.mat.txt,99,normal,0.0,2,452608,453632,train
8933,99.mat.txt,99,normal,0.0,2,453120,454144,train
8934,99.mat.txt,99,normal,0.0,2,453632,454656,train
8935,99.mat.txt,99,normal,0.0,2,454144,455168,train
8936,99.mat.txt,99,normal,0.0,2,454656,455680,train
8937,99.mat.txt,99,normal,0.0,2,455168,456192,train
8938,99.mat.txt,99,normal,0.0,2,455680,456704,train
8939,99.mat.txt,99,normal,0.0,2,456192,457216,train
8940,99.mat.txt,99,normal,0.0,2,456704,457728,train
8941,99.mat.txt,99,normal,0.0,2,457216,458240,train
8942,99.mat.txt,99,normal,0.0,2,457728,458752,train
8943,99.mat.txt,99,normal,0.0,2,458240,459264,train
8944,99.mat.txt,99,normal,0.0,2,458752,459776,train
8945,99.mat.txt,99,normal,0.0,2,459264,460288,train
8946,99.mat.txt,99,normal,0.0,2,459776,460800,train
8947,99.mat.txt,99,normal,0.0,2,460288,461312,train
8948,99.mat.txt,99,normal,0.0,2,460800,461824,train
8949,99.mat.txt,99,normal,0.0,2,461312,462336,train
8950,99.mat.txt,99,normal,0.0,2,461824,462848,train
8951,99.mat.txt,99,normal,0.0,2,462336,463360,train
8952,99.mat.txt,99,normal,0.0,2,462848,463872,train
8953,99.mat.txt,99,normal,0.0,2,463360,464384,train
8954,99.mat.txt,99,normal,0.0,2,463872,464896,train
8955,99.mat.txt,99,normal,0.0,2,464384,465408,train
8956,99.mat.txt,99,normal,0.0,2,464896,465920,train
8957,99.mat.txt,99,normal,0.0,2,465408,466432,train
8958,99.mat.txt,99,normal,0.0,2,465920,466944,train
8959,99.mat.txt,99,normal,0.0,2,466432,467456,train
8960,99.mat.txt,99,normal,0.0,2,466944,467968,train
8961,99.mat.txt,99,normal,0.0,2,467456,468480,train
8962,99.mat.txt,99,normal,0.0,2,467968,468992,train
8963,99.mat.txt,99,normal,0.0,2,468480,469504,train
8964,99.mat.txt,99,normal,0.0,2,468992,470016,train
8965,99.mat.txt,99,normal,0.0,2,469504,470528,train
8966,99.mat.txt,99,normal,0.0,2,470016,471040,train
8967,99.mat.txt,99,normal,0.0,2,470528,471552,train
8968,99.mat.txt,99,normal,0.0,2,471040,472064,train
8969,99.mat.txt,99,normal,0.0,2,471552,472576,train
8970,99.mat.txt,99,normal,0.0,2,472064,473088,train
8971,99.mat.txt,99,normal,0.0,2,472576,473600,train
8972,99.mat.txt,99,normal,0.0,2,473088,474112,train
8973,99.mat.txt,99,normal,0.0,2,473600,474624,train
8974,99.mat.txt,99,normal,0.0,2,474112,475136,train
8975,99.mat.txt,99,normal,0.0,2,474624,475648,train
8976,99.mat.txt,99,normal,0.0,2,475136,476160,train
8977,99.mat.txt,99,normal,0.0,2,475648,476672,train
8978,99.mat.txt,99,normal,0.0,2,476160,477184,train
8979,99.mat.txt,99,normal,0.0,2,476672,477696,train
8980,99.mat.txt,99,normal,0.0,2,477184,478208,train
8981,99.mat.txt,99,normal,0.0,2,477696,478720,train
8982,99.mat.txt,99,normal,0.0,2,478208,479232,train
8983,99.mat.txt,99,normal,0.0,2,478720,479744,train
8984,99.mat.txt,99,normal,0.0,2,479232,480256,train
8985,99.mat.txt,99,normal,0.0,2,479744,480768,train
8986,99.mat.txt,99,normal,0.0,2,480256,481280,train
8987,99.mat.txt,99,normal,0.0,2,480768,481792,train
8988,99.mat.txt,99,normal,0.0,2,481280,482304,train
8989,99.mat.txt,99,normal,0.0,2,481792,482816,train
8990,99.mat.txt,99,normal,0.0,2,482304,483328,train
8991,99.mat.txt,99,normal,0.0,2,482816,483840,train
8992,99.mat.txt,99,normal,0.0,2,483328,484352,train
8993,99.mat.txt,99,normal,0.0,2,483840,484864,train
8994,118.mat.txt,118,ball,0.007,0,0,1024,train
8995,118.mat.txt,118,ball,0.007,0,512,1536,train
8996,118.mat.txt,118,ball,0.007,0,1024,2048,train
8997,118.mat.txt,118,ball,0.007,0,1536,2560,train
8998,118.mat.txt,118,ball,0.007,0,2048,3072,train
8999,118.mat.txt,118,ball,0.007,0,2560,3584,train
9000,118.mat.txt,118,ball,0.007,0,3072,4096,train
9001,118.mat.txt,118,ball,0.007,0,3584,4608,train
9002,118.mat.txt,118,ball,0.007,0,4096,5120,train
9003,118.mat.txt,118,ball,0.007,0,4608,5632,train
9004,118.mat.txt,118,ball,0.007,0,5120,6144,train
9005,118.mat.txt,118,ball,0.007,0,5632,6656,train
9006,118.mat.txt,118,ball,0.007,0,6144,7168,train
9007,118.mat.txt,118,ball,0.007,0,6656,7680,train
9008,118.mat.txt,118,ball,0.007,0,7168,8192,train
9009,118.mat.txt,118,ball,0.007,0,7680,8704,train
9010,118.mat.txt,118,ball,0.007,0,8192,9216,train
9011,118.mat.txt,118,ball,0.007,0,8704,9728,train
9012,118.mat.txt,118,ball,0.007,0,9216,10240,train
9013,118.mat.txt,118,ball,0.007,0,9728,10752,train
9014,118.mat.txt,118,ball,0.007,0,10240,11264,train
9015,118.mat.txt,118,ball,0.007,0,10752,11776,train
9016,118.mat.txt,118,ball,0.007,0,11264,12288,train
9017,118.mat.txt,118,ball,0.007,0,11776,12800,train
9018,118.mat.txt,118,ball,0.007,0,12288,13312,train
9019,118.mat.txt,118,ball,0.007,0,12800,13824,train
9020,118.mat.txt,118,ball,0.007,0,13312,14336,train
9021,118.mat.txt,118,ball,0.007,0,13824,14848,train
9022,118.mat.txt,118,ball,0.007,0,14336,15360,train
9023,118.mat.txt,118,ball,0.007,0,14848,15872,train
9024,118.mat.txt,118,ball,0.007,0,15360,16384,train
9025,118.mat.txt,118,ball,0.007,0,15872,16896,train
9026,118.mat.txt,118,ball,0.007,0,16384,17408,train
9027,118.mat.txt,118,ball,0.007,0,16896,17920,train
9028,118.mat.txt,118,ball,0.007,0,17408,18432,train
9029,118.mat.txt,118,ball,0.007,0,17920,18944,train
9030,118.mat.txt,118,ball,0.007,0,18432,19456,train
9031,118.mat.txt,118,ball,0.007,0,18944,19968,train
9032,118.mat.txt,118,ball,0.007,0,19456,20480,train
9033,118.mat.txt,118,ball,0.007,0,19968,20992,train
9034,118.mat.txt,118,ball,0.007,0,20480,21504,train
9035,118.mat.txt,118,ball,0.007,0,20992,22016,train
9036,118.mat.txt,118,ball,0.007,0,21504,22528,train
9037,118.mat.txt,118,ball,0.007,0,22016,23040,train
9038,118.mat.txt,118,ball,0.007,0,22528,23552,train
9039,118.mat.txt,118,ball,0.007,0,23040,24064,train
9040,118.mat.txt,118,ball,0.007,0,23552,24576,train
9041,118.mat.txt,118,ball,0.007,0,24064,25088,train
9042,118.mat.txt,118,ball,0.007,0,24576,25600,train
9043,118.mat.txt,118,ball,0.007,0,25088,26112,train
9044,118.mat.txt,118,ball,0.007,0,25600,26624,train
9045,118.mat.txt,118,ball,0.007,0,26112,27136,train
9046,118.mat.txt,118,ball,0.007,0,26624,27648,train
9047,118.mat.txt,118,ball,0.007,0,27136,28160,train
9048,118.mat.txt,118,ball,0.007,0,27648,28672,train
9049,118.mat.txt,118,ball,0.007,0,28160,29184,train
9050,118.mat.txt,118,ball,0.007,0,28672,29696,train
9051,118.mat.txt,118,ball,0.007,0,29184,30208,train
9052,118.mat.txt,118,ball,0.007,0,29696,30720,train
9053,118.mat.txt,118,ball,0.007,0,30208,31232,train
9054,118.mat.txt,118,ball,0.007,0,30720,31744,train
9055,118.mat.txt,118,ball,0.007,0,31232,32256,train
9056,118.mat.txt,118,ball,0.007,0,31744,32768,train
9057,118.mat.txt,118,ball,0.007,0,32256,33280,train
9058,118.mat.txt,118,ball,0.007,0,32768,33792,train
9059,118.mat.txt,118,ball,0.007,0,33280,34304,train
9060,118.mat.txt,118,ball,0.007,0,33792,34816,train
9061,118.mat.txt,118,ball,0.007,0,34304,35328,train
9062,118.mat.txt,118,ball,0.007,0,34816,35840,train
9063,118.mat.txt,118,ball,0.007,0,35328,36352,train
9064,118.mat.txt,118,ball,0.007,0,35840,36864,train
9065,118.mat.txt,118,ball,0.007,0,36352,37376,train
9066,118.mat.txt,118,ball,0.007,0,36864,37888,train
9067,118.mat.txt,118,ball,0.007,0,37376,38400,train
9068,118.mat.txt,118,ball,0.007,0,37888,38912,train
9069,118.mat.txt,118,ball,0.007,0,38400,39424,train
9070,118.mat.txt,118,ball,0.007,0,38912,39936,train
9071,118.mat.txt,118,ball,0.007,0,39424,40448,train
9072,118.mat.txt,118,ball,0.007,0,39936,40960,train
9073,118.mat.txt,118,ball,0.007,0,40448,41472,train
9074,118.mat.txt,118,ball,0.007,0,40960,41984,train
9075,118.mat.txt,118,ball,0.007,0,41472,42496,train
9076,118.mat.txt,118,ball,0.007,0,41984,43008,train
9077,118.mat.txt,118,ball,0.007,0,42496,43520,train
9078,118.mat.txt,118,ball,0.007,0,43008,44032,train
9079,118.mat.txt,118,ball,0.007,0,43520,44544,train
9080,118.mat.txt,118,ball,0.007,0,44032,45056,train
9081,118.mat.txt,118,ball,0.007,0,44544,45568,train
9082,118.mat.txt,118,ball,0.007,0,45056,46080,train
9083,118.mat.txt,118,ball,0.007,0,45568,46592,train
9084,118.mat.txt,118,ball,0.007,0,46080,47104,train
9085,118.mat.txt,118,ball,0.007,0,46592,47616,train
9086,118.mat.txt,118,ball,0.007,0,47104,48128,train
9087,118.mat.txt,118,ball,0.007,0,47616,48640,train
9088,118.mat.txt,118,ball,0.007,0,48128,49152,train
9089,118.mat.txt,118,ball,0.007,0,48640,49664,train
9090,118.mat.txt,118,ball,0.007,0,49152,50176,train
9091,118.mat.txt,118,ball,0.007,0,49664,50688,train
9092,118.mat.txt,118,ball,0.007,0,50176,51200,train
9093,118.mat.txt,118,ball,0.007,0,50688,51712,train
9094,118.mat.txt,118,ball,0.007,0,51200,52224,train
9095,118.mat.txt,118,ball,0.007,0,51712,52736,train
9096,118.mat.txt,118,ball,0.007,0,52224,53248,train
9097,118.mat.txt,118,ball,0.007,0,52736,53760,train
9098,118.mat.txt,118,ball,0.007,0,53248,54272,train
9099,118.mat.txt,118,ball,0.007,0,53760,54784,train
9100,118.mat.txt,118,ball,0.007,0,54272,55296,train
9101,118.mat.txt,118,ball,0.007,0,54784,55808,train
9102,118.mat.txt,118,ball,0.007,0,55296,56320,train
9103,118.mat.txt,118,ball,0.007,0,55808,56832,train
9104,118.mat.txt,118,ball,0.007,0,56320,57344,train
9105,118.mat.txt,118,ball,0.007,0,56832,57856,train
9106,118.mat.txt,118,ball,0.007,0,57344,58368,train
9107,118.mat.txt,118,ball,0.007,0,57856,58880,train
9108,118.mat.txt,118,ball,0.007,0,58368,59392,train
9109,118.mat.txt,118,ball,0.007,0,58880,59904,train
9110,118.mat.txt,118,ball,0.007,0,59392,60416,train
9111,118.mat.txt,118,ball,0.007,0,59904,60928,train
9112,118.mat.txt,118,ball,0.007,0,60416,61440,train
9113,118.mat.txt,118,ball,0.007,0,60928,61952,train
9114,118.mat.txt,118,ball,0.007,0,61440,62464,train
9115,118.mat.txt,118,ball,0.007,0,61952,62976,train
9116,118.mat.txt,118,ball,0.007,0,62464,63488,train
9117,118.mat.txt,118,ball,0.007,0,62976,64000,train
9118,118.mat.txt,118,ball,0.007,0,63488,64512,train
9119,118.mat.txt,118,ball,0.007,0,64000,65024,train
9120,118.mat.txt,118,ball,0.007,0,64512,65536,train
9121,118.mat.txt,118,ball,0.007,0,65024,66048,train
9122,118.mat.txt,118,ball,0.007,0,65536,66560,train
9123,118.mat.txt,118,ball,0.007,0,66048,67072,train
9124,118.mat.txt,118,ball,0.007,0,66560,67584,train
9125,118.mat.txt,118,ball,0.007,0,67072,68096,train
9126,118.mat.txt,118,ball,0.007,0,67584,68608,train
9127,118.mat.txt,118,ball,0.007,0,68096,69120,train
9128,118.mat.txt,118,ball,0.007,0,68608,69632,train
9129,118.mat.txt,118,ball,0.007,0,69120,70144,train
9130,118.mat.txt,118,ball,0.007,0,69632,70656,train
9131,118.mat.txt,118,ball,0.007,0,70144,71168,train
9132,118.mat.txt,118,ball,0.007,0,70656,71680,train
9133,118.mat.txt,118,ball,0.007,0,71168,72192,train
9134,118.mat.txt,118,ball,0.007,0,71680,72704,train
9135,118.mat.txt,118,ball,0.007,0,72192,73216,train
9136,118.mat.txt,118,ball,0.007,0,72704,73728,train
9137,118.mat.txt,118,ball,0.007,0,73216,74240,train
9138,118.mat.txt,118,ball,0.007,0,73728,74752,train
9139,118.mat.txt,118,ball,0.007,0,74240,75264,train
9140,118.mat.txt,118,ball,0.007,0,74752,75776,train
9141,118.mat.txt,118,ball,0.007,0,75264,76288,train
9142,118.mat.txt,118,ball,0.007,0,75776,76800,train
9143,118.mat.txt,118,ball,0.007,0,76288,77312,train
9144,118.mat.txt,118,ball,0.007,0,76800,77824,train
9145,118.mat.txt,118,ball,0.007,0,77312,78336,train
9146,118.mat.txt,118,ball,0.007,0,77824,78848,train
9147,118.mat.txt,118,ball,0.007,0,78336,79360,train
9148,118.mat.txt,118,ball,0.007,0,78848,79872,train
9149,118.mat.txt,118,ball,0.007,0,79360,80384,train
9150,118.mat.txt,118,ball,0.007,0,79872,80896,train
9151,118.mat.txt,118,ball,0.007,0,80384,81408,train
9152,118.mat.txt,118,ball,0.007,0,80896,81920,train
9153,118.mat.txt,118,ball,0.007,0,81408,82432,train
9154,118.mat.txt,118,ball,0.007,0,81920,82944,train
9155,118.mat.txt,118,ball,0.007,0,82432,83456,train
9156,118.mat.txt,118,ball,0.007,0,82944,83968,train
9157,118.mat.txt,118,ball,0.007,0,83456,84480,train
9158,118.mat.txt,118,ball,0.007,0,83968,84992,train
9159,118.mat.txt,118,ball,0.007,0,84480,85504,train
9160,118.mat.txt,118,ball,0.007,0,84992,86016,train
9161,118.mat.txt,118,ball,0.007,0,85504,86528,train
9162,118.mat.txt,118,ball,0.007,0,86016,87040,train
9163,118.mat.txt,118,ball,0.007,0,86528,87552,train
9164,118.mat.txt,118,ball,0.007,0,87040,88064,train
9165,118.mat.txt,118,ball,0.007,0,87552,88576,train
9166,118.mat.txt,118,ball,0.007,0,88064,89088,train
9167,118.mat.txt,118,ball,0.007,0,88576,89600,train
9168,118.mat.txt,118,ball,0.007,0,89088,90112,train
9169,118.mat.txt,118,ball,0.007,0,89600,90624,train
9170,118.mat.txt,118,ball,0.007,0,90112,91136,train
9171,118.mat.txt,118,ball,0.007,0,90624,91648,train
9172,118.mat.txt,118,ball,0.007,0,91136,92160,train
9173,118.mat.txt,118,ball,0.007,0,91648,92672,train
9174,118.mat.txt,118,ball,0.007,0,92160,93184,train
9175,118.mat.txt,118,ball,0.007,0,92672,93696,train
9176,118.mat.txt,118,ball,0.007,0,93184,94208,train
9177,118.mat.txt,118,ball,0.007,0,93696,94720,train
9178,118.mat.txt,118,ball,0.007,0,94208,95232,train
9179,118.mat.txt,118,ball,0.007,0,94720,95744,train
9180,118.mat.txt,118,ball,0.007,0,95232,96256,train
9181,118.mat.txt,118,ball,0.007,0,95744,96768,train
9182,118.mat.txt,118,ball,0.007,0,96256,97280,train
9183,118.mat.txt,118,ball,0.007,0,96768,97792,train
9184,118.mat.txt,118,ball,0.007,0,97280,98304,train
9185,118.mat.txt,118,ball,0.007,0,97792,98816,train
9186,118.mat.txt,118,ball,0.007,0,98304,99328,train
9187,118.mat.txt,118,ball,0.007,0,98816,99840,train
9188,118.mat.txt,118,ball,0.007,0,99328,100352,train
9189,118.mat.txt,118,ball,0.007,0,99840,100864,train
9190,118.mat.txt,118,ball,0.007,0,100352,101376,train
9191,118.mat.txt,118,ball,0.007,0,100864,101888,train
9192,118.mat.txt,118,ball,0.007,0,101376,102400,train
9193,118.mat.txt,118,ball,0.007,0,101888,102912,train
9194,118.mat.txt,118,ball,0.007,0,102400,103424,train
9195,118.mat.txt,118,ball,0.007,0,102912,103936,train
9196,118.mat.txt,118,ball,0.007,0,103424,104448,train
9197,118.mat.txt,118,ball,0.007,0,103936,104960,train
9198,118.mat.txt,118,ball,0.007,0,104448,105472,train
9199,118.mat.txt,118,ball,0.007,0,104960,105984,train
9200,118.mat.txt,118,ball,0.007,0,105472,106496,train
9201,118.mat.txt,118,ball,0.007,0,105984,107008,train
9202,118.mat.txt,118,ball,0.007,0,106496,107520,train
9203,118.mat.txt,118,ball,0.007,0,107008,108032,train
9204,118.mat.txt,118,ball,0.007,0,107520,108544,train
9205,118.mat.txt,118,ball,0.007,0,108032,109056,train
9206,118.mat.txt,118,ball,0.007,0,108544,109568,train
9207,118.mat.txt,118,ball,0.007,0,109056,110080,train
9208,118.mat.txt,118,ball,0.007,0,109568,110592,train
9209,118.mat.txt,118,ball,0.007,0,110080,111104,train
9210,118.mat.txt,118,ball,0.007,0,110592,111616,train
9211,118.mat.txt,118,ball,0.007,0,111104,112128,train
9212,118.mat.txt,118,ball,0.007,0,111616,112640,train
9213,118.mat.txt,118,ball,0.007,0,112128,113152,train
9214,118.mat.txt,118,ball,0.007,0,112640,113664,train
9215,118.mat.txt,118,ball,0.007,0,113152,114176,train
9216,118.mat.txt,118,ball,0.007,0,113664,114688,train
9217,118.mat.txt,118,ball,0.007,0,114176,115200,train
9218,118.mat.txt,118,ball,0.007,0,114688,115712,train
9219,118.mat.txt,118,ball,0.007,0,115200,116224,train
9220,118.mat.txt,118,ball,0.007,0,115712,116736,train
9221,118.mat.txt,118,ball,0.007,0,116224,117248,train
9222,118.mat.txt,118,ball,0.007,0,116736,117760,train
9223,118.mat.txt,118,ball,0.007,0,117248,118272,train
9224,118.mat.txt,118,ball,0.007,0,117760,118784,train
9225,118.mat.txt,118,ball,0.007,0,118272,119296,train
9226,118.mat.txt,118,ball,0.007,0,118784,119808,train
9227,118.mat.txt,118,ball,0.007,0,119296,120320,train
9228,118.mat.txt,118,ball,0.007,0,119808,120832,train
9229,118.mat.txt,118,ball,0.007,0,120320,121344,train
9230,118.mat.txt,118,ball,0.007,0,120832,121856,train
9231,118.mat.txt,118,ball,0.007,0,121344,122368,train
9232,119.mat.txt,119,ball,0.007,1,0,1024,train
9233,119.mat.txt,119,ball,0.007,1,512,1536,train
9234,119.mat.txt,119,ball,0.007,1,1024,2048,train
9235,119.mat.txt,119,ball,0.007,1,1536,2560,train
9236,119.mat.txt,119,ball,0.007,1,2048,3072,train
9237,119.mat.txt,119,ball,0.007,1,2560,3584,train
9238,119.mat.txt,119,ball,0.007,1,3072,4096,train
9239,119.mat.txt,119,ball,0.007,1,3584,4608,train
9240,119.mat.txt,119,ball,0.007,1,4096,5120,train
9241,119.mat.txt,119,ball,0.007,1,4608,5632,train
9242,119.mat.txt,119,ball,0.007,1,5120,6144,train
9243,119.mat.txt,119,ball,0.007,1,5632,6656,train
9244,119.mat.txt,119,ball,0.007,1,6144,7168,train
9245,119.mat.txt,119,ball,0.007,1,6656,7680,train
9246,119.mat.txt,119,ball,0.007,1,7168,8192,train
9247,119.mat.txt,119,ball,0.007,1,7680,8704,train
9248,119.mat.txt,119,ball,0.007,1,8192,9216,train
9249,119.mat.txt,119,ball,0.007,1,8704,9728,train
9250,119.mat.txt,119,ball,0.007,1,9216,10240,train
9251,119.mat.txt,119,ball,0.007,1,9728,10752,train
9252,119.mat.txt,119,ball,0.007,1,10240,11264,train
9253,119.mat.txt,119,ball,0.007,1,10752,11776,train
9254,119.mat.txt,119,ball,0.007,1,11264,12288,train
9255,119.mat.txt,119,ball,0.007,1,11776,12800,train
9256,119.mat.txt,119,ball,0.007,1,12288,13312,train
9257,119.mat.txt,119,ball,0.007,1,12800,13824,train
9258,119.mat.txt,119,ball,0.007,1,13312,14336,train
9259,119.mat.txt,119,ball,0.007,1,13824,14848,train
9260,119.mat.txt,119,ball,0.007,1,14336,15360,train
9261,119.mat.txt,119,ball,0.007,1,14848,15872,train
9262,119.mat.txt,119,ball,0.007,1,15360,16384,train
9263,119.mat.txt,119,ball,0.007,1,15872,16896,train
9264,119.mat.txt,119,ball,0.007,1,16384,17408,train
9265,119.mat.txt,119,ball,0.007,1,16896,17920,train
9266,119.mat.txt,119,ball,0.007,1,17408,18432,train
9267,119.mat.txt,119,ball,0.007,1,17920,18944,train
9268,119.mat.txt,119,ball,0.007,1,18432,19456,train
9269,119.mat.txt,119,ball,0.007,1,18944,19968,train
9270,119.mat.txt,119,ball,0.007,1,19456,20480,train
9271,119.mat.txt,119,ball,0.007,1,19968,20992,train
9272,119.mat.txt,119,ball,0.007,1,20480,21504,train
9273,119.mat.txt,119,ball,0.007,1,20992,22016,train
9274,119.mat.txt,119,ball,0.007,1,21504,22528,train
9275,119.mat.txt,119,ball,0.007,1,22016,23040,train
9276,119.mat.txt,119,ball,0.007,1,22528,23552,train
9277,119.mat.txt,119,ball,0.007,1,23040,24064,train
9278,119.mat.txt,119,ball,0.007,1,23552,24576,train
9279,119.mat.txt,119,ball,0.007,1,24064,25088,train
9280,119.mat.txt,119,ball,0.007,1,24576,25600,train
9281,119.mat.txt,119,ball,0.007,1,25088,26112,train
9282,119.mat.txt,119,ball,0.007,1,25600,26624,train
9283,119.mat.txt,119,ball,0.007,1,26112,27136,train
9284,119.mat.txt,119,ball,0.007,1,26624,27648,train
9285,119.mat.txt,119,ball,0.007,1,27136,28160,train
9286,119.mat.txt,119,ball,0.007,1,27648,28672,train
9287,119.mat.txt,119,ball,0.007,1,28160,29184,train
9288,119.mat.txt,119,ball,0.007,1,28672,29696,train
9289,119.mat.txt,119,ball,0.007,1,29184,30208,train
9290,119.mat.txt,119,ball,0.007,1,29696,30720,train
9291,119.mat.txt,119,ball,0.007,1,30208,31232,train
9292,119.mat.txt,119,ball,0.007,1,30720,31744,train
9293,119.mat.txt,119,ball,0.007,1,31232,32256,train
9294,119.mat.txt,119,ball,0.007,1,31744,32768,train
9295,119.mat.txt,119,ball,0.007,1,32256,33280,train
9296,119.mat.txt,119,ball,0.007,1,32768,33792,train
9297,119.mat.txt,119,ball,0.007,1,33280,34304,train
9298,119.mat.txt,119,ball,0.007,1,33792,34816,train
9299,119.mat.txt,119,ball,0.007,1,34304,35328,train
9300,119.mat.txt,119,ball,0.007,1,34816,35840,train
9301,119.mat.txt,119,ball,0.007,1,35328,36352,train
9302,119.mat.txt,119,ball,0.007,1,35840,36864,train
9303,119.mat.txt,119,ball,0.007,1,36352,37376,train
9304,119.mat.txt,119,ball,0.007,1,36864,37888,train
9305,119.mat.txt,119,ball,0.007,1,37376,38400,train
9306,119.mat.txt,119,ball,0.007,1,37888,38912,train
9307,119.mat.txt,119,ball,0.007,1,38400,39424,train
9308,119.mat.txt,119,ball,0.007,1,38912,39936,train
9309,119.mat.txt,119,ball,0.007,1,39424,40448,train
9310,119.mat.txt,119,ball,0.007,1,39936,40960,train
9311,119.mat.txt,119,ball,0.007,1,40448,41472,train
9312,119.mat.txt,119,ball,0.007,1,40960,41984,train
9313,119.mat.txt,119,ball,0.007,1,41472,42496,train
9314,119.mat.txt,119,ball,0.007,1,41984,43008,train
9315,119.mat.txt,119,ball,0.007,1,42496,43520,train
9316,119.mat.txt,119,ball,0.007,1,43008,44032,train
9317,119.mat.txt,119,ball,0.007,1,43520,44544,train
9318,119.mat.txt,119,ball,0.007,1,44032,45056,train
9319,119.mat.txt,119,ball,0.007,1,44544,45568,train
9320,119.mat.txt,119,ball,0.007,1,45056,46080,train
9321,119.mat.txt,119,ball,0.007,1,45568,46592,train
9322,119.mat.txt,119,ball,0.007,1,46080,47104,train
9323,119.mat.txt,119,ball,0.007,1,46592,47616,train
9324,119.mat.txt,119,ball,0.007,1,47104,48128,train
9325,119.mat.txt,119,ball,0.007,1,47616,48640,train
9326,119.mat.txt,119,ball,0.007,1,48128,49152,train
9327,119.mat.txt,119,ball,0.007,1,48640,49664,train
9328,119.mat.txt,119,ball,0.007,1,49152,50176,train
9329,119.mat.txt,119,ball,0.007,1,49664,50688,train
9330,119.mat.txt,119,ball,0.007,1,50176,51200,train
9331,119.mat.txt,119,ball,0.007,1,50688,51712,train
9332,119.mat.txt,119,ball,0.007,1,51200,52224,train
9333,119.mat.txt,119,ball,0.007,1,51712,52736,train
9334,119.mat.txt,119,ball,0.007,1,52224,53248,train
9335,119.mat.txt,119,ball,0.007,1,52736,53760,train
9336,119.mat.txt,119,ball,0.007,1,53248,54272,train
9337,119.mat.txt,119,ball,0.007,1,53760,54784,train
9338,119.mat.txt,119,ball,0.007,1,54272,55296,train
9339,119.mat.txt,119,ball,0.007,1,54784,55808,train
9340,119.mat.txt,119,ball,0.007,1,55296,56320,train
9341,119.mat.txt,119,ball,0.007,1,55808,56832,train
9342,119.mat.txt,119,ball,0.007,1,56320,57344,train
9343,119.mat.txt,119,ball,0.007,1,56832,57856,train
9344,119.mat.txt,119,ball,0.007,1,57344,58368,train
9345,119.mat.txt,119,ball,0.007,1,57856,58880,train
9346,119.mat.txt,119,ball,0.007,1,58368,59392,train
9347,119.mat.txt,119,ball,0.007,1,58880,59904,train
9348,119.mat.txt,119,ball,0.007,1,59392,60416,train
9349,119.mat.txt,119,ball,0.007,1,59904,60928,train
9350,119.mat.txt,119,ball,0.007,1,60416,61440,train
9351,119.mat.txt,119,ball,0.007,1,60928,61952,train
9352,119.mat.txt,119,ball,0.007,1,61440,62464,train
9353,119.mat.txt,119,ball,0.007,1,61952,62976,train
9354,119.mat.txt,119,ball,0.007,1,62464,63488,train
9355,119.mat.txt,119,ball,0.007,1,62976,64000,train
9356,119.mat.txt,119,ball,0.007,1,63488,64512,train
9357,119.mat.txt,119,ball,0.007,1,64000,65024,train
9358,119.mat.txt,119,ball,0.007,1,64512,65536,train
9359,119.mat.txt,119,ball,0.007,1,65024,66048,train
9360,119.mat.txt,119,ball,0.007,1,65536,66560,train
9361,119.mat.txt,119,ball,0.007,1,66048,67072,train
9362,119.mat.txt,119,ball,0.007,1,66560,67584,train
9363,119.mat.txt,119,ball,0.007,1,67072,68096,train
9364,119.mat.txt,119,ball,0.007,1,67584,68608,train
9365,119.mat.txt,119,ball,0.007,1,68096,69120,train
9366,119.mat.txt,119,ball,0.007,1,68608,69632,train
9367,119.mat.txt,119,ball,0.007,1,69120,70144,train
9368,119.mat.txt,119,ball,0.007,1,69632,70656,train
9369,119.mat.txt,119,ball,0.007,1,70144,71168,train
9370,119.mat.txt,119,ball,0.007,1,70656,71680,train
9371,119.mat.txt,119,ball,0.007,1,71168,72192,train
9372,119.mat.txt,119,ball,0.007,1,71680,72704,train
9373,119.mat.txt,119,ball,0.007,1,72192,73216,train
9374,119.mat.txt,119,ball,0.007,1,72704,73728,train
9375,119.mat.txt,119,ball,0.007,1,73216,74240,train
9376,119.mat.txt,119,ball,0.007,1,73728,74752,train
9377,119.mat.txt,119,ball,0.007,1,74240,75264,train
9378,119.mat.txt,119,ball,0.007,1,74752,75776,train
9379,119.mat.txt,119,ball,0.007,1,75264,76288,train
9380,119.mat.txt,119,ball,0.007,1,75776,76800,train
9381,119.mat.txt,119,ball,0.007,1,76288,77312,train
9382,119.mat.txt,119,ball,0.007,1,76800,77824,train
9383,119.mat.txt,119,ball,0.007,1,77312,78336,train
9384,119.mat.txt,119,ball,0.007,1,77824,78848,train
9385,119.mat.txt,119,ball,0.007,1,78336,79360,train
9386,119.mat.txt,119,ball,0.007,1,78848,79872,train
9387,119.mat.txt,119,ball,0.007,1,79360,80384,train
9388,119.mat.txt,119,ball,0.007,1,79872,80896,train
9389,119.mat.txt,119,ball,0.007,1,80384,81408,train
9390,119.mat.txt,119,ball,0.007,1,80896,81920,train
9391,119.mat.txt,119,ball,0.007,1,81408,82432,train
9392,119.mat.txt,119,ball,0.007,1,81920,82944,train
9393,119.mat.txt,119,ball,0.007,1,82432,83456,train
9394,119.mat.txt,119,ball,0.007,1,82944,83968,train
9395,119.mat.txt,119,ball,0.007,1,83456,84480,train
9396,119.mat.txt,119,ball,0.007,1,83968,84992,train
9397,119.mat.txt,119,ball,0.007,1,84480,85504,train
9398,119.mat.txt,119,ball,0.007,1,84992,86016,train
9399,119.mat.txt,119,ball,0.007,1,85504,86528,train
9400,119.mat.txt,119,ball,0.007,1,86016,87040,train
9401,119.mat.txt,119,ball,0.007,1,86528,87552,train
9402,119.mat.txt,119,ball,0.007,1,87040,88064,train
9403,119.mat.txt,119,ball,0.007,1,87552,88576,train
9404,119.mat.txt,119,ball,0.007,1,88064,89088,train
9405,119.mat.txt,119,ball,0.007,1,88576,89600,train
9406,119.mat.txt,119,ball,0.007,1,89088,90112,train
9407,119.mat.txt,119,ball,0.007,1,89600,90624,train
9408,119.mat.txt,119,ball,0.007,1,90112,91136,train
9409,119.mat.txt,119,ball,0.007,1,90624,91648,train
9410,119.mat.txt,119,ball,0.007,1,91136,92160,train
9411,119.mat.txt,119,ball,0.007,1,91648,92672,train
9412,119.mat.txt,119,ball,0.007,1,92160,93184,train
9413,119.mat.txt,119,ball,0.007,1,92672,93696,train
9414,119.mat.txt,119,ball,0.007,1,93184,94208,train
9415,119.mat.txt,119,ball,0.007,1,93696,94720,train
9416,119.mat.txt,119,ball,0.007,1,94208,95232,train
9417,119.mat.txt,119,ball,0.007,1,94720,95744,train
9418,119.mat.txt,119,ball,0.007,1,95232,96256,train
9419,119.mat.txt,119,ball,0.007,1,95744,96768,train
9420,119.mat.txt,119,ball,0.007,1,96256,97280,train
9421,119.mat.txt,119,ball,0.007,1,96768,97792,train
9422,119.mat.txt,119,ball,0.007,1,97280,98304,train
9423,119.mat.txt,119,ball,0.007,1,97792,98816,train
9424,119.mat.txt,119,ball,0.007,1,98304,99328,train
9425,119.mat.txt,119,ball,0.007,1,98816,99840,train
9426,119.mat.txt,119,ball,0.007,1,99328,100352,train
9427,119.mat.txt,119,ball,0.007,1,99840,100864,train
9428,119.mat.txt,119,ball,0.007,1,100352,101376,train
9429,119.mat.txt,119,ball,0.007,1,100864,101888,train
9430,119.mat.txt,119,ball,0.007,1,101376,102400,train
9431,119.mat.txt,119,ball,0.007,1,101888,102912,train
9432,119.mat.txt,119,ball,0.007,1,102400,103424,train
9433,119.mat.txt,119,ball,0.007,1,102912,103936,train
9434,119.mat.txt,119,ball,0.007,1,103424,104448,train
9435,119.mat.txt,119,ball,0.007,1,103936,104960,train
9436,119.mat.txt,119,ball,0.007,1,104448,105472,train
9437,119.mat.txt,119,ball,0.007,1,104960,105984,train
9438,119.mat.txt,119,ball,0.007,1,105472,106496,train
9439,119.mat.txt,119,ball,0.007,1,105984,107008,train
9440,119.mat.txt,119,ball,0.007,1,106496,107520,train
9441,119.mat.txt,119,ball,0.007,1,107008,108032,train
9442,119.mat.txt,119,ball,0.007,1,107520,108544,train
9443,119.mat.txt,119,ball,0.007,1,108032,109056,train
9444,119.mat.txt,119,ball,0.007,1,108544,109568,train
9445,119.mat.txt,119,ball,0.007,1,109056,110080,train
9446,119.mat.txt,119,ball,0.007,1,109568,110592,train
9447,119.mat.txt,119,ball,0.007,1,110080,111104,train
9448,119.mat.txt,119,ball,0.007,1,110592,111616,train
9449,119.mat.txt,119,ball,0.007,1,111104,112128,train
9450,119.mat.txt,119,ball,0.007,1,111616,112640,train
9451,119.mat.txt,119,ball,0.007,1,112128,113152,train
9452,119.mat.txt,119,ball,0.007,1,112640,113664,train
9453,119.mat.txt,119,ball,0.007,1,113152,114176,train
9454,119.mat.txt,119,ball,0.007,1,113664,114688,train
9455,119.mat.txt,119,ball,0.007,1,114176,115200,train
9456,119.mat.txt,119,ball,0.007,1,114688,115712,train
9457,119.mat.txt,119,ball,0.007,1,115200,116224,train
9458,119.mat.txt,119,ball,0.007,1,115712,116736,train
9459,119.mat.txt,119,ball,0.007,1,116224,117248,train
9460,119.mat.txt,119,ball,0.007,1,116736,117760,train
9461,119.mat.txt,119,ball,0.007,1,117248,118272,train
9462,119.mat.txt,119,ball,0.007,1,117760,118784,train
9463,119.mat.txt,119,ball,0.007,1,118272,119296,train
9464,119.mat.txt,119,ball,0.007,1,118784,119808,train
9465,119.mat.txt,119,ball,0.007,1,119296,120320,train
9466,119.mat.txt,119,ball,0.007,1,119808,120832,train
9467,119.mat.txt,119,ball,0.007,1,120320,121344,train
9468,120.mat.txt,120,ball,0.007,2,0,1024,train
9469,120.mat.txt,120,ball,0.007,2,512,1536,train
9470,120.mat.txt,120,ball,0.007,2,1024,2048,train
9471,120.mat.txt,120,ball,0.007,2,1536,2560,train
9472,120.mat.txt,120,ball,0.007,2,2048,3072,train
9473,120.mat.txt,120,ball,0.007,2,2560,3584,train
9474,120.mat.txt,120,ball,0.007,2,3072,4096,train
9475,120.mat.txt,120,ball,0.007,2,3584,4608,train
9476,120.mat.txt,120,ball,0.007,2,4096,5120,train
9477,120.mat.txt,120,ball,0.007,2,4608,5632,train
9478,120.mat.txt,120,ball,0.007,2,5120,6144,train
9479,120.mat.txt,120,ball,0.007,2,5632,6656,train
9480,120.mat.txt,120,ball,0.007,2,6144,7168,train
9481,120.mat.txt,120,ball,0.007,2,6656,7680,train
9482,120.mat.txt,120,ball,0.007,2,7168,8192,train
9483,120.mat.txt,120,ball,0.007,2,7680,8704,train
9484,120.mat.txt,120,ball,0.007,2,8192,9216,train
9485,120.mat.txt,120,ball,0.007,2,8704,9728,train
9486,120.mat.txt,120,ball,0.007,2,9216,10240,train
9487,120.mat.txt,120,ball,0.007,2,9728,10752,train
9488,120.mat.txt,120,ball,0.007,2,10240,11264,train
9489,120.mat.txt,120,ball,0.007,2,10752,11776,train
9490,120.mat.txt,120,ball,0.007,2,11264,12288,train
9491,120.mat.txt,120,ball,0.007,2,11776,12800,train
9492,120.mat.txt,120,ball,0.007,2,12288,13312,train
9493,120.mat.txt,120,ball,0.007,2,12800,13824,train
9494,120.mat.txt,120,ball,0.007,2,13312,14336,train
9495,120.mat.txt,120,ball,0.007,2,13824,14848,train
9496,120.mat.txt,120,ball,0.007,2,14336,15360,train
9497,120.mat.txt,120,ball,0.007,2,14848,15872,train
9498,120.mat.txt,120,ball,0.007,2,15360,16384,train
9499,120.mat.txt,120,ball,0.007,2,15872,16896,train
9500,120.mat.txt,120,ball,0.007,2,16384,17408,train
9501,120.mat.txt,120,ball,0.007,2,16896,17920,train
9502,120.mat.txt,120,ball,0.007,2,17408,18432,train
9503,120.mat.txt,120,ball,0.007,2,17920,18944,train
9504,120.mat.txt,120,ball,0.007,2,18432,19456,train
9505,120.mat.txt,120,ball,0.007,2,18944,19968,train
9506,120.mat.txt,120,ball,0.007,2,19456,20480,train
9507,120.mat.txt,120,ball,0.007,2,19968,20992,train
9508,120.mat.txt,120,ball,0.007,2,20480,21504,train
9509,120.mat.txt,120,ball,0.007,2,20992,22016,train
9510,120.mat.txt,120,ball,0.007,2,21504,22528,train
9511,120.mat.txt,120,ball,0.007,2,22016,23040,train
9512,120.mat.txt,120,ball,0.007,2,22528,23552,train
9513,120.mat.txt,120,ball,0.007,2,23040,24064,train
9514,120.mat.txt,120,ball,0.007,2,23552,24576,train
9515,120.mat.txt,120,ball,0.007,2,24064,25088,train
9516,120.mat.txt,120,ball,0.007,2,24576,25600,train
9517,120.mat.txt,120,ball,0.007,2,25088,26112,train
9518,120.mat.txt,120,ball,0.007,2,25600,26624,train
9519,120.mat.txt,120,ball,0.007,2,26112,27136,train
9520,120.mat.txt,120,ball,0.007,2,26624,27648,train
9521,120.mat.txt,120,ball,0.007,2,27136,28160,train
9522,120.mat.txt,120,ball,0.007,2,27648,28672,train
9523,120.mat.txt,120,ball,0.007,2,28160,29184,train
9524,120.mat.txt,120,ball,0.007,2,28672,29696,train
9525,120.mat.txt,120,ball,0.007,2,29184,30208,train
9526,120.mat.txt,120,ball,0.007,2,29696,30720,train
9527,120.mat.txt,120,ball,0.007,2,30208,31232,train
9528,120.mat.txt,120,ball,0.007,2,30720,31744,train
9529,120.mat.txt,120,ball,0.007,2,31232,32256,train
9530,120.mat.txt,120,ball,0.007,2,31744,32768,train
9531,120.mat.txt,120,ball,0.007,2,32256,33280,train
9532,120.mat.txt,120,ball,0.007,2,32768,33792,train
9533,120.mat.txt,120,ball,0.007,2,33280,34304,train
9534,120.mat.txt,120,ball,0.007,2,33792,34816,train
9535,120.mat.txt,120,ball,0.007,2,34304,35328,train
9536,120.mat.txt,120,ball,0.007,2,34816,35840,train
9537,120.mat.txt,120,ball,0.007,2,35328,36352,train
9538,120.mat.txt,120,ball,0.007,2,35840,36864,train
9539,120.mat.txt,120,ball,0.007,2,36352,37376,train
9540,120.mat.txt,120,ball,0.007,2,36864,37888,train
9541,120.mat.txt,120,ball,0.007,2,37376,38400,train
9542,120.mat.txt,120,ball,0.007,2,37888,38912,train
9543,120.mat.txt,120,ball,0.007,2,38400,39424,train
9544,120.mat.txt,120,ball,0.007,2,38912,39936,train
9545,120.mat.txt,120,ball,0.007,2,39424,40448,train
9546,120.mat.txt,120,ball,0.007,2,39936,40960,train
9547,120.mat.txt,120,ball,0.007,2,40448,41472,train
9548,120.mat.txt,120,ball,0.007,2,40960,41984,train
9549,120.mat.txt,120,ball,0.007,2,41472,42496,train
9550,120.mat.txt,120,ball,0.007,2,41984,43008,train
9551,120.mat.txt,120,ball,0.007,2,42496,43520,train
9552,120.mat.txt,120,ball,0.007,2,43008,44032,train
9553,120.mat.txt,120,ball,0.007,2,43520,44544,train
9554,120.mat.txt,120,ball,0.007,2,44032,45056,train
9555,120.mat.txt,120,ball,0.007,2,44544,45568,train
9556,120.mat.txt,120,ball,0.007,2,45056,46080,train
9557,120.mat.txt,120,ball,0.007,2,45568,46592,train
9558,120.mat.txt,120,ball,0.007,2,46080,47104,train
9559,120.mat.txt,120,ball,0.007,2,46592,47616,train
9560,120.mat.txt,120,ball,0.007,2,47104,48128,train
9561,120.mat.txt,120,ball,0.007,2,47616,48640,train
9562,120.mat.txt,120,ball,0.007,2,48128,49152,train
9563,120.mat.txt,120,ball,0.007,2,48640,49664,train
9564,120.mat.txt,120,ball,0.007,2,49152,50176,train
9565,120.mat.txt,120,ball,0.007,2,49664,50688,train
9566,120.mat.txt,120,ball,0.007,2,50176,51200,train
9567,120.mat.txt,120,ball,0.007,2,50688,51712,train
9568,120.mat.txt,120,ball,0.007,2,51200,52224,train
9569,120.mat.txt,120,ball,0.007,2,51712,52736,train
9570,120.mat.txt,120,ball,0.007,2,52224,53248,train
9571,120.mat.txt,120,ball,0.007,2,52736,53760,train
9572,120.mat.txt,120,ball,0.007,2,53248,54272,train
9573,120.mat.txt,120,ball,0.007,2,53760,54784,train
9574,120.mat.txt,120,ball,0.007,2,54272,55296,train
9575,120.mat.txt,120,ball,0.007,2,54784,55808,train
9576,120.mat.txt,120,ball,0.007,2,55296,56320,train
9577,120.mat.txt,120,ball,0.007,2,55808,56832,train
9578,120.mat.txt,120,ball,0.007,2,56320,57344,train
9579,120.mat.txt,120,ball,0.007,2,56832,57856,train
9580,120.mat.txt,120,ball,0.007,2,57344,58368,train
9581,120.mat.txt,120,ball,0.007,2,57856,58880,train
9582,120.mat.txt,120,ball,0.007,2,58368,59392,train
9583,120.mat.txt,120,ball,0.007,2,58880,59904,train
9584,120.mat.txt,120,ball,0.007,2,59392,60416,train
9585,120.mat.txt,120,ball,0.007,2,59904,60928,train
9586,120.mat.txt,120,ball,0.007,2,60416,61440,train
9587,120.mat.txt,120,ball,0.007,2,60928,61952,train
9588,120.mat.txt,120,ball,0.007,2,61440,62464,train
9589,120.mat.txt,120,ball,0.007,2,61952,62976,train
9590,120.mat.txt,120,ball,0.007,2,62464,63488,train
9591,120.mat.txt,120,ball,0.007,2,62976,64000,train
9592,120.mat.txt,120,ball,0.007,2,63488,64512,train
9593,120.mat.txt,120,ball,0.007,2,64000,65024,train
9594,120.mat.txt,120,ball,0.007,2,64512,65536,train
9595,120.mat.txt,120,ball,0.007,2,65024,66048,train
9596,120.mat.txt,120,ball,0.007,2,65536,66560,train
9597,120.mat.txt,120,ball,0.007,2,66048,67072,train
9598,120.mat.txt,120,ball,0.007,2,66560,67584,train
9599,120.mat.txt,120,ball,0.007,2,67072,68096,train
9600,120.mat.txt,120,ball,0.007,2,67584,68608,train
9601,120.mat.txt,120,ball,0.007,2,68096,69120,train
9602,120.mat.txt,120,ball,0.007,2,68608,69632,train
9603,120.mat.txt,120,ball,0.007,2,69120,70144,train
9604,120.mat.txt,120,ball,0.007,2,69632,70656,train
9605,120.mat.txt,120,ball,0.007,2,70144,71168,train
9606,120.mat.txt,120,ball,0.007,2,70656,71680,train
9607,120.mat.txt,120,ball,0.007,2,71168,72192,train
9608,120.mat.txt,120,ball,0.007,2,71680,72704,train
9609,120.mat.txt,120,ball,0.007,2,72192,73216,train
9610,120.mat.txt,120,ball,0.007,2,72704,73728,train
9611,120.mat.txt,120,ball,0.007,2,73216,74240,train
9612,120.mat.txt,120,ball,0.007,2,73728,74752,train
9613,120.mat.txt,120,ball,0.007,2,74240,75264,train
9614,120.mat.txt,120,ball,0.007,2,74752,75776,train
9615,120.mat.txt,120,ball,0.007,2,75264,76288,train
9616,120.mat.txt,120,ball,0.007,2,75776,76800,train
9617,120.mat.txt,120,ball,0.007,2,76288,77312,train
9618,120.mat.txt,120,ball,0.007,2,76800,77824,train
9619,120.mat.txt,120,ball,0.007,2,77312,78336,train
9620,120.mat.txt,120,ball,0.007,2,77824,78848,train
9621,120.mat.txt,120,ball,0.007,2,78336,79360,train
9622,120.mat.txt,120,ball,0.007,2,78848,79872,train
9623,120.mat.txt,120,ball,0.007,2,79360,80384,train
9624,120.mat.txt,120,ball,0.007,2,79872,80896,train
9625,120.mat.txt,120,ball,0.007,2,80384,81408,train
9626,120.mat.txt,120,ball,0.007,2,80896,81920,train
9627,120.mat.txt,120,ball,0.007,2,81408,82432,train
9628,120.mat.txt,120,ball,0.007,2,81920,82944,train
9629,120.mat.txt,120,ball,0.007,2,82432,83456,train
9630,120.mat.txt,120,ball,0.007,2,82944,83968,train
9631,120.mat.txt,120,ball,0.007,2,83456,84480,train
9632,120.mat.txt,120,ball,0.007,2,83968,84992,train
9633,120.mat.txt,120,ball,0.007,2,84480,85504,train
9634,120.mat.txt,120,ball,0.007,2,84992,86016,train
9635,120.mat.txt,120,ball,0.007,2,85504,86528,train
9636,120.mat.txt,120,ball,0.007,2,86016,87040,train
9637,120.mat.txt,120,ball,0.007,2,86528,87552,train
9638,120.mat.txt,120,ball,0.007,2,87040,88064,train
9639,120.mat.txt,120,ball,0.007,2,87552,88576,train
9640,120.mat.txt,120,ball,0.007,2,88064,89088,train
9641,120.mat.txt,120,ball,0.007,2,88576,89600,train
9642,120.mat.txt,120,ball,0.007,2,89088,90112,train
9643,120.mat.txt,120,ball,0.007,2,89600,90624,train
9644,120.mat.txt,120,ball,0.007,2,90112,91136,train
9645,120.mat.txt,120,ball,0.007,2,90624,91648,train
9646,120.mat.txt,120,ball,0.007,2,91136,92160,train
9647,120.mat.txt,120,ball,0.007,2,91648,92672,train
9648,120.mat.txt,120,ball,0.007,2,92160,93184,train
9649,120.mat.txt,120,ball,0.007,2,92672,93696,train
9650,120.mat.txt,120,ball,0.007,2,93184,94208,train
9651,120.mat.txt,120,ball,0.007,2,93696,94720,train
9652,120.mat.txt,120,ball,0.007,2,94208,95232,train
9653,120.mat.txt,120,ball,0.007,2,94720,95744,train
9654,120.mat.txt,120,ball,0.007,2,95232,96256,train
9655,120.mat.txt,120,ball,0.007,2,95744,96768,train
9656,120.mat.txt,120,ball,0.007,2,96256,97280,train
9657,120.mat.txt,120,ball,0.007,2,96768,97792,train
9658,120.mat.txt,120,ball,0.007,2,97280,98304,train
9659,120.mat.txt,120,ball,0.007,2,97792,98816,train
9660,120.mat.txt,120,ball,0.007,2,98304,99328,train
9661,120.mat.txt,120,ball,0.007,2,98816,99840,train
9662,120.mat.txt,120,ball,0.007,2,99328,100352,train
9663,120.mat.txt,120,ball,0.007,2,99840,100864,train
9664,120.mat.txt,120,ball,0.007,2,100352,101376,train
9665,120.mat.txt,120,ball,0.007,2,100864,101888,train
9666,120.mat.txt,120,ball,0.007,2,101376,102400,train
9667,120.mat.txt,120,ball,0.007,2,101888,102912,train
9668,120.mat.txt,120,ball,0.007,2,102400,103424,train
9669,120.mat.txt,120,ball,0.007,2,102912,103936,train
9670,120.mat.txt,120,ball,0.007,2,103424,104448,train
9671,120.mat.txt,120,ball,0.007,2,103936,104960,train
9672,120.mat.txt,120,ball,0.007,2,104448,105472,train
9673,120.mat.txt,120,ball,0.007,2,104960,105984,train
9674,120.mat.txt,120,ball,0.007,2,105472,106496,train
9675,120.mat.txt,120,ball,0.007,2,105984,107008,train
9676,120.mat.txt,120,ball,0.007,2,106496,107520,train
9677,120.mat.txt,120,ball,0.007,2,107008,108032,train
9678,120.mat.txt,120,ball,0.007,2,107520,108544,train
9679,120.mat.txt,120,ball,0.007,2,108032,109056,train
9680,120.mat.txt,120,ball,0.007,2,108544,109568,train
9681,120.mat.txt,120,ball,0.007,2,109056,110080,train
9682,120.mat.txt,120,ball,0.007,2,109568,110592,train
9683,120.mat.txt,120,ball,0.007,2,110080,111104,train
9684,120.mat.txt,120,ball,0.007,2,110592,111616,train
9685,120.mat.txt,120,ball,0.007,2,111104,112128,train
9686,120.mat.txt,120,ball,0.007,2,111616,112640,train
9687,120.mat.txt,120,ball,0.007,2,112128,113152,train
9688,120.mat.txt,120,ball,0.007,2,112640,113664,train
9689,120.mat.txt,120,ball,0.007,2,113152,114176,train
9690,120.mat.txt,120,ball,0.007,2,113664,114688,train
9691,120.mat.txt,120,ball,0.007,2,114176,115200,train
9692,120.mat.txt,120,ball,0.007,2,114688,115712,train
9693,120.mat.txt,120,ball,0.007,2,115200,116224,train
9694,120.mat.txt,120,ball,0.007,2,115712,116736,train
9695,120.mat.txt,120,ball,0.007,2,116224,117248,train
9696,120.mat.txt,120,ball,0.007,2,116736,117760,train
9697,120.mat.txt,120,ball,0.007,2,117248,118272,train
9698,120.mat.txt,120,ball,0.007,2,117760,118784,train
9699,120.mat.txt,120,ball,0.007,2,118272,119296,train
9700,120.mat.txt,120,ball,0.007,2,118784,119808,train
9701,120.mat.txt,120,ball,0.007,2,119296,120320,train
9702,120.mat.txt,120,ball,0.007,2,119808,120832,train
9703,120.mat.txt,120,ball,0.007,2,120320,121344,train
9704,121.mat.txt,121,ball,0.007,3,0,1024,test
9705,121.mat.txt,121,ball,0.007,3,512,1536,test
9706,121.mat.txt,121,ball,0.007,3,1024,2048,test
9707,121.mat.txt,121,ball,0.007,3,1536,2560,test
9708,121.mat.txt,121,ball,0.007,3,2048,3072,test
9709,121.mat.txt,121,ball,0.007,3,2560,3584,test
9710,121.mat.txt,121,ball,0.007,3,3072,4096,test
9711,121.mat.txt,121,ball,0.007,3,3584,4608,test
9712,121.mat.txt,121,ball,0.007,3,4096,5120,test
9713,121.mat.txt,121,ball,0.007,3,4608,5632,test
9714,121.mat.txt,121,ball,0.007,3,5120,6144,test
9715,121.mat.txt,121,ball,0.007,3,5632,6656,test
9716,121.mat.txt,121,ball,0.007,3,6144,7168,test
9717,121.mat.txt,121,ball,0.007,3,6656,7680,test
9718,121.mat.txt,121,ball,0.007,3,7168,8192,test
9719,121.mat.txt,121,ball,0.007,3,7680,8704,test
9720,121.mat.txt,121,ball,0.007,3,8192,9216,test
9721,121.mat.txt,121,ball,0.007,3,8704,9728,test
9722,121.mat.txt,121,ball,0.007,3,9216,10240,test
9723,121.mat.txt,121,ball,0.007,3,9728,10752,test
9724,121.mat.txt,121,ball,0.007,3,10240,11264,test
9725,121.mat.txt,121,ball,0.007,3,10752,11776,test
9726,121.mat.txt,121,ball,0.007,3,11264,12288,test
9727,121.mat.txt,121,ball,0.007,3,11776,12800,test
9728,121.mat.txt,121,ball,0.007,3,12288,13312,test
9729,121.mat.txt,121,ball,0.007,3,12800,13824,test
9730,121.mat.txt,121,ball,0.007,3,13312,14336,test
9731,121.mat.txt,121,ball,0.007,3,13824,14848,test
9732,121.mat.txt,121,ball,0.007,3,14336,15360,test
9733,121.mat.txt,121,ball,0.007,3,14848,15872,test
9734,121.mat.txt,121,ball,0.007,3,15360,16384,test
9735,121.mat.txt,121,ball,0.007,3,15872,16896,test
9736,121.mat.txt,121,ball,0.007,3,16384,17408,test
9737,121.mat.txt,121,ball,0.007,3,16896,17920,test
9738,121.mat.txt,121,ball,0.007,3,17408,18432,test
9739,121.mat.txt,121,ball,0.007,3,17920,18944,test
9740,121.mat.txt,121,ball,0.007,3,18432,19456,test
9741,121.mat.txt,121,ball,0.007,3,18944,19968,test
9742,121.mat.txt,121,ball,0.007,3,19456,20480,test
9743,121.mat.txt,121,ball,0.007,3,19968,20992,test
9744,121.mat.txt,121,ball,0.007,3,20480,21504,test
9745,121.mat.txt,121,ball,0.007,3,20992,22016,test
9746,121.mat.txt,121,ball,0.007,3,21504,22528,test
9747,121.mat.txt,121,ball,0.007,3,22016,23040,test
9748,121.mat.txt,121,ball,0.007,3,22528,23552,test
9749,121.mat.txt,121,ball,0.007,3,23040,24064,test
9750,121.mat.txt,121,ball,0.007,3,23552,24576,test
9751,121.mat.txt,121,ball,0.007,3,24064,25088,test
9752,121.mat.txt,121,ball,0.007,3,24576,25600,test
9753,121.mat.txt,121,ball,0.007,3,25088,26112,test
9754,121.mat.txt,121,ball,0.007,3,25600,26624,test
9755,121.mat.txt,121,ball,0.007,3,26112,27136,test
9756,121.mat.txt,121,ball,0.007,3,26624,27648,test
9757,121.mat.txt,121,ball,0.007,3,27136,28160,test
9758,121.mat.txt,121,ball,0.007,3,27648,28672,test
9759,121.mat.txt,121,ball,0.007,3,28160,29184,test
9760,121.mat.txt,121,ball,0.007,3,28672,29696,test
9761,121.mat.txt,121,ball,0.007,3,29184,30208,test
9762,121.mat.txt,121,ball,0.007,3,29696,30720,test
9763,121.mat.txt,121,ball,0.007,3,30208,31232,test
9764,121.mat.txt,121,ball,0.007,3,30720,31744,test
9765,121.mat.txt,121,ball,0.007,3,31232,32256,test
9766,121.mat.txt,121,ball,0.007,3,31744,32768,test
9767,121.mat.txt,121,ball,0.007,3,32256,33280,test
9768,121.mat.txt,121,ball,0.007,3,32768,33792,test
9769,121.mat.txt,121,ball,0.007,3,33280,34304,test
9770,121.mat.txt,121,ball,0.007,3,33792,34816,test
9771,121.mat.txt,121,ball,0.007,3,34304,35328,test
9772,121.mat.txt,121,ball,0.007,3,34816,35840,test
9773,121.mat.txt,121,ball,0.007,3,35328,36352,test
9774,121.mat.txt,121,ball,0.007,3,35840,36864,test
9775,121.mat.txt,121,ball,0.007,3,36352,37376,test
9776,121.mat.txt,121,ball,0.007,3,36864,37888,test
9777,121.mat.txt,121,ball,0.007,3,37376,38400,test
9778,121.mat.txt,121,ball,0.007,3,37888,38912,test
9779,121.mat.txt,121,ball,0.007,3,38400,39424,test
9780,121.mat.txt,121,ball,0.007,3,38912,39936,test
9781,121.mat.txt,121,ball,0.007,3,39424,40448,test
9782,121.mat.txt,121,ball,0.007,3,39936,40960,test
9783,121.mat.txt,121,ball,0.007,3,40448,41472,test
9784,121.mat.txt,121,ball,0.007,3,40960,41984,test
9785,121.mat.txt,121,ball,0.007,3,41472,42496,test
9786,121.mat.txt,121,ball,0.007,3,41984,43008,test
9787,121.mat.txt,121,ball,0.007,3,42496,43520,test
9788,121.mat.txt,121,ball,0.007,3,43008,44032,test
9789,121.mat.txt,121,ball,0.007,3,43520,44544,test
9790,121.mat.txt,121,ball,0.007,3,44032,45056,test
9791,121.mat.txt,121,ball,0.007,3,44544,45568,test
9792,121.mat.txt,121,ball,0.007,3,45056,46080,test
9793,121.mat.txt,121,ball,0.007,3,45568,46592,test
9794,121.mat.txt,121,ball,0.007,3,46080,47104,test
9795,121.mat.txt,121,ball,0.007,3,46592,47616,test
9796,121.mat.txt,121,ball,0.007,3,47104,48128,test
9797,121.mat.txt,121,ball,0.007,3,47616,48640,test
9798,121.mat.txt,121,ball,0.007,3,48128,49152,test
9799,121.mat.txt,121,ball,0.007,3,48640,49664,test
9800,121.mat.txt,121,ball,0.007,3,49152,50176,test
9801,121.mat.txt,121,ball,0.007,3,49664,50688,test
9802,121.mat.txt,121,ball,0.007,3,50176,51200,test
9803,121.mat.txt,121,ball,0.007,3,50688,51712,test
9804,121.mat.txt,121,ball,0.007,3,51200,52224,test
9805,121.mat.txt,121,ball,0.007,3,51712,52736,test
9806,121.mat.txt,121,ball,0.007,3,52224,53248,test
9807,121.mat.txt,121,ball,0.007,3,52736,53760,test
9808,121.mat.txt,121,ball,0.007,3,53248,54272,test
9809,121.mat.txt,121,ball,0.007,3,53760,54784,test
9810,121.mat.txt,121,ball,0.007,3,54272,55296,test
9811,121.mat.txt,121,ball,0.007,3,54784,55808,test
9812,121.mat.txt,121,ball,0.007,3,55296,56320,test
9813,121.mat.txt,121,ball,0.007,3,55808,56832,test
9814,121.mat.txt,121,ball,0.007,3,56320,57344,test
9815,121.mat.txt,121,ball,0.007,3,56832,57856,test
9816,121.mat.txt,121,ball,0.007,3,57344,58368,test
9817,121.mat.txt,121,ball,0.007,3,57856,58880,test
9818,121.mat.txt,121,ball,0.007,3,58368,59392,test
9819,121.mat.txt,121,ball,0.007,3,58880,59904,test
9820,121.mat.txt,121,ball,0.007,3,59392,60416,test
9821,121.mat.txt,121,ball,0.007,3,59904,60928,test
9822,121.mat.txt,121,ball,0.007,3,60416,61440,test
9823,121.mat.txt,121,ball,0.007,3,60928,61952,test
9824,121.mat.txt,121,ball,0.007,3,61440,62464,test
9825,121.mat.txt,121,ball,0.007,3,61952,62976,test
9826,121.mat.txt,121,ball,0.007,3,62464,63488,test
9827,121.mat.txt,121,ball,0.007,3,62976,64000,test
9828,121.mat.txt,121,ball,0.007,3,63488,64512,test
9829,121.mat.txt,121,ball,0.007,3,64000,65024,test
9830,121.mat.txt,121,ball,0.007,3,64512,65536,test
9831,121.mat.txt,121,ball,0.007,3,65024,66048,test
9832,121.mat.txt,121,ball,0.007,3,65536,66560,test
9833,121.mat.txt,121,ball,0.007,3,66048,67072,test
9834,121.mat.txt,121,ball,0.007,3,66560,67584,test
9835,121.mat.txt,121,ball,0.007,3,67072,68096,test
9836,121.mat.txt,121,ball,0.007,3,67584,68608,test
9837,121.mat.txt,121,ball,0.007,3,68096,69120,test
9838,121.mat.txt,121,ball,0.007,3,68608,69632,test
9839,121.mat.txt,121,ball,0.007,3,69120,70144,test
9840,121.mat.txt,121,ball,0.007,3,69632,70656,test
9841,121.mat.txt,121,ball,0.007,3,70144,71168,test
9842,121.mat.txt,121,ball,0.007,3,70656,71680,test
9843,121.mat.txt,121,ball,0.007,3,71168,72192,test
9844,121.mat.txt,121,ball,0.007,3,71680,72704,test
9845,121.mat.txt,121,ball,0.007,3,72192,73216,test
9846,121.mat.txt,121,ball,0.007,3,72704,73728,test
9847,121.mat.txt,121,ball,0.007,3,73216,74240,test
9848,121.mat.txt,121,ball,0.007,3,73728,74752,test
9849,121.mat.txt,121,ball,0.007,3,74240,75264,test
9850,121.mat.txt,121,ball,0.007,3,74752,75776,test
9851,121.mat.txt,121,ball,0.007,3,75264,76288,test
9852,121.mat.txt,121,ball,0.007,3,75776,76800,test
9853,121.mat.txt,121,ball,0.007,3,76288,77312,test
9854,121.mat.txt,121,ball,0.007,3,76800,77824,test
9855,121.mat.txt,121,ball,0.007,3,77312,78336,test
9856,121.mat.txt,121,ball,0.007,3,77824,78848,test
9857,121.mat.txt,121,ball,0.007,3,78336,79360,test
9858,121.mat.txt,121,ball,0.007,3,78848,79872,test
9859,121.mat.txt,121,ball,0.007,3,79360,80384,test
9860,121.mat.txt,121,ball,0.007,3,79872,80896,test
9861,121.mat.txt,121,ball,0.007,3,80384,81408,test
9862,121.mat.txt,121,ball,0.007,3,80896,81920,test
9863,121.mat.txt,121,ball,0.007,3,81408,82432,test
9864,121.mat.txt,121,ball,0.007,3,81920,82944,test
9865,121.mat.txt,121,ball,0.007,3,82432,83456,test
9866,121.mat.txt,121,ball,0.007,3,82944,83968,test
9867,121.mat.txt,121,ball,0.007,3,83456,84480,test
9868,121.mat.txt,121,ball,0.007,3,83968,84992,test
9869,121.mat.txt,121,ball,0.007,3,84480,85504,test
9870,121.mat.txt,121,ball,0.007,3,84992,86016,test
9871,121.mat.txt,121,ball,0.007,3,85504,86528,test
9872,121.mat.txt,121,ball,0.007,3,86016,87040,test
9873,121.mat.txt,121,ball,0.007,3,86528,87552,test
9874,121.mat.txt,121,ball,0.007,3,87040,88064,test
9875,121.mat.txt,121,ball,0.007,3,87552,88576,test
9876,121.mat.txt,121,ball,0.007,3,88064,89088,test
9877,121.mat.txt,121,ball,0.007,3,88576,89600,test
9878,121.mat.txt,121,ball,0.007,3,89088,90112,test
9879,121.mat.txt,121,ball,0.007,3,89600,90624,test
9880,121.mat.txt,121,ball,0.007,3,90112,91136,test
9881,121.mat.txt,121,ball,0.007,3,90624,91648,test
9882,121.mat.txt,121,ball,0.007,3,91136,92160,test
9883,121.mat.txt,121,ball,0.007,3,91648,92672,test
9884,121.mat.txt,121,ball,0.007,3,92160,93184,test
9885,121.mat.txt,121,ball,0.007,3,92672,93696,test
9886,121.mat.txt,121,ball,0.007,3,93184,94208,test
9887,121.mat.txt,121,ball,0.007,3,93696,94720,test
9888,121.mat.txt,121,ball,0.007,3,94208,95232,test
9889,121.mat.txt,121,ball,0.007,3,94720,95744,test
9890,121.mat.txt,121,ball,0.007,3,95232,96256,test
9891,121.mat.txt,121,ball,0.007,3,95744,96768,test
9892,121.mat.txt,121,ball,0.007,3,96256,97280,test
9893,121.mat.txt,121,ball,0.007,3,96768,97792,test
9894,121.mat.txt,121,ball,0.007,3,97280,98304,test
9895,121.mat.txt,121,ball,0.007,3,97792,98816,test
9896,121.mat.txt,121,ball,0.007,3,98304,99328,test
9897,121.mat.txt,121,ball,0.007,3,98816,99840,test
9898,121.mat.txt,121,ball,0.007,3,99328,100352,test
9899,121.mat.txt,121,ball,0.007,3,99840,100864,test
9900,121.mat.txt,121,ball,0.007,3,100352,101376,test
9901,121.mat.txt,121,ball,0.007,3,100864,101888,test
9902,121.mat.txt,121,ball,0.007,3,101376,102400,test
9903,121.mat.txt,121,ball,0.007,3,101888,102912,test
9904,121.mat.txt,121,ball,0.007,3,102400,103424,test
9905,121.mat.txt,121,ball,0.007,3,102912,103936,test
9906,121.mat.txt,121,ball,0.007,3,103424,104448,test
9907,121.mat.txt,121,ball,0.007,3,103936,104960,test
9908,121.mat.txt,121,ball,0.007,3,104448,105472,test
9909,121.mat.txt,121,ball,0.007,3,104960,105984,test
9910,121.mat.txt,121,ball,0.007,3,105472,106496,test
9911,121.mat.txt,121,ball,0.007,3,105984,107008,test
9912,121.mat.txt,121,ball,0.007,3,106496,107520,test
9913,121.mat.txt,121,ball,0.007,3,107008,108032,test
9914,121.mat.txt,121,ball,0.007,3,107520,108544,test
9915,121.mat.txt,121,ball,0.007,3,108032,109056,test
9916,121.mat.txt,121,ball,0.007,3,108544,109568,test
9917,121.mat.txt,121,ball,0.007,3,109056,110080,test
9918,121.mat.txt,121,ball,0.007,3,109568,110592,test
9919,121.mat.txt,121,ball,0.007,3,110080,111104,test
9920,121.mat.txt,121,ball,0.007,3,110592,111616,test
9921,121.mat.txt,121,ball,0.007,3,111104,112128,test
9922,121.mat.txt,121,ball,0.007,3,111616,112640,test
9923,121.mat.txt,121,ball,0.007,3,112128,113152,test
9924,121.mat.txt,121,ball,0.007,3,112640,113664,test
9925,121.mat.txt,121,ball,0.007,3,113152,114176,test
9926,121.mat.txt,121,ball,0.007,3,113664,114688,test
9927,121.mat.txt,121,ball,0.007,3,114176,115200,test
9928,121.mat.txt,121,ball,0.007,3,114688,115712,test
9929,121.mat.txt,121,ball,0.007,3,115200,116224,test
9930,121.mat.txt,121,ball,0.007,3,115712,116736,test
9931,121.mat.txt,121,ball,0.007,3,116224,117248,test
9932,121.mat.txt,121,ball,0.007,3,116736,117760,test
9933,121.mat.txt,121,ball,0.007,3,117248,118272,test
9934,121.mat.txt,121,ball,0.007,3,117760,118784,test
9935,121.mat.txt,121,ball,0.007,3,118272,119296,test
9936,121.mat.txt,121,ball,0.007,3,118784,119808,test
9937,121.mat.txt,121,ball,0.007,3,119296,120320,test
9938,121.mat.txt,121,ball,0.007,3,119808,120832,test
9939,121.mat.txt,121,ball,0.007,3,120320,121344,test
9940,185.mat.txt,185,ball,0.014,0,0,1024,train
9941,185.mat.txt,185,ball,0.014,0,512,1536,train
9942,185.mat.txt,185,ball,0.014,0,1024,2048,train
9943,185.mat.txt,185,ball,0.014,0,1536,2560,train
9944,185.mat.txt,185,ball,0.014,0,2048,3072,train
9945,185.mat.txt,185,ball,0.014,0,2560,3584,train
9946,185.mat.txt,185,ball,0.014,0,3072,4096,train
9947,185.mat.txt,185,ball,0.014,0,3584,4608,train
9948,185.mat.txt,185,ball,0.014,0,4096,5120,train
9949,185.mat.txt,185,ball,0.014,0,4608,5632,train
9950,185.mat.txt,185,ball,0.014,0,5120,6144,train
9951,185.mat.txt,185,ball,0.014,0,5632,6656,train
9952,185.mat.txt,185,ball,0.014,0,6144,7168,train
9953,185.mat.txt,185,ball,0.014,0,6656,7680,train
9954,185.mat.txt,185,ball,0.014,0,7168,8192,train
9955,185.mat.txt,185,ball,0.014,0,7680,8704,train
9956,185.mat.txt,185,ball,0.014,0,8192,9216,train
9957,185.mat.txt,185,ball,0.014,0,8704,9728,train
9958,185.mat.txt,185,ball,0.014,0,9216,10240,train
9959,185.mat.txt,185,ball,0.014,0,9728,10752,train
9960,185.mat.txt,185,ball,0.014,0,10240,11264,train
9961,185.mat.txt,185,ball,0.014,0,10752,11776,train
9962,185.mat.txt,185,ball,0.014,0,11264,12288,train
9963,185.mat.txt,185,ball,0.014,0,11776,12800,train
9964,185.mat.txt,185,ball,0.014,0,12288,13312,train
9965,185.mat.txt,185,ball,0.014,0,12800,13824,train
9966,185.mat.txt,185,ball,0.014,0,13312,14336,train
9967,185.mat.txt,185,ball,0.014,0,13824,14848,train
9968,185.mat.txt,185,ball,0.014,0,14336,15360,train
9969,185.mat.txt,185,ball,0.014,0,14848,15872,train
9970,185.mat.txt,185,ball,0.014,0,15360,16384,train
9971,185.mat.txt,185,ball,0.014,0,15872,16896,train
9972,185.mat.txt,185,ball,0.014,0,16384,17408,train
9973,185.mat.txt,185,ball,0.014,0,16896,17920,train
9974,185.mat.txt,185,ball,0.014,0,17408,18432,train
9975,185.mat.txt,185,ball,0.014,0,17920,18944,train
9976,185.mat.txt,185,ball,0.014,0,18432,19456,train
9977,185.mat.txt,185,ball,0.014,0,18944,19968,train
9978,185.mat.txt,185,ball,0.014,0,19456,20480,train
9979,185.mat.txt,185,ball,0.014,0,19968,20992,train
9980,185.mat.txt,185,ball,0.014,0,20480,21504,train
9981,185.mat.txt,185,ball,0.014,0,20992,22016,train
9982,185.mat.txt,185,ball,0.014,0,21504,22528,train
9983,185.mat.txt,185,ball,0.014,0,22016,23040,train
9984,185.mat.txt,185,ball,0.014,0,22528,23552,train
9985,185.mat.txt,185,ball,0.014,0,23040,24064,train
9986,185.mat.txt,185,ball,0.014,0,23552,24576,train
9987,185.mat.txt,185,ball,0.014,0,24064,25088,train
9988,185.mat.txt,185,ball,0.014,0,24576,25600,train
9989,185.mat.txt,185,ball,0.014,0,25088,26112,train
9990,185.mat.txt,185,ball,0.014,0,25600,26624,train
9991,185.mat.txt,185,ball,0.014,0,26112,27136,train
9992,185.mat.txt,185,ball,0.014,0,26624,27648,train
9993,185.mat.txt,185,ball,0.014,0,27136,28160,train
9994,185.mat.txt,185,ball,0.014,0,27648,28672,train
9995,185.mat.txt,185,ball,0.014,0,28160,29184,train
9996,185.mat.txt,185,ball,0.014,0,28672,29696,train
9997,185.mat.txt,185,ball,0.014,0,29184,30208,train
9998,185.mat.txt,185,ball,0.014,0,29696,30720,train
9999,185.mat.txt,185,ball,0.014,0,30208,31232,train
10000,185.mat.txt,185,ball,0.014,0,30720,31744,train
10001,185.mat.txt,185,ball,0.014,0,31232,32256,train
10002,185.mat.txt,185,ball,0.014,0,31744,32768,train
10003,185.mat.txt,185,ball,0.014,0,32256,33280,train
10004,185.mat.txt,185,ball,0.014,0,32768,33792,train
10005,185.mat.txt,185,ball,0.014,0,33280,34304,train
10006,185.mat.txt,185,ball,0.014,0,33792,34816,train
10007,185.mat.txt,185,ball,0.014,0,34304,35328,train
10008,185.mat.txt,185,ball,0.014,0,34816,35840,train
10009,185.mat.txt,185,ball,0.014,0,35328,36352,train
10010,185.mat.txt,185,ball,0.014,0,35840,36864,train
10011,185.mat.txt,185,ball,0.014,0,36352,37376,train
10012,185.mat.txt,185,ball,0.014,0,36864,37888,train
10013,185.mat.txt,185,ball,0.014,0,37376,38400,train
10014,185.mat.txt,185,ball,0.014,0,37888,38912,train
10015,185.mat.txt,185,ball,0.014,0,38400,39424,train
10016,185.mat.txt,185,ball,0.014,0,38912,39936,train
10017,185.mat.txt,185,ball,0.014,0,39424,40448,train
10018,185.mat.txt,185,ball,0.014,0,39936,40960,train
10019,185.mat.txt,185,ball,0.014,0,40448,41472,train
10020,185.mat.txt,185,ball,0.014,0,40960,41984,train
10021,185.mat.txt,185,ball,0.014,0,41472,42496,train
10022,185.mat.txt,185,ball,0.014,0,41984,43008,train
10023,185.mat.txt,185,ball,0.014,0,42496,43520,train
10024,185.mat.txt,185,ball,0.014,0,43008,44032,train
10025,185.mat.txt,185,ball,0.014,0,43520,44544,train
10026,185.mat.txt,185,ball,0.014,0,44032,45056,train
10027,185.mat.txt,185,ball,0.014,0,44544,45568,train
10028,185.mat.txt,185,ball,0.014,0,45056,46080,train
10029,185.mat.txt,185,ball,0.014,0,45568,46592,train
10030,185.mat.txt,185,ball,0.014,0,46080,47104,train
10031,185.mat.txt,185,ball,0.014,0,46592,47616,train
10032,185.mat.txt,185,ball,0.014,0,47104,48128,train
10033,185.mat.txt,185,ball,0.014,0,47616,48640,train
10034,185.mat.txt,185,ball,0.014,0,48128,49152,train
10035,185.mat.txt,185,ball,0.014,0,48640,49664,train
10036,185.mat.txt,185,ball,0.014,0,49152,50176,train
10037,185.mat.txt,185,ball,0.014,0,49664,50688,train
10038,185.mat.txt,185,ball,0.014,0,50176,51200,train
10039,185.mat.txt,185,ball,0.014,0,50688,51712,train
10040,185.mat.txt,185,ball,0.014,0,51200,52224,train
10041,185.mat.txt,185,ball,0.014,0,51712,52736,train
10042,185.mat.txt,185,ball,0.014,0,52224,53248,train
10043,185.mat.txt,185,ball,0.014,0,52736,53760,train
10044,185.mat.txt,185,ball,0.014,0,53248,54272,train
10045,185.mat.txt,185,ball,0.014,0,53760,54784,train
10046,185.mat.txt,185,ball,0.014,0,54272,55296,train
10047,185.mat.txt,185,ball,0.014,0,54784,55808,train
10048,185.mat.txt,185,ball,0.014,0,55296,56320,train
10049,185.mat.txt,185,ball,0.014,0,55808,56832,train
10050,185.mat.txt,185,ball,0.014,0,56320,57344,train
10051,185.mat.txt,185,ball,0.014,0,56832,57856,train
10052,185.mat.txt,185,ball,0.014,0,57344,58368,train
10053,185.mat.txt,185,ball,0.014,0,57856,58880,train
10054,185.mat.txt,185,ball,0.014,0,58368,59392,train
10055,185.mat.txt,185,ball,0.014,0,58880,59904,train
10056,185.mat.txt,185,ball,0.014,0,59392,60416,train
10057,185.mat.txt,185,ball,0.014,0,59904,60928,train
10058,185.mat.txt,185,ball,0.014,0,60416,61440,train
10059,185.mat.txt,185,ball,0.014,0,60928,61952,train
10060,185.mat.txt,185,ball,0.014,0,61440,62464,train
10061,185.mat.txt,185,ball,0.014,0,61952,62976,train
10062,185.mat.txt,185,ball,0.014,0,62464,63488,train
10063,185.mat.txt,185,ball,0.014,0,62976,64000,train
10064,185.mat.txt,185,ball,0.014,0,63488,64512,train
10065,185.mat.txt,185,ball,0.014,0,64000,65024,train
10066,185.mat.txt,185,ball,0.014,0,64512,65536,train
10067,185.mat.txt,185,ball,0.014,0,65024,66048,train
10068,185.mat.txt,185,ball,0.014,0,65536,66560,train
10069,185.mat.txt,185,ball,0.014,0,66048,67072,train
10070,185.mat.txt,185,ball,0.014,0,66560,67584,train
10071,185.mat.txt,185,ball,0.014,0,67072,68096,train
10072,185.mat.txt,185,ball,0.014,0,67584,68608,train
10073,185.mat.txt,185,ball,0.014,0,68096,69120,train
10074,185.mat.txt,185,ball,0.014,0,68608,69632,train
10075,185.mat.txt,185,ball,0.014,0,69120,70144,train
10076,185.mat.txt,185,ball,0.014,0,69632,70656,train
10077,185.mat.txt,185,ball,0.014,0,70144,71168,train
10078,185.mat.txt,185,ball,0.014,0,70656,71680,train
10079,185.mat.txt,185,ball,0.014,0,71168,72192,train
10080,185.mat.txt,185,ball,0.014,0,71680,72704,train
10081,185.mat.txt,185,ball,0.014,0,72192,73216,train
10082,185.mat.txt,185,ball,0.014,0,72704,73728,train
10083,185.mat.txt,185,ball,0.014,0,73216,74240,train
10084,185.mat.txt,185,ball,0.014,0,73728,74752,train
10085,185.mat.txt,185,ball,0.014,0,74240,75264,train
10086,185.mat.txt,185,ball,0.014,0,74752,75776,train
10087,185.mat.txt,185,ball,0.014,0,75264,76288,train
10088,185.mat.txt,185,ball,0.014,0,75776,76800,train
10089,185.mat.txt,185,ball,0.014,0,76288,77312,train
10090,185.mat.txt,185,ball,0.014,0,76800,77824,train
10091,185.mat.txt,185,ball,0.014,0,77312,78336,train
10092,185.mat.txt,185,ball,0.014,0,77824,78848,train
10093,185.mat.txt,185,ball,0.014,0,78336,79360,train
10094,185.mat.txt,185,ball,0.014,0,78848,79872,train
10095,185.mat.txt,185,ball,0.014,0,79360,80384,train
10096,185.mat.txt,185,ball,0.014,0,79872,80896,train
10097,185.mat.txt,185,ball,0.014,0,80384,81408,train
10098,185.mat.txt,185,ball,0.014,0,80896,81920,train
10099,185.mat.txt,185,ball,0.014,0,81408,82432,train
10100,185.mat.txt,185,ball,0.014,0,81920,82944,train
10101,185.mat.txt,185,ball,0.014,0,82432,83456,train
10102,185.mat.txt,185,ball,0.014,0,82944,83968,train
10103,185.mat.txt,185,ball,0.014,0,83456,84480,train
10104,185.mat.txt,185,ball,0.014,0,83968,84992,train
10105,185.mat.txt,185,ball,0.014,0,84480,85504,train
10106,185.mat.txt,185,ball,0.014,0,84992,86016,train
10107,185.mat.txt,185,ball,0.014,0,85504,86528,train
10108,185.mat.txt,185,ball,0.014,0,86016,87040,train
10109,185.mat.txt,185,ball,0.014,0,86528,87552,train
10110,185.mat.txt,185,ball,0.014,0,87040,88064,train
10111,185.mat.txt,185,ball,0.014,0,87552,88576,train
10112,185.mat.txt,185,ball,0.014,0,88064,89088,train
10113,185.mat.txt,185,ball,0.014,0,88576,89600,train
10114,185.mat.txt,185,ball,0.014,0,89088,90112,train
10115,185.mat.txt,185,ball,0.014,0,89600,90624,train
10116,185.mat.txt,185,ball,0.014,0,90112,91136,train
10117,185.mat.txt,185,ball,0.014,0,90624,91648,train
10118,185.mat.txt,185,ball,0.014,0,91136,92160,train
10119,185.mat.txt,185,ball,0.014,0,91648,92672,train
10120,185.mat.txt,185,ball,0.014,0,92160,93184,train
10121,185.mat.txt,185,ball,0.014,0,92672,93696,train
10122,185.mat.txt,185,ball,0.014,0,93184,94208,train
10123,185.mat.txt,185,ball,0.014,0,93696,94720,train
10124,185.mat.txt,185,ball,0.014,0,94208,95232,train
10125,185.mat.txt,185,ball,0.014,0,94720,95744,train
10126,185.mat.txt,185,ball,0.014,0,95232,96256,train
10127,185.mat.txt,185,ball,0.014,0,95744,96768,train
10128,185.mat.txt,185,ball,0.014,0,96256,97280,train
10129,185.mat.txt,185,ball,0.014,0,96768,97792,train
10130,185.mat.txt,185,ball,0.014,0,97280,98304,train
10131,185.mat.txt,185,ball,0.014,0,97792,98816,train
10132,185.mat.txt,185,ball,0.014,0,98304,99328,train
10133,185.mat.txt,185,ball,0.014,0,98816,99840,train
10134,185.mat.txt,185,ball,0.014,0,99328,100352,train
10135,185.mat.txt,185,ball,0.014,0,99840,100864,train
10136,185.mat.txt,185,ball,0.014,0,100352,101376,train
10137,185.mat.txt,185,ball,0.014,0,100864,101888,train
10138,185.mat.txt,185,ball,0.014,0,101376,102400,train
10139,185.mat.txt,185,ball,0.014,0,101888,102912,train
10140,185.mat.txt,185,ball,0.014,0,102400,103424,train
10141,185.mat.txt,185,ball,0.014,0,102912,103936,train
10142,185.mat.txt,185,ball,0.014,0,103424,104448,train
10143,185.mat.txt,185,ball,0.014,0,103936,104960,train
10144,185.mat.txt,185,ball,0.014,0,104448,105472,train
10145,185.mat.txt,185,ball,0.014,0,104960,105984,train
10146,185.mat.txt,185,ball,0.014,0,105472,106496,train
10147,185.mat.txt,185,ball,0.014,0,105984,107008,train
10148,185.mat.txt,185,ball,0.014,0,106496,107520,train
10149,185.mat.txt,185,ball,0.014,0,107008,108032,train
10150,185.mat.txt,185,ball,0.014,0,107520,108544,train
10151,185.mat.txt,185,ball,0.014,0,108032,109056,train
10152,185.mat.txt,185,ball,0.014,0,108544,109568,train
10153,185.mat.txt,185,ball,0.014,0,109056,110080,train
10154,185.mat.txt,185,ball,0.014,0,109568,110592,train
10155,185.mat.txt,185,ball,0.014,0,110080,111104,train
10156,185.mat.txt,185,ball,0.014,0,110592,111616,train
10157,185.mat.txt,185,ball,0.014,0,111104,112128,train
10158,185.mat.txt,185,ball,0.014,0,111616,112640,train
10159,185.mat.txt,185,ball,0.014,0,112128,113152,train
10160,185.mat.txt,185,ball,0.014,0,112640,113664,train
10161,185.mat.txt,185,ball,0.014,0,113152,114176,train
10162,185.mat.txt,185,ball,0.014,0,113664,114688,train
10163,185.mat.txt,185,ball,0.014,0,114176,115200,train
10164,185.mat.txt,185,ball,0.014,0,114688,115712,train
10165,185.mat.txt,185,ball,0.014,0,115200,116224,train
10166,185.mat.txt,185,ball,0.014,0,115712,116736,train
10167,185.mat.txt,185,ball,0.014,0,116224,117248,train
10168,185.mat.txt,185,ball,0.014,0,116736,117760,train
10169,185.mat.txt,185,ball,0.014,0,117248,118272,train
10170,185.mat.txt,185,ball,0.014,0,117760,118784,train
10171,185.mat.txt,185,ball,0.014,0,118272,119296,train
10172,185.mat.txt,185,ball,0.014,0,118784,119808,train
10173,185.mat.txt,185,ball,0.014,0,119296,120320,train
10174,185.mat.txt,185,ball,0.014,0,119808,120832,train
10175,185.mat.txt,185,ball,0.014,0,120320,121344,train
10176,186.mat.txt,186,ball,0.014,1,0,1024,train
10177,186.mat.txt,186,ball,0.014,1,512,1536,train
10178,186.mat.txt,186,ball,0.014,1,1024,2048,train
10179,186.mat.txt,186,ball,0.014,1,1536,2560,train
10180,186.mat.txt,186,ball,0.014,1,2048,3072,train
10181,186.mat.txt,186,ball,0.014,1,2560,3584,train
10182,186.mat.txt,186,ball,0.014,1,3072,4096,train
10183,186.mat.txt,186,ball,0.014,1,3584,4608,train
10184,186.mat.txt,186,ball,0.014,1,4096,5120,train
10185,186.mat.txt,186,ball,0.014,1,4608,5632,train
10186,186.mat.txt,186,ball,0.014,1,5120,6144,train
10187,186.mat.txt,186,ball,0.014,1,5632,6656,train
10188,186.mat.txt,186,ball,0.014,1,6144,7168,train
10189,186.mat.txt,186,ball,0.014,1,6656,7680,train
10190,186.mat.txt,186,ball,0.014,1,7168,8192,train
10191,186.mat.txt,186,ball,0.014,1,7680,8704,train
10192,186.mat.txt,186,ball,0.014,1,8192,9216,train
10193,186.mat.txt,186,ball,0.014,1,8704,9728,train
10194,186.mat.txt,186,ball,0.014,1,9216,10240,train
10195,186.mat.txt,186,ball,0.014,1,9728,10752,train
10196,186.mat.txt,186,ball,0.014,1,10240,11264,train
10197,186.mat.txt,186,ball,0.014,1,10752,11776,train
10198,186.mat.txt,186,ball,0.014,1,11264,12288,train
10199,186.mat.txt,186,ball,0.014,1,11776,12800,train
10200,186.mat.txt,186,ball,0.014,1,12288,13312,train
10201,186.mat.txt,186,ball,0.014,1,12800,13824,train
10202,186.mat.txt,186,ball,0.014,1,13312,14336,train
10203,186.mat.txt,186,ball,0.014,1,13824,14848,train
10204,186.mat.txt,186,ball,0.014,1,14336,15360,train
10205,186.mat.txt,186,ball,0.014,1,14848,15872,train
10206,186.mat.txt,186,ball,0.014,1,15360,16384,train
10207,186.mat.txt,186,ball,0.014,1,15872,16896,train
10208,186.mat.txt,186,ball,0.014,1,16384,17408,train
10209,186.mat.txt,186,ball,0.014,1,16896,17920,train
10210,186.mat.txt,186,ball,0.014,1,17408,18432,train
10211,186.mat.txt,186,ball,0.014,1,17920,18944,train
10212,186.mat.txt,186,ball,0.014,1,18432,19456,train
10213,186.mat.txt,186,ball,0.014,1,18944,19968,train
10214,186.mat.txt,186,ball,0.014,1,19456,20480,train
10215,186.mat.txt,186,ball,0.014,1,19968,20992,train
10216,186.mat.txt,186,ball,0.014,1,20480,21504,train
10217,186.mat.txt,186,ball,0.014,1,20992,22016,train
10218,186.mat.txt,186,ball,0.014,1,21504,22528,train
10219,186.mat.txt,186,ball,0.014,1,22016,23040,train
10220,186.mat.txt,186,ball,0.014,1,22528,23552,train
10221,186.mat.txt,186,ball,0.014,1,23040,24064,train
10222,186.mat.txt,186,ball,0.014,1,23552,24576,train
10223,186.mat.txt,186,ball,0.014,1,24064,25088,train
10224,186.mat.txt,186,ball,0.014,1,24576,25600,train
10225,186.mat.txt,186,ball,0.014,1,25088,26112,train
10226,186.mat.txt,186,ball,0.014,1,25600,26624,train
10227,186.mat.txt,186,ball,0.014,1,26112,27136,train
10228,186.mat.txt,186,ball,0.014,1,26624,27648,train
10229,186.mat.txt,186,ball,0.014,1,27136,28160,train
10230,186.mat.txt,186,ball,0.014,1,27648,28672,train
10231,186.mat.txt,186,ball,0.014,1,28160,29184,train
10232,186.mat.txt,186,ball,0.014,1,28672,29696,train
10233,186.mat.txt,186,ball,0.014,1,29184,30208,train
10234,186.mat.txt,186,ball,0.014,1,29696,30720,train
10235,186.mat.txt,186,ball,0.014,1,30208,31232,train
10236,186.mat.txt,186,ball,0.014,1,30720,31744,train
10237,186.mat.txt,186,ball,0.014,1,31232,32256,train
10238,186.mat.txt,186,ball,0.014,1,31744,32768,train
10239,186.mat.txt,186,ball,0.014,1,32256,33280,train
10240,186.mat.txt,186,ball,0.014,1,32768,33792,train
10241,186.mat.txt,186,ball,0.014,1,33280,34304,train
10242,186.mat.txt,186,ball,0.014,1,33792,34816,train
10243,186.mat.txt,186,ball,0.014,1,34304,35328,train
10244,186.mat.txt,186,ball,0.014,1,34816,35840,train
10245,186.mat.txt,186,ball,0.014,1,35328,36352,train
10246,186.mat.txt,186,ball,0.014,1,35840,36864,train
10247,186.mat.txt,186,ball,0.014,1,36352,37376,train
10248,186.mat.txt,186,ball,0.014,1,36864,37888,train
10249,186.mat.txt,186,ball,0.014,1,37376,38400,train
10250,186.mat.txt,186,ball,0.014,1,37888,38912,train
10251,186.mat.txt,186,ball,0.014,1,38400,39424,train
10252,186.mat.txt,186,ball,0.014,1,38912,39936,train
10253,186.mat.txt,186,ball,0.014,1,39424,40448,train
10254,186.mat.txt,186,ball,0.014,1,39936,40960,train
10255,186.mat.txt,186,ball,0.014,1,40448,41472,train
10256,186.mat.txt,186,ball,0.014,1,40960,41984,train
10257,186.mat.txt,186,ball,0.014,1,41472,42496,train
10258,186.mat.txt,186,ball,0.014,1,41984,43008,train
10259,186.mat.txt,186,ball,0.014,1,42496,43520,train
10260,186.mat.txt,186,ball,0.014,1,43008,44032,train
10261,186.mat.txt,186,ball,0.014,1,43520,44544,train
10262,186.mat.txt,186,ball,0.014,1,44032,45056,train
10263,186.mat.txt,186,ball,0.014,1,44544,45568,train
10264,186.mat.txt,186,ball,0.014,1,45056,46080,train
10265,186.mat.txt,186,ball,0.014,1,45568,46592,train
10266,186.mat.txt,186,ball,0.014,1,46080,47104,train
10267,186.mat.txt,186,ball,0.014,1,46592,47616,train
10268,186.mat.txt,186,ball,0.014,1,47104,48128,train
10269,186.mat.txt,186,ball,0.014,1,47616,48640,train
10270,186.mat.txt,186,ball,0.014,1,48128,49152,train
10271,186.mat.txt,186,ball,0.014,1,48640,49664,train
10272,186.mat.txt,186,ball,0.014,1,49152,50176,train
10273,186.mat.txt,186,ball,0.014,1,49664,50688,train
10274,186.mat.txt,186,ball,0.014,1,50176,51200,train
10275,186.mat.txt,186,ball,0.014,1,50688,51712,train
10276,186.mat.txt,186,ball,0.014,1,51200,52224,train
10277,186.mat.txt,186,ball,0.014,1,51712,52736,train
10278,186.mat.txt,186,ball,0.014,1,52224,53248,train
10279,186.mat.txt,186,ball,0.014,1,52736,53760,train
10280,186.mat.txt,186,ball,0.014,1,53248,54272,train
10281,186.mat.txt,186,ball,0.014,1,53760,54784,train
10282,186.mat.txt,186,ball,0.014,1,54272,55296,train
10283,186.mat.txt,186,ball,0.014,1,54784,55808,train
10284,186.mat.txt,186,ball,0.014,1,55296,56320,train
10285,186.mat.txt,186,ball,0.014,1,55808,56832,train
10286,186.mat.txt,186,ball,0.014,1,56320,57344,train
10287,186.mat.txt,186,ball,0.014,1,56832,57856,train
10288,186.mat.txt,186,ball,0.014,1,57344,58368,train
10289,186.mat.txt,186,ball,0.014,1,57856,58880,train
10290,186.mat.txt,186,ball,0.014,1,58368,59392,train
10291,186.mat.txt,186,ball,0.014,1,58880,59904,train
10292,186.mat.txt,186,ball,0.014,1,59392,60416,train
10293,186.mat.txt,186,ball,0.014,1,59904,60928,train
10294,186.mat.txt,186,ball,0.014,1,60416,61440,train
10295,186.mat.txt,186,ball,0.014,1,60928,61952,train
10296,186.mat.txt,186,ball,0.014,1,61440,62464,train
10297,186.mat.txt,186,ball,0.014,1,61952,62976,train
10298,186.mat.txt,186,ball,0.014,1,62464,63488,train
10299,186.mat.txt,186,ball,0.014,1,62976,64000,train
10300,186.mat.txt,186,ball,0.014,1,63488,64512,train
10301,186.mat.txt,186,ball,0.014,1,64000,65024,train
10302,186.mat.txt,186,ball,0.014,1,64512,65536,train
10303,186.mat.txt,186,ball,0.014,1,65024,66048,train
10304,186.mat.txt,186,ball,0.014,1,65536,66560,train
10305,186.mat.txt,186,ball,0.014,1,66048,67072,train
10306,186.mat.txt,186,ball,0.014,1,66560,67584,train
10307,186.mat.txt,186,ball,0.014,1,67072,68096,train
10308,186.mat.txt,186,ball,0.014,1,67584,68608,train
10309,186.mat.txt,186,ball,0.014,1,68096,69120,train
10310,186.mat.txt,186,ball,0.014,1,68608,69632,train
10311,186.mat.txt,186,ball,0.014,1,69120,70144,train
10312,186.mat.txt,186,ball,0.014,1,69632,70656,train
10313,186.mat.txt,186,ball,0.014,1,70144,71168,train
10314,186.mat.txt,186,ball,0.014,1,70656,71680,train
10315,186.mat.txt,186,ball,0.014,1,71168,72192,train
10316,186.mat.txt,186,ball,0.014,1,71680,72704,train
10317,186.mat.txt,186,ball,0.014,1,72192,73216,train
10318,186.mat.txt,186,ball,0.014,1,72704,73728,train
10319,186.mat.txt,186,ball,0.014,1,73216,74240,train
10320,186.mat.txt,186,ball,0.014,1,73728,74752,train
10321,186.mat.txt,186,ball,0.014,1,74240,75264,train
10322,186.mat.txt,186,ball,0.014,1,74752,75776,train
10323,186.mat.txt,186,ball,0.014,1,75264,76288,train
10324,186.mat.txt,186,ball,0.014,1,75776,76800,train
10325,186.mat.txt,186,ball,0.014,1,76288,77312,train
10326,186.mat.txt,186,ball,0.014,1,76800,77824,train
10327,186.mat.txt,186,ball,0.014,1,77312,78336,train
10328,186.mat.txt,186,ball,0.014,1,77824,78848,train
10329,186.mat.txt,186,ball,0.014,1,78336,79360,train
10330,186.mat.txt,186,ball,0.014,1,78848,79872,train
10331,186.mat.txt,186,ball,0.014,1,79360,80384,train
10332,186.mat.txt,186,ball,0.014,1,79872,80896,train
10333,186.mat.txt,186,ball,0.014,1,80384,81408,train
10334,186.mat.txt,186,ball,0.014,1,80896,81920,train
10335,186.mat.txt,186,ball,0.014,1,81408,82432,train
10336,186.mat.txt,186,ball,0.014,1,81920,82944,train
10337,186.mat.txt,186,ball,0.014,1,82432,83456,train
10338,186.mat.txt,186,ball,0.014,1,82944,83968,train
10339,186.mat.txt,186,ball,0.014,1,83456,84480,train
10340,186.mat.txt,186,ball,0.014,1,83968,84992,train
10341,186.mat.txt,186,ball,0.014,1,84480,85504,train
10342,186.mat.txt,186,ball,0.014,1,84992,86016,train
10343,186.mat.txt,186,ball,0.014,1,85504,86528,train
10344,186.mat.txt,186,ball,0.014,1,86016,87040,train
10345,186.mat.txt,186,ball,0.014,1,86528,87552,train
10346,186.mat.txt,186,ball,0.014,1,87040,88064,train
10347,186.mat.txt,186,ball,0.014,1,87552,88576,train
10348,186.mat.txt,186,ball,0.014,1,88064,89088,train
10349,186.mat.txt,186,ball,0.014,1,88576,89600,train
10350,186.mat.txt,186,ball,0.014,1,89088,90112,train
10351,186.mat.txt,186,ball,0.014,1,89600,90624,train
10352,186.mat.txt,186,ball,0.014,1,90112,91136,train
10353,186.mat.txt,186,ball,0.014,1,90624,91648,train
10354,186.mat.txt,186,ball,0.014,1,91136,92160,train
10355,186.mat.txt,186,ball,0.014,1,91648,92672,train
10356,186.mat.txt,186,ball,0.014,1,92160,93184,train
10357,186.mat.txt,186,ball,0.014,1,92672,93696,train
10358,186.mat.txt,186,ball,0.014,1,93184,94208,train
10359,186.mat.txt,186,ball,0.014,1,93696,94720,train
10360,186.mat.txt,186,ball,0.014,1,94208,95232,train
10361,186.mat.txt,186,ball,0.014,1,94720,95744,train
10362,186.mat.txt,186,ball,0.014,1,95232,96256,train
10363,186.mat.txt,186,ball,0.014,1,95744,96768,train
10364,186.mat.txt,186,ball,0.014,1,96256,97280,train
10365,186.mat.txt,186,ball,0.014,1,96768,97792,train
10366,186.mat.txt,186,ball,0.014,1,97280,98304,train
10367,186.mat.txt,186,ball,0.014,1,97792,98816,train
10368,186.mat.txt,186,ball,0.014,1,98304,99328,train
10369,186.mat.txt,186,ball,0.014,1,98816,99840,train
10370,186.mat.txt,186,ball,0.014,1,99328,100352,train
10371,186.mat.txt,186,ball,0.014,1,99840,100864,train
10372,186.mat.txt,186,ball,0.014,1,100352,101376,train
10373,186.mat.txt,186,ball,0.014,1,100864,101888,train
10374,186.mat.txt,186,ball,0.014,1,101376,102400,train
10375,186.mat.txt,186,ball,0.014,1,101888,102912,train
10376,186.mat.txt,186,ball,0.014,1,102400,103424,train
10377,186.mat.txt,186,ball,0.014,1,102912,103936,train
10378,186.mat.txt,186,ball,0.014,1,103424,104448,train
10379,186.mat.txt,186,ball,0.014,1,103936,104960,train
10380,186.mat.txt,186,ball,0.014,1,104448,105472,train
10381,186.mat.txt,186,ball,0.014,1,104960,105984,train
10382,186.mat.txt,186,ball,0.014,1,105472,106496,train
10383,186.mat.txt,186,ball,0.014,1,105984,107008,train
10384,186.mat.txt,186,ball,0.014,1,106496,107520,train
10385,186.mat.txt,186,ball,0.014,1,107008,108032,train
10386,186.mat.txt,186,ball,0.014,1,107520,108544,train
10387,186.mat.txt,186,ball,0.014,1,108032,109056,train
10388,186.mat.txt,186,ball,0.014,1,108544,109568,train
10389,186.mat.txt,186,ball,0.014,1,109056,110080,train
10390,186.mat.txt,186,ball,0.014,1,109568,110592,train
10391,186.mat.txt,186,ball,0.014,1,110080,111104,train
10392,186.mat.txt,186,ball,0.014,1,110592,111616,train
10393,186.mat.txt,186,ball,0.014,1,111104,112128,train
10394,186.mat.txt,186,ball,0.014,1,111616,112640,train
10395,186.mat.txt,186,ball,0.014,1,112128,113152,train
10396,186.mat.txt,186,ball,0.014,1,112640,113664,train
10397,186.mat.txt,186,ball,0.014,1,113152,114176,train
10398,186.mat.txt,186,ball,0.014,1,113664,114688,train
10399,186.mat.txt,186,ball,0.014,1,114176,115200,train
10400,186.mat.txt,186,ball,0.014,1,114688,115712,train
10401,186.mat.txt,186,ball,0.014,1,115200,116224,train
10402,186.mat.txt,186,ball,0.014,1,115712,116736,train
10403,186.mat.txt,186,ball,0.014,1,116224,117248,train
10404,186.mat.txt,186,ball,0.014,1,116736,117760,train
10405,186.mat.txt,186,ball,0.014,1,117248,118272,train
10406,186.mat.txt,186,ball,0.014,1,117760,118784,train
10407,186.mat.txt,186,ball,0.014,1,118272,119296,train
10408,186.mat.txt,186,ball,0.014,1,118784,119808,train
10409,186.mat.txt,186,ball,0.014,1,119296,120320,train
10410,186.mat.txt,186,ball,0.014,1,119808,120832,train
10411,186.mat.txt,186,ball,0.014,1,120320,121344,train
10412,186.mat.txt,186,ball,0.014,1,120832,121856,train
10413,187.mat.txt,187,ball,0.014,2,0,1024,train
10414,187.mat.txt,187,ball,0.014,2,512,1536,train
10415,187.mat.txt,187,ball,0.014,2,1024,2048,train
10416,187.mat.txt,187,ball,0.014,2,1536,2560,train
10417,187.mat.txt,187,ball,0.014,2,2048,3072,train
10418,187.mat.txt,187,ball,0.014,2,2560,3584,train
10419,187.mat.txt,187,ball,0.014,2,3072,4096,train
10420,187.mat.txt,187,ball,0.014,2,3584,4608,train
10421,187.mat.txt,187,ball,0.014,2,4096,5120,train
10422,187.mat.txt,187,ball,0.014,2,4608,5632,train
10423,187.mat.txt,187,ball,0.014,2,5120,6144,train
10424,187.mat.txt,187,ball,0.014,2,5632,6656,train
10425,187.mat.txt,187,ball,0.014,2,6144,7168,train
10426,187.mat.txt,187,ball,0.014,2,6656,7680,train
10427,187.mat.txt,187,ball,0.014,2,7168,8192,train
10428,187.mat.txt,187,ball,0.014,2,7680,8704,train
10429,187.mat.txt,187,ball,0.014,2,8192,9216,train
10430,187.mat.txt,187,ball,0.014,2,8704,9728,train
10431,187.mat.txt,187,ball,0.014,2,9216,10240,train
10432,187.mat.txt,187,ball,0.014,2,9728,10752,train
10433,187.mat.txt,187,ball,0.014,2,10240,11264,train
10434,187.mat.txt,187,ball,0.014,2,10752,11776,train
10435,187.mat.txt,187,ball,0.014,2,11264,12288,train
10436,187.mat.txt,187,ball,0.014,2,11776,12800,train
10437,187.mat.txt,187,ball,0.014,2,12288,13312,train
10438,187.mat.txt,187,ball,0.014,2,12800,13824,train
10439,187.mat.txt,187,ball,0.014,2,13312,14336,train
10440,187.mat.txt,187,ball,0.014,2,13824,14848,train
10441,187.mat.txt,187,ball,0.014,2,14336,15360,train
10442,187.mat.txt,187,ball,0.014,2,14848,15872,train
10443,187.mat.txt,187,ball,0.014,2,15360,16384,train
10444,187.mat.txt,187,ball,0.014,2,15872,16896,train
10445,187.mat.txt,187,ball,0.014,2,16384,17408,train
10446,187.mat.txt,187,ball,0.014,2,16896,17920,train
10447,187.mat.txt,187,ball,0.014,2,17408,18432,train
10448,187.mat.txt,187,ball,0.014,2,17920,18944,train
10449,187.mat.txt,187,ball,0.014,2,18432,19456,train
10450,187.mat.txt,187,ball,0.014,2,18944,19968,train
10451,187.mat.txt,187,ball,0.014,2,19456,20480,train
10452,187.mat.txt,187,ball,0.014,2,19968,20992,train
10453,187.mat.txt,187,ball,0.014,2,20480,21504,train
10454,187.mat.txt,187,ball,0.014,2,20992,22016,train
10455,187.mat.txt,187,ball,0.014,2,21504,22528,train
10456,187.mat.txt,187,ball,0.014,2,22016,23040,train
10457,187.mat.txt,187,ball,0.014,2,22528,23552,train
10458,187.mat.txt,187,ball,0.014,2,23040,24064,train
10459,187.mat.txt,187,ball,0.014,2,23552,24576,train
10460,187.mat.txt,187,ball,0.014,2,24064,25088,train
10461,187.mat.txt,187,ball,0.014,2,24576,25600,train
10462,187.mat.txt,187,ball,0.014,2,25088,26112,train
10463,187.mat.txt,187,ball,0.014,2,25600,26624,train
10464,187.mat.txt,187,ball,0.014,2,26112,27136,train
10465,187.mat.txt,187,ball,0.014,2,26624,27648,train
10466,187.mat.txt,187,ball,0.014,2,27136,28160,train
10467,187.mat.txt,187,ball,0.014,2,27648,28672,train
10468,187.mat.txt,187,ball,0.014,2,28160,29184,train
10469,187.mat.txt,187,ball,0.014,2,28672,29696,train
10470,187.mat.txt,187,ball,0.014,2,29184,30208,train
10471,187.mat.txt,187,ball,0.014,2,29696,30720,train
10472,187.mat.txt,187,ball,0.014,2,30208,31232,train
10473,187.mat.txt,187,ball,0.014,2,30720,31744,train
10474,187.mat.txt,187,ball,0.014,2,31232,32256,train
10475,187.mat.txt,187,ball,0.014,2,31744,32768,train
10476,187.mat.txt,187,ball,0.014,2,32256,33280,train
10477,187.mat.txt,187,ball,0.014,2,32768,33792,train
10478,187.mat.txt,187,ball,0.014,2,33280,34304,train
10479,187.mat.txt,187,ball,0.014,2,33792,34816,train
10480,187.mat.txt,187,ball,0.014,2,34304,35328,train
10481,187.mat.txt,187,ball,0.014,2,34816,35840,train
10482,187.mat.txt,187,ball,0.014,2,35328,36352,train
10483,187.mat.txt,187,ball,0.014,2,35840,36864,train
10484,187.mat.txt,187,ball,0.014,2,36352,37376,train
10485,187.mat.txt,187,ball,0.014,2,36864,37888,train
10486,187.mat.txt,187,ball,0.014,2,37376,38400,train
10487,187.mat.txt,187,ball,0.014,2,37888,38912,train
10488,187.mat.txt,187,ball,0.014,2,38400,39424,train
10489,187.mat.txt,187,ball,0.014,2,38912,39936,train
10490,187.mat.txt,187,ball,0.014,2,39424,40448,train
10491,187.mat.txt,187,ball,0.014,2,39936,40960,train
10492,187.mat.txt,187,ball,0.014,2,40448,41472,train
10493,187.mat.txt,187,ball,0.014,2,40960,41984,train
10494,187.mat.txt,187,ball,0.014,2,41472,42496,train
10495,187.mat.txt,187,ball,0.014,2,41984,43008,train
10496,187.mat.txt,187,ball,0.014,2,42496,43520,train
10497,187.mat.txt,187,ball,0.014,2,43008,44032,train
10498,187.mat.txt,187,ball,0.014,2,43520,44544,train
10499,187.mat.txt,187,ball,0.014,2,44032,45056,train
10500,187.mat.txt,187,ball,0.014,2,44544,45568,train
10501,187.mat.txt,187,ball,0.014,2,45056,46080,train
10502,187.mat.txt,187,ball,0.014,2,45568,46592,train
10503,187.mat.txt,187,ball,0.014,2,46080,47104,train
10504,187.mat.txt,187,ball,0.014,2,46592,47616,train
10505,187.mat.txt,187,ball,0.014,2,47104,48128,train
10506,187.mat.txt,187,ball,0.014,2,47616,48640,train
10507,187.mat.txt,187,ball,0.014,2,48128,49152,train
10508,187.mat.txt,187,ball,0.014,2,48640,49664,train
10509,187.mat.txt,187,ball,0.014,2,49152,50176,train
10510,187.mat.txt,187,ball,0.014,2,49664,50688,train
10511,187.mat.txt,187,ball,0.014,2,50176,51200,train
10512,187.mat.txt,187,ball,0.014,2,50688,51712,train
10513,187.mat.txt,187,ball,0.014,2,51200,52224,train
10514,187.mat.txt,187,ball,0.014,2,51712,52736,train
10515,187.mat.txt,187,ball,0.014,2,52224,53248,train
10516,187.mat.txt,187,ball,0.014,2,52736,53760,train
10517,187.mat.txt,187,ball,0.014,2,53248,54272,train
10518,187.mat.txt,187,ball,0.014,2,53760,54784,train
10519,187.mat.txt,187,ball,0.014,2,54272,55296,train
10520,187.mat.txt,187,ball,0.014,2,54784,55808,train
10521,187.mat.txt,187,ball,0.014,2,55296,56320,train
10522,187.mat.txt,187,ball,0.014,2,55808,56832,train
10523,187.mat.txt,187,ball,0.014,2,56320,57344,train
10524,187.mat.txt,187,ball,0.014,2,56832,57856,train
10525,187.mat.txt,187,ball,0.014,2,57344,58368,train
10526,187.mat.txt,187,ball,0.014,2,57856,58880,train
10527,187.mat.txt,187,ball,0.014,2,58368,59392,train
10528,187.mat.txt,187,ball,0.014,2,58880,59904,train
10529,187.mat.txt,187,ball,0.014,2,59392,60416,train
10530,187.mat.txt,187,ball,0.014,2,59904,60928,train
10531,187.mat.txt,187,ball,0.014,2,60416,61440,train
10532,187.mat.txt,187,ball,0.014,2,60928,61952,train
10533,187.mat.txt,187,ball,0.014,2,61440,62464,train
10534,187.mat.txt,187,ball,0.014,2,61952,62976,train
10535,187.mat.txt,187,ball,0.014,2,62464,63488,train
10536,187.mat.txt,187,ball,0.014,2,62976,64000,train
10537,187.mat.txt,187,ball,0.014,2,63488,64512,train
10538,187.mat.txt,187,ball,0.014,2,64000,65024,train
10539,187.mat.txt,187,ball,0.014,2,64512,65536,train
10540,187.mat.txt,187,ball,0.014,2,65024,66048,train
10541,187.mat.txt,187,ball,0.014,2,65536,66560,train
10542,187.mat.txt,187,ball,0.014,2,66048,67072,train
10543,187.mat.txt,187,ball,0.014,2,66560,67584,train
10544,187.mat.txt,187,ball,0.014,2,67072,68096,train
10545,187.mat.txt,187,ball,0.014,2,67584,68608,train
10546,187.mat.txt,187,ball,0.014,2,68096,69120,train
10547,187.mat.txt,187,ball,0.014,2,68608,69632,train
10548,187.mat.txt,187,ball,0.014,2,69120,70144,train
10549,187.mat.txt,187,ball,0.014,2,69632,70656,train
10550,187.mat.txt,187,ball,0.014,2,70144,71168,train
10551,187.mat.txt,187,ball,0.014,2,70656,71680,train
10552,187.mat.txt,187,ball,0.014,2,71168,72192,train
10553,187.mat.txt,187,ball,0.014,2,71680,72704,train
10554,187.mat.txt,187,ball,0.014,2,72192,73216,train
10555,187.mat.txt,187,ball,0.014,2,72704,73728,train
10556,187.mat.txt,187,ball,0.014,2,73216,74240,train
10557,187.mat.txt,187,ball,0.014,2,73728,74752,train
10558,187.mat.txt,187,ball,0.014,2,74240,75264,train
10559,187.mat.txt,187,ball,0.014,2,74752,75776,train
10560,187.mat.txt,187,ball,0.014,2,75264,76288,train
10561,187.mat.txt,187,ball,0.014,2,75776,76800,train
10562,187.mat.txt,187,ball,0.014,2,76288,77312,train
10563,187.mat.txt,187,ball,0.014,2,76800,77824,train
10564,187.mat.txt,187,ball,0.014,2,77312,78336,train
10565,187.mat.txt,187,ball,0.014,2,77824,78848,train
10566,187.mat.txt,187,ball,0.014,2,78336,79360,train
10567,187.mat.txt,187,ball,0.014,2,78848,79872,train
10568,187.mat.txt,187,ball,0.014,2,79360,80384,train
10569,187.mat.txt,187,ball,0.014,2,79872,80896,train
10570,187.mat.txt,187,ball,0.014,2,80384,81408,train
10571,187.mat.txt,187,ball,0.014,2,80896,81920,train
10572,187.mat.txt,187,ball,0.014,2,81408,82432,train
10573,187.mat.txt,187,ball,0.014,2,81920,82944,train
10574,187.mat.txt,187,ball,0.014,2,82432,83456,train
10575,187.mat.txt,187,ball,0.014,2,82944,83968,train
10576,187.mat.txt,187,ball,0.014,2,83456,84480,train
10577,187.mat.txt,187,ball,0.014,2,83968,84992,train
10578,187.mat.txt,187,ball,0.014,2,84480,85504,train
10579,187.mat.txt,187,ball,0.014,2,84992,86016,train
10580,187.mat.txt,187,ball,0.014,2,85504,86528,train
10581,187.mat.txt,187,ball,0.014,2,86016,87040,train
10582,187.mat.txt,187,ball,0.014,2,86528,87552,train
10583,187.mat.txt,187,ball,0.014,2,87040,88064,train
10584,187.mat.txt,187,ball,0.014,2,87552,88576,train
10585,187.mat.txt,187,ball,0.014,2,88064,89088,train
10586,187.mat.txt,187,ball,0.014,2,88576,89600,train
10587,187.mat.txt,187,ball,0.014,2,89088,90112,train
10588,187.mat.txt,187,ball,0.014,2,89600,90624,train
10589,187.mat.txt,187,ball,0.014,2,90112,91136,train
10590,187.mat.txt,187,ball,0.014,2,90624,91648,train
10591,187.mat.txt,187,ball,0.014,2,91136,92160,train
10592,187.mat.txt,187,ball,0.014,2,91648,92672,train
10593,187.mat.txt,187,ball,0.014,2,92160,93184,train
10594,187.mat.txt,187,ball,0.014,2,92672,93696,train
10595,187.mat.txt,187,ball,0.014,2,93184,94208,train
10596,187.mat.txt,187,ball,0.014,2,93696,94720,train
10597,187.mat.txt,187,ball,0.014,2,94208,95232,train
10598,187.mat.txt,187,ball,0.014,2,94720,95744,train
10599,187.mat.txt,187,ball,0.014,2,95232,96256,train
10600,187.mat.txt,187,ball,0.014,2,95744,96768,train
10601,187.mat.txt,187,ball,0.014,2,96256,97280,train
10602,187.mat.txt,187,ball,0.014,2,96768,97792,train
10603,187.mat.txt,187,ball,0.014,2,97280,98304,train
10604,187.mat.txt,187,ball,0.014,2,97792,98816,train
10605,187.mat.txt,187,ball,0.014,2,98304,99328,train
10606,187.mat.txt,187,ball,0.014,2,98816,99840,train
10607,187.mat.txt,187,ball,0.014,2,99328,100352,train
10608,187.mat.txt,187,ball,0.014,2,99840,100864,train
10609,187.mat.txt,187,ball,0.014,2,100352,101376,train
10610,187.mat.txt,187,ball,0.014,2,100864,101888,train
10611,187.mat.txt,187,ball,0.014,2,101376,102400,train
10612,187.mat.txt,187,ball,0.014,2,101888,102912,train
10613,187.mat.txt,187,ball,0.014,2,102400,103424,train
10614,187.mat.txt,187,ball,0.014,2,102912,103936,train
10615,187.mat.txt,187,ball,0.014,2,103424,104448,train
10616,187.mat.txt,187,ball,0.014,2,103936,104960,train
10617,187.mat.txt,187,ball,0.014,2,104448,105472,train
10618,187.mat.txt,187,ball,0.014,2,104960,105984,train
10619,187.mat.txt,187,ball,0.014,2,105472,106496,train
10620,187.mat.txt,187,ball,0.014,2,105984,107008,train
10621,187.mat.txt,187,ball,0.014,2,106496,107520,train
10622,187.mat.txt,187,ball,0.014,2,107008,108032,train
10623,187.mat.txt,187,ball,0.014,2,107520,108544,train
10624,187.mat.txt,187,ball,0.014,2,108032,109056,train
10625,187.mat.txt,187,ball,0.014,2,108544,109568,train
10626,187.mat.txt,187,ball,0.014,2,109056,110080,train
10627,187.mat.txt,187,ball,0.014,2,109568,110592,train
10628,187.mat.txt,187,ball,0.014,2,110080,111104,train
10629,187.mat.txt,187,ball,0.014,2,110592,111616,train
10630,187.mat.txt,187,ball,0.014,2,111104,112128,train
10631,187.mat.txt,187,ball,0.014,2,111616,112640,train
10632,187.mat.txt,187,ball,0.014,2,112128,113152,train
10633,187.mat.txt,187,ball,0.014,2,112640,113664,train
10634,187.mat.txt,187,ball,0.014,2,113152,114176,train
10635,187.mat.txt,187,ball,0.014,2,113664,114688,train
10636,187.mat.txt,187,ball,0.014,2,114176,115200,train
10637,187.mat.txt,187,ball,0.014,2,114688,115712,train
10638,187.mat.txt,187,ball,0.014,2,115200,116224,train
10639,187.mat.txt,187,ball,0.014,2,115712,116736,train
10640,187.mat.txt,187,ball,0.014,2,116224,117248,train
10641,187.mat.txt,187,ball,0.014,2,116736,117760,train
10642,187.mat.txt,187,ball,0.014,2,117248,118272,train
10643,187.mat.txt,187,ball,0.014,2,117760,118784,train
10644,187.mat.txt,187,ball,0.014,2,118272,119296,train
10645,187.mat.txt,187,ball,0.014,2,118784,119808,train
10646,187.mat.txt,187,ball,0.014,2,119296,120320,train
10647,187.mat.txt,187,ball,0.014,2,119808,120832,train
10648,187.mat.txt,187,ball,0.014,2,120320,121344,train
10649,187.mat.txt,187,ball,0.014,2,120832,121856,train
10650,188.mat.txt,188,ball,0.014,3,0,1024,test
10651,188.mat.txt,188,ball,0.014,3,512,1536,test
10652,188.mat.txt,188,ball,0.014,3,1024,2048,test
10653,188.mat.txt,188,ball,0.014,3,1536,2560,test
10654,188.mat.txt,188,ball,0.014,3,2048,3072,test
10655,188.mat.txt,188,ball,0.014,3,2560,3584,test
10656,188.mat.txt,188,ball,0.014,3,3072,4096,test
10657,188.mat.txt,188,ball,0.014,3,3584,4608,test
10658,188.mat.txt,188,ball,0.014,3,4096,5120,test
10659,188.mat.txt,188,ball,0.014,3,4608,5632,test
10660,188.mat.txt,188,ball,0.014,3,5120,6144,test
10661,188.mat.txt,188,ball,0.014,3,5632,6656,test
10662,188.mat.txt,188,ball,0.014,3,6144,7168,test
10663,188.mat.txt,188,ball,0.014,3,6656,7680,test
10664,188.mat.txt,188,ball,0.014,3,7168,8192,test
10665,188.mat.txt,188,ball,0.014,3,7680,8704,test
10666,188.mat.txt,188,ball,0.014,3,8192,9216,test
10667,188.mat.txt,188,ball,0.014,3,8704,9728,test
10668,188.mat.txt,188,ball,0.014,3,9216,10240,test
10669,188.mat.txt,188,ball,0.014,3,9728,10752,test
10670,188.mat.txt,188,ball,0.014,3,10240,11264,test
10671,188.mat.txt,188,ball,0.014,3,10752,11776,test
10672,188.mat.txt,188,ball,0.014,3,11264,12288,test
10673,188.mat.txt,188,ball,0.014,3,11776,12800,test
10674,188.mat.txt,188,ball,0.014,3,12288,13312,test
10675,188.mat.txt,188,ball,0.014,3,12800,13824,test
10676,188.mat.txt,188,ball,0.014,3,13312,14336,test
10677,188.mat.txt,188,ball,0.014,3,13824,14848,test
10678,188.mat.txt,188,ball,0.014,3,14336,15360,test
10679,188.mat.txt,188,ball,0.014,3,14848,15872,test
10680,188.mat.txt,188,ball,0.014,3,15360,16384,test
10681,188.mat.txt,188,ball,0.014,3,15872,16896,test
10682,188.mat.txt,188,ball,0.014,3,16384,17408,test
10683,188.mat.txt,188,ball,0.014,3,16896,17920,test
10684,188.mat.txt,188,ball,0.014,3,17408,18432,test
10685,188.mat.txt,188,ball,0.014,3,17920,18944,test
10686,188.mat.txt,188,ball,0.014,3,18432,19456,test
10687,188.mat.txt,188,ball,0.014,3,18944,19968,test
10688,188.mat.txt,188,ball,0.014,3,19456,20480,test
10689,188.mat.txt,188,ball,0.014,3,19968,20992,test
10690,188.mat.txt,188,ball,0.014,3,20480,21504,test
10691,188.mat.txt,188,ball,0.014,3,20992,22016,test
10692,188.mat.txt,188,ball,0.014,3,21504,22528,test
10693,188.mat.txt,188,ball,0.014,3,22016,23040,test
10694,188.mat.txt,188,ball,0.014,3,22528,23552,test
10695,188.mat.txt,188,ball,0.014,3,23040,24064,test
10696,188.mat.txt,188,ball,0.014,3,23552,24576,test
10697,188.mat.txt,188,ball,0.014,3,24064,25088,test
10698,188.mat.txt,188,ball,0.014,3,24576,25600,test
10699,188.mat.txt,188,ball,0.014,3,25088,26112,test
10700,188.mat.txt,188,ball,0.014,3,25600,26624,test
10701,188.mat.txt,188,ball,0.014,3,26112,27136,test
10702,188.mat.txt,188,ball,0.014,3,26624,27648,test
10703,188.mat.txt,188,ball,0.014,3,27136,28160,test
10704,188.mat.txt,188,ball,0.014,3,27648,28672,test
10705,188.mat.txt,188,ball,0.014,3,28160,29184,test
10706,188.mat.txt,188,ball,0.014,3,28672,29696,test
10707,188.mat.txt,188,ball,0.014,3,29184,30208,test
10708,188.mat.txt,188,ball,0.014,3,29696,30720,test
10709,188.mat.txt,188,ball,0.014,3,30208,31232,test
10710,188.mat.txt,188,ball,0.014,3,30720,31744,test
10711,188.mat.txt,188,ball,0.014,3,31232,32256,test
10712,188.mat.txt,188,ball,0.014,3,31744,32768,test
10713,188.mat.txt,188,ball,0.014,3,32256,33280,test
10714,188.mat.txt,188,ball,0.014,3,32768,33792,test
10715,188.mat.txt,188,ball,0.014,3,33280,34304,test
10716,188.mat.txt,188,ball,0.014,3,33792,34816,test
10717,188.mat.txt,188,ball,0.014,3,34304,35328,test
10718,188.mat.txt,188,ball,0.014,3,34816,35840,test
10719,188.mat.txt,188,ball,0.014,3,35328,36352,test
10720,188.mat.txt,188,ball,0.014,3,35840,36864,test
10721,188.mat.txt,188,ball,0.014,3,36352,37376,test
10722,188.mat.txt,188,ball,0.014,3,36864,37888,test
10723,188.mat.txt,188,ball,0.014,3,37376,38400,test
10724,188.mat.txt,188,ball,0.014,3,37888,38912,test
10725,188.mat.txt,188,ball,0.014,3,38400,39424,test
10726,188.mat.txt,188,ball,0.014,3,38912,39936,test
10727,188.mat.txt,188,ball,0.014,3,39424,40448,test
10728,188.mat.txt,188,ball,0.014,3,39936,40960,test
10729,188.mat.txt,188,ball,0.014,3,40448,41472,test
10730,188.mat.txt,188,ball,0.014,3,40960,41984,test
10731,188.mat.txt,188,ball,0.014,3,41472,42496,test
10732,188.mat.txt,188,ball,0.014,3,41984,43008,test
10733,188.mat.txt,188,ball,0.014,3,42496,43520,test
10734,188.mat.txt,188,ball,0.014,3,43008,44032,test
10735,188.mat.txt,188,ball,0.014,3,43520,44544,test
10736,188.mat.txt,188,ball,0.014,3,44032,45056,test
10737,188.mat.txt,188,ball,0.014,3,44544,45568,test
10738,188.mat.txt,188,ball,0.014,3,45056,46080,test
10739,188.mat.txt,188,ball,0.014,3,45568,46592,test
10740,188.mat.txt,188,ball,0.014,3,46080,47104,test
10741,188.mat.txt,188,ball,0.014,3,46592,47616,test
10742,188.mat.txt,188,ball,0.014,3,47104,48128,test
10743,188.mat.txt,188,ball,0.014,3,47616,48640,test
10744,188.mat.txt,188,ball,0.014,3,48128,49152,test
10745,188.mat.txt,188,ball,0.014,3,48640,49664,test
10746,188.mat.txt,188,ball,0.014,3,49152,50176,test
10747,188.mat.txt,188,ball,0.014,3,49664,50688,test
10748,188.mat.txt,188,ball,0.014,3,50176,51200,test
10749,188.mat.txt,188,ball,0.014,3,50688,51712,test
10750,188.mat.txt,188,ball,0.014,3,51200,52224,test
10751,188.mat.txt,188,ball,0.014,3,51712,52736,test
10752,188.mat.txt,188,ball,0.014,3,52224,53248,test
10753,188.mat.txt,188,ball,0.014,3,52736,53760,test
10754,188.mat.txt,188,ball,0.014,3,53248,54272,test
10755,188.mat.txt,188,ball,0.014,3,53760,54784,test
10756,188.mat.txt,188,ball,0.014,3,54272,55296,test
10757,188.mat.txt,188,ball,0.014,3,54784,55808,test
10758,188.mat.txt,188,ball,0.014,3,55296,56320,test
10759,188.mat.txt,188,ball,0.014,3,55808,56832,test
10760,188.mat.txt,188,ball,0.014,3,56320,57344,test
10761,188.mat.txt,188,ball,0.014,3,56832,57856,test
10762,188.mat.txt,188,ball,0.014,3,57344,58368,test
10763,188.mat.txt,188,ball,0.014,3,57856,58880,test
10764,188.mat.txt,188,ball,0.014,3,58368,59392,test
10765,188.mat.txt,188,ball,0.014,3,58880,59904,test
10766,188.mat.txt,188,ball,0.014,3,59392,60416,test
10767,188.mat.txt,188,ball,0.014,3,59904,60928,test
10768,188.mat.txt,188,ball,0.014,3,60416,61440,test
10769,188.mat.txt,188,ball,0.014,3,60928,61952,test
10770,188.mat.txt,188,ball,0.014,3,61440,62464,test
10771,188.mat.txt,188,ball,0.014,3,61952,62976,test
10772,188.mat.txt,188,ball,0.014,3,62464,63488,test
10773,188.mat.txt,188,ball,0.014,3,62976,64000,test
10774,188.mat.txt,188,ball,0.014,3,63488,64512,test
10775,188.mat.txt,188,ball,0.014,3,64000,65024,test
10776,188.mat.txt,188,ball,0.014,3,64512,65536,test
10777,188.mat.txt,188,ball,0.014,3,65024,66048,test
10778,188.mat.txt,188,ball,0.014,3,65536,66560,test
10779,188.mat.txt,188,ball,0.014,3,66048,67072,test
10780,188.mat.txt,188,ball,0.014,3,66560,67584,test
10781,188.mat.txt,188,ball,0.014,3,67072,68096,test
10782,188.mat.txt,188,ball,0.014,3,67584,68608,test
10783,188.mat.txt,188,ball,0.014,3,68096,69120,test
10784,188.mat.txt,188,ball,0.014,3,68608,69632,test
10785,188.mat.txt,188,ball,0.014,3,69120,70144,test
10786,188.mat.txt,188,ball,0.014,3,69632,70656,test
10787,188.mat.txt,188,ball,0.014,3,70144,71168,test
10788,188.mat.txt,188,ball,0.014,3,70656,71680,test
10789,188.mat.txt,188,ball,0.014,3,71168,72192,test
10790,188.mat.txt,188,ball,0.014,3,71680,72704,test
10791,188.mat.txt,188,ball,0.014,3,72192,73216,test
10792,188.mat.txt,188,ball,0.014,3,72704,73728,test
10793,188.mat.txt,188,ball,0.014,3,73216,74240,test
10794,188.mat.txt,188,ball,0.014,3,73728,74752,test
10795,188.mat.txt,188,ball,0.014,3,74240,75264,test
10796,188.mat.txt,188,ball,0.014,3,74752,75776,test
10797,188.mat.txt,188,ball,0.014,3,75264,76288,test
10798,188.mat.txt,188,ball,0.014,3,75776,76800,test
10799,188.mat.txt,188,ball,0.014,3,76288,77312,test
10800,188.mat.txt,188,ball,0.014,3,76800,77824,test
10801,188.mat.txt,188,ball,0.014,3,77312,78336,test
10802,188.mat.txt,188,ball,0.014,3,77824,78848,test
10803,188.mat.txt,188,ball,0.014,3,78336,79360,test
10804,188.mat.txt,188,ball,0.014,3,78848,79872,test
10805,188.mat.txt,188,ball,0.014,3,79360,80384,test
10806,188.mat.txt,188,ball,0.014,3,79872,80896,test
10807,188.mat.txt,188,ball,0.014,3,80384,81408,test
10808,188.mat.txt,188,ball,0.014,3,80896,81920,test
10809,188.mat.txt,188,ball,0.014,3,81408,82432,test
10810,188.mat.txt,188,ball,0.014,3,81920,82944,test
10811,188.mat.txt,188,ball,0.014,3,82432,83456,test
10812,188.mat.txt,188,ball,0.014,3,82944,83968,test
10813,188.mat.txt,188,ball,0.014,3,83456,84480,test
10814,188.mat.txt,188,ball,0.014,3,83968,84992,test
10815,188.mat.txt,188,ball,0.014,3,84480,85504,test
10816,188.mat.txt,188,ball,0.014,3,84992,86016,test
10817,188.mat.txt,188,ball,0.014,3,85504,86528,test
10818,188.mat.txt,188,ball,0.014,3,86016,87040,test
10819,188.mat.txt,188,ball,0.014,3,86528,87552,test
10820,188.mat.txt,188,ball,0.014,3,87040,88064,test
10821,188.mat.txt,188,ball,0.014,3,87552,88576,test
10822,188.mat.txt,188,ball,0.014,3,88064,89088,test
10823,188.mat.txt,188,ball,0.014,3,88576,89600,test
10824,188.mat.txt,188,ball,0.014,3,89088,90112,test
10825,188.mat.txt,188,ball,0.014,3,89600,90624,test
10826,188.mat.txt,188,ball,0.014,3,90112,91136,test
10827,188.mat.txt,188,ball,0.014,3,90624,91648,test
10828,188.mat.txt,188,ball,0.014,3,91136,92160,test
10829,188.mat.txt,188,ball,0.014,3,91648,92672,test
10830,188.mat.txt,188,ball,0.014,3,92160,93184,test
10831,188.mat.txt,188,ball,0.014,3,92672,93696,test
10832,188.mat.txt,188,ball,0.014,3,93184,94208,test
10833,188.mat.txt,188,ball,0.014,3,93696,94720,test
10834,188.mat.txt,188,ball,0.014,3,94208,95232,test
10835,188.mat.txt,188,ball,0.014,3,94720,95744,test
10836,188.mat.txt,188,ball,0.014,3,95232,96256,test
10837,188.mat.txt,188,ball,0.014,3,95744,96768,test
10838,188.mat.txt,188,ball,0.014,3,96256,97280,test
10839,188.mat.txt,188,ball,0.014,3,96768,97792,test
10840,188.mat.txt,188,ball,0.014,3,97280,98304,test
10841,188.mat.txt,188,ball,0.014,3,97792,98816,test
10842,188.mat.txt,188,ball,0.014,3,98304,99328,test
10843,188.mat.txt,188,ball,0.014,3,98816,99840,test
10844,188.mat.txt,188,ball,0.014,3,99328,100352,test
10845,188.mat.txt,188,ball,0.014,3,99840,100864,test
10846,188.mat.txt,188,ball,0.014,3,100352,101376,test
10847,188.mat.txt,188,ball,0.014,3,100864,101888,test
10848,188.mat.txt,188,ball,0.014,3,101376,102400,test
10849,188.mat.txt,188,ball,0.014,3,101888,102912,test
10850,188.mat.txt,188,ball,0.014,3,102400,103424,test
10851,188.mat.txt,188,ball,0.014,3,102912,103936,test
10852,188.mat.txt,188,ball,0.014,3,103424,104448,test
10853,188.mat.txt,188,ball,0.014,3,103936,104960,test
10854,188.mat.txt,188,ball,0.014,3,104448,105472,test
10855,188.mat.txt,188,ball,0.014,3,104960,105984,test
10856,188.mat.txt,188,ball,0.014,3,105472,106496,test
10857,188.mat.txt,188,ball,0.014,3,105984,107008,test
10858,188.mat.txt,188,ball,0.014,3,106496,107520,test
10859,188.mat.txt,188,ball,0.014,3,107008,108032,test
10860,188.mat.txt,188,ball,0.014,3,107520,108544,test
10861,188.mat.txt,188,ball,0.014,3,108032,109056,test
10862,188.mat.txt,188,ball,0.014,3,108544,109568,test
10863,188.mat.txt,188,ball,0.014,3,109056,110080,test
10864,188.mat.txt,188,ball,0.014,3,109568,110592,test
10865,188.mat.txt,188,ball,0.014,3,110080,111104,test
10866,188.mat.txt,188,ball,0.014,3,110592,111616,test
10867,188.mat.txt,188,ball,0.014,3,111104,112128,test
10868,188.mat.txt,188,ball,0.014,3,111616,112640,test
10869,188.mat.txt,188,ball,0.014,3,112128,113152,test
10870,188.mat.txt,188,ball,0.014,3,112640,113664,test
10871,188.mat.txt,188,ball,0.014,3,113152,114176,test
10872,188.mat.txt,188,ball,0.014,3,113664,114688,test
10873,188.mat.txt,188,ball,0.014,3,114176,115200,test
10874,188.mat.txt,188,ball,0.014,3,114688,115712,test
10875,188.mat.txt,188,ball,0.014,3,115200,116224,test
10876,188.mat.txt,188,ball,0.014,3,115712,116736,test
10877,188.mat.txt,188,ball,0.014,3,116224,117248,test
10878,188.mat.txt,188,ball,0.014,3,116736,117760,test
10879,188.mat.txt,188,ball,0.014,3,117248,118272,test
10880,188.mat.txt,188,ball,0.014,3,117760,118784,test
10881,188.mat.txt,188,ball,0.014,3,118272,119296,test
10882,188.mat.txt,188,ball,0.014,3,118784,119808,test
10883,188.mat.txt,188,ball,0.014,3,119296,120320,test
10884,188.mat.txt,188,ball,0.014,3,119808,120832,test
10885,188.mat.txt,188,ball,0.014,3,120320,121344,test
10886,188.mat.txt,188,ball,0.014,3,120832,121856,test
10887,222.mat.txt,222,ball,0.021,0,0,1024,train
10888,222.mat.txt,222,ball,0.021,0,512,1536,train
10889,222.mat.txt,222,ball,0.021,0,1024,2048,train
10890,222.mat.txt,222,ball,0.021,0,1536,2560,train
10891,222.mat.txt,222,ball,0.021,0,2048,3072,train
10892,222.mat.txt,222,ball,0.021,0,2560,3584,train
10893,222.mat.txt,222,ball,0.021,0,3072,4096,train
10894,222.mat.txt,222,ball,0.021,0,3584,4608,train
10895,222.mat.txt,222,ball,0.021,0,4096,5120,train
10896,222.mat.txt,222,ball,0.021,0,4608,5632,train
10897,222.mat.txt,222,ball,0.021,0,5120,6144,train
10898,222.mat.txt,222,ball,0.021,0,5632,6656,train
10899,222.mat.txt,222,ball,0.021,0,6144,7168,train
10900,222.mat.txt,222,ball,0.021,0,6656,7680,train
10901,222.mat.txt,222,ball,0.021,0,7168,8192,train
10902,222.mat.txt,222,ball,0.021,0,7680,8704,train
10903,222.mat.txt,222,ball,0.021,0,8192,9216,train
10904,222.mat.txt,222,ball,0.021,0,8704,9728,train
10905,222.mat.txt,222,ball,0.021,0,9216,10240,train
10906,222.mat.txt,222,ball,0.021,0,9728,10752,train
10907,222.mat.txt,222,ball,0.021,0,10240,11264,train
10908,222.mat.txt,222,ball,0.021,0,10752,11776,train
10909,222.mat.txt,222,ball,0.021,0,11264,12288,train
10910,222.mat.txt,222,ball,0.021,0,11776,12800,train
10911,222.mat.txt,222,ball,0.021,0,12288,13312,train
10912,222.mat.txt,222,ball,0.021,0,12800,13824,train
10913,222.mat.txt,222,ball,0.021,0,13312,14336,train
10914,222.mat.txt,222,ball,0.021,0,13824,14848,train
10915,222.mat.txt,222,ball,0.021,0,14336,15360,train
10916,222.mat.txt,222,ball,0.021,0,14848,15872,train
10917,222.mat.txt,222,ball,0.021,0,15360,16384,train
10918,222.mat.txt,222,ball,0.021,0,15872,16896,train
10919,222.mat.txt,222,ball,0.021,0,16384,17408,train
10920,222.mat.txt,222,ball,0.021,0,16896,17920,train
10921,222.mat.txt,222,ball,0.021,0,17408,18432,train
10922,222.mat.txt,222,ball,0.021,0,17920,18944,train
10923,222.mat.txt,222,ball,0.021,0,18432,19456,train
10924,222.mat.txt,222,ball,0.021,0,18944,19968,train
10925,222.mat.txt,222,ball,0.021,0,19456,20480,train
10926,222.mat.txt,222,ball,0.021,0,19968,20992,train
10927,222.mat.txt,222,ball,0.021,0,20480,21504,train
10928,222.mat.txt,222,ball,0.021,0,20992,22016,train
10929,222.mat.txt,222,ball,0.021,0,21504,22528,train
10930,222.mat.txt,222,ball,0.021,0,22016,23040,train
10931,222.mat.txt,222,ball,0.021,0,22528,23552,train
10932,222.mat.txt,222,ball,0.021,0,23040,24064,train
10933,222.mat.txt,222,ball,0.021,0,23552,24576,train
10934,222.mat.txt,222,ball,0.021,0,24064,25088,train
10935,222.mat.txt,222,ball,0.021,0,24576,25600,train
10936,222.mat.txt,222,ball,0.021,0,25088,26112,train
10937,222.mat.txt,222,ball,0.021,0,25600,26624,train
10938,222.mat.txt,222,ball,0.021,0,26112,27136,train
10939,222.mat.txt,222,ball,0.021,0,26624,27648,train
10940,222.mat.txt,222,ball,0.021,0,27136,28160,train
10941,222.mat.txt,222,ball,0.021,0,27648,28672,train
10942,222.mat.txt,222,ball,0.021,0,28160,29184,train
10943,222.mat.txt,222,ball,0.021,0,28672,29696,train
10944,222.mat.txt,222,ball,0.021,0,29184,30208,train
10945,222.mat.txt,222,ball,0.021,0,29696,30720,train
10946,222.mat.txt,222,ball,0.021,0,30208,31232,train
10947,222.mat.txt,222,ball,0.021,0,30720,31744,train
10948,222.mat.txt,222,ball,0.021,0,31232,32256,train
10949,222.mat.txt,222,ball,0.021,0,31744,32768,train
10950,222.mat.txt,222,ball,0.021,0,32256,33280,train
10951,222.mat.txt,222,ball,0.021,0,32768,33792,train
10952,222.mat.txt,222,ball,0.021,0,33280,34304,train
10953,222.mat.txt,222,ball,0.021,0,33792,34816,train
10954,222.mat.txt,222,ball,0.021,0,34304,35328,train
10955,222.mat.txt,222,ball,0.021,0,34816,35840,train
10956,222.mat.txt,222,ball,0.021,0,35328,36352,train
10957,222.mat.txt,222,ball,0.021,0,35840,36864,train
10958,222.mat.txt,222,ball,0.021,0,36352,37376,train
10959,222.mat.txt,222,ball,0.021,0,36864,37888,train
10960,222.mat.txt,222,ball,0.021,0,37376,38400,train
10961,222.mat.txt,222,ball,0.021,0,37888,38912,train
10962,222.mat.txt,222,ball,0.021,0,38400,39424,train
10963,222.mat.txt,222,ball,0.021,0,38912,39936,train
10964,222.mat.txt,222,ball,0.021,0,39424,40448,train
10965,222.mat.txt,222,ball,0.021,0,39936,40960,train
10966,222.mat.txt,222,ball,0.021,0,40448,41472,train
10967,222.mat.txt,222,ball,0.021,0,40960,41984,train
10968,222.mat.txt,222,ball,0.021,0,41472,42496,train
10969,222.mat.txt,222,ball,0.021,0,41984,43008,train
10970,222.mat.txt,222,ball,0.021,0,42496,43520,train
10971,222.mat.txt,222,ball,0.021,0,43008,44032,train
10972,222.mat.txt,222,ball,0.021,0,43520,44544,train
10973,222.mat.txt,222,ball,0.021,0,44032,45056,train
10974,222.mat.txt,222,ball,0.021,0,44544,45568,train
10975,222.mat.txt,222,ball,0.021,0,45056,46080,train
10976,222.mat.txt,222,ball,0.021,0,45568,46592,train
10977,222.mat.txt,222,ball,0.021,0,46080,47104,train
10978,222.mat.txt,222,ball,0.021,0,46592,47616,train
10979,222.mat.txt,222,ball,0.021,0,47104,48128,train
10980,222.mat.txt,222,ball,0.021,0,47616,48640,train
10981,222.mat.txt,222,ball,0.021,0,48128,49152,train
10982,222.mat.txt,222,ball,0.021,0,48640,49664,train
10983,222.mat.txt,222,ball,0.021,0,49152,50176,train
10984,222.mat.txt,222,ball,0.021,0,49664,50688,train
10985,222.mat.txt,222,ball,0.021,0,50176,51200,train
10986,222.mat.txt,222,ball,0.021,0,50688,51712,train
10987,222.mat.txt,222,ball,0.021,0,51200,52224,train
10988,222.mat.txt,222,ball,0.021,0,51712,52736,train
10989,222.mat.txt,222,ball,0.021,0,52224,53248,train
10990,222.mat.txt,222,ball,0.021,0,52736,53760,train
10991,222.mat.txt,222,ball,0.021,0,53248,54272,train
10992,222.mat.txt,222,ball,0.021,0,53760,54784,train
10993,222.mat.txt,222,ball,0.021,0,54272,55296,train
10994,222.mat.txt,222,ball,0.021,0,54784,55808,train
10995,222.mat.txt,222,ball,0.021,0,55296,56320,train
10996,222.mat.txt,222,ball,0.021,0,55808,56832,train
10997,222.mat.txt,222,ball,0.021,0,56320,57344,train
10998,222.mat.txt,222,ball,0.021,0,56832,57856,train
10999,222.mat.txt,222,ball,0.021,0,57344,58368,train
11000,222.mat.txt,222,ball,0.021,0,57856,58880,train
11001,222.mat.txt,222,ball,0.021,0,58368,59392,train
11002,222.mat.txt,222,ball,0.021,0,58880,59904,train
11003,222.mat.txt,222,ball,0.021,0,59392,60416,train
11004,222.mat.txt,222,ball,0.021,0,59904,60928,train
11005,222.mat.txt,222,ball,0.021,0,60416,61440,train
11006,222.mat.txt,222,ball,0.021,0,60928,61952,train
11007,222.mat.txt,222,ball,0.021,0,61440,62464,train
11008,222.mat.txt,222,ball,0.021,0,61952,62976,train
11009,222.mat.txt,222,ball,0.021,0,62464,63488,train
11010,222.mat.txt,222,ball,0.021,0,62976,64000,train
11011,222.mat.txt,222,ball,0.021,0,63488,64512,train
11012,222.mat.txt,222,ball,0.021,0,64000,65024,train
11013,222.mat.txt,222,ball,0.021,0,64512,65536,train
11014,222.mat.txt,222,ball,0.021,0,65024,66048,train
11015,222.mat.txt,222,ball,0.021,0,65536,66560,train
11016,222.mat.txt,222,ball,0.021,0,66048,67072,train
11017,222.mat.txt,222,ball,0.021,0,66560,67584,train
11018,222.mat.txt,222,ball,0.021,0,67072,68096,train
11019,222.mat.txt,222,ball,0.021,0,67584,68608,train
11020,222.mat.txt,222,ball,0.021,0,68096,69120,train
11021,222.mat.txt,222,ball,0.021,0,68608,69632,train
11022,222.mat.txt,222,ball,0.021,0,69120,70144,train
11023,222.mat.txt,222,ball,0.021,0,69632,70656,train
11024,222.mat.txt,222,ball,0.021,0,70144,71168,train
11025,222.mat.txt,222,ball,0.021,0,70656,71680,train
11026,222.mat.txt,222,ball,0.021,0,71168,72192,train
11027,222.mat.txt,222,ball,0.021,0,71680,72704,train
11028,222.mat.txt,222,ball,0.021,0,72192,73216,train
11029,222.mat.txt,222,ball,0.021,0,72704,73728,train
11030,222.mat.txt,222,ball,0.021,0,73216,74240,train
11031,222.mat.txt,222,ball,0.021,0,73728,74752,train
11032,222.mat.txt,222,ball,0.021,0,74240,75264,train
11033,222.mat.txt,222,ball,0.021,0,74752,75776,train
11034,222.mat.txt,222,ball,0.021,0,75264,76288,train
11035,222.mat.txt,222,ball,0.021,0,75776,76800,train
11036,222.mat.txt,222,ball,0.021,0,76288,77312,train
11037,222.mat.txt,222,ball,0.021,0,76800,77824,train
11038,222.mat.txt,222,ball,0.021,0,77312,78336,train
11039,222.mat.txt,222,ball,0.021,0,77824,78848,train
11040,222.mat.txt,222,ball,0.021,0,78336,79360,train
11041,222.mat.txt,222,ball,0.021,0,78848,79872,train
11042,222.mat.txt,222,ball,0.021,0,79360,80384,train
11043,222.mat.txt,222,ball,0.021,0,79872,80896,train
11044,222.mat.txt,222,ball,0.021,0,80384,81408,train
11045,222.mat.txt,222,ball,0.021,0,80896,81920,train
11046,222.mat.txt,222,ball,0.021,0,81408,82432,train
11047,222.mat.txt,222,ball,0.021,0,81920,82944,train
11048,222.mat.txt,222,ball,0.021,0,82432,83456,train
11049,222.mat.txt,222,ball,0.021,0,82944,83968,train
11050,222.mat.txt,222,ball,0.021,0,83456,84480,train
11051,222.mat.txt,222,ball,0.021,0,83968,84992,train
11052,222.mat.txt,222,ball,0.021,0,84480,85504,train
11053,222.mat.txt,222,ball,0.021,0,84992,86016,train
11054,222.mat.txt,222,ball,0.021,0,85504,86528,train
11055,222.mat.txt,222,ball,0.021,0,86016,87040,train
11056,222.mat.txt,222,ball,0.021,0,86528,87552,train
11057,222.mat.txt,222,ball,0.021,0,87040,88064,train
11058,222.mat.txt,222,ball,0.021,0,87552,88576,train
11059,222.mat.txt,222,ball,0.021,0,88064,89088,train
11060,222.mat.txt,222,ball,0.021,0,88576,89600,train
11061,222.mat.txt,222,ball,0.021,0,89088,90112,train
11062,222.mat.txt,222,ball,0.021,0,89600,90624,train
11063,222.mat.txt,222,ball,0.021,0,90112,91136,train
11064,222.mat.txt,222,ball,0.021,0,90624,91648,train
11065,222.mat.txt,222,ball,0.021,0,91136,92160,train
11066,222.mat.txt,222,ball,0.021,0,91648,92672,train
11067,222.mat.txt,222,ball,0.021,0,92160,93184,train
11068,222.mat.txt,222,ball,0.021,0,92672,93696,train
11069,222.mat.txt,222,ball,0.021,0,93184,94208,train
11070,222.mat.txt,222,ball,0.021,0,93696,94720,train
11071,222.mat.txt,222,ball,0.021,0,94208,95232,train
11072,222.mat.txt,222,ball,0.021,0,94720,95744,train
11073,222.mat.txt,222,ball,0.021,0,95232,96256,train
11074,222.mat.txt,222,ball,0.021,0,95744,96768,train
11075,222.mat.txt,222,ball,0.021,0,96256,97280,train
11076,222.mat.txt,222,ball,0.021,0,96768,97792,train
11077,222.mat.txt,222,ball,0.021,0,97280,98304,train
11078,222.mat.txt,222,ball,0.021,0,97792,98816,train
11079,222.mat.txt,222,ball,0.021,0,98304,99328,train
11080,222.mat.txt,222,ball,0.021,0,98816,99840,train
11081,222.mat.txt,222,ball,0.021,0,99328,100352,train
11082,222.mat.txt,222,ball,0.021,0,99840,100864,train
11083,222.mat.txt,222,ball,0.021,0,100352,101376,train
11084,222.mat.txt,222,ball,0.021,0,100864,101888,train
11085,222.mat.txt,222,ball,0.021,0,101376,102400,train
11086,222.mat.txt,222,ball,0.021,0,101888,102912,train
11087,222.mat.txt,222,ball,0.021,0,102400,103424,train
11088,222.mat.txt,222,ball,0.021,0,102912,103936,train
11089,222.mat.txt,222,ball,0.021,0,103424,104448,train
11090,222.mat.txt,222,ball,0.021,0,103936,104960,train
11091,222.mat.txt,222,ball,0.021,0,104448,105472,train
11092,222.mat.txt,222,ball,0.021,0,104960,105984,train
11093,222.mat.txt,222,ball,0.021,0,105472,106496,train
11094,222.mat.txt,222,ball,0.021,0,105984,107008,train
11095,222.mat.txt,222,ball,0.021,0,106496,107520,train
11096,222.mat.txt,222,ball,0.021,0,107008,108032,train
11097,222.mat.txt,222,ball,0.021,0,107520,108544,train
11098,222.mat.txt,222,ball,0.021,0,108032,109056,train
11099,222.mat.txt,222,ball,0.021,0,108544,109568,train
11100,222.mat.txt,222,ball,0.021,0,109056,110080,train
11101,222.mat.txt,222,ball,0.021,0,109568,110592,train
11102,222.mat.txt,222,ball,0.021,0,110080,111104,train
11103,222.mat.txt,222,ball,0.021,0,110592,111616,train
11104,222.mat.txt,222,ball,0.021,0,111104,112128,train
11105,222.mat.txt,222,ball,0.021,0,111616,112640,train
11106,222.mat.txt,222,ball,0.021,0,112128,113152,train
11107,222.mat.txt,222,ball,0.021,0,112640,113664,train
11108,222.mat.txt,222,ball,0.021,0,113152,114176,train
11109,222.mat.txt,222,ball,0.021,0,113664,114688,train
11110,222.mat.txt,222,ball,0.021,0,114176,115200,train
11111,222.mat.txt,222,ball,0.021,0,114688,115712,train
11112,222.mat.txt,222,ball,0.021,0,115200,116224,train
11113,222.mat.txt,222,ball,0.021,0,115712,116736,train
11114,222.mat.txt,222,ball,0.021,0,116224,117248,train
11115,222.mat.txt,222,ball,0.021,0,116736,117760,train
11116,222.mat.txt,222,ball,0.021,0,117248,118272,train
11117,222.mat.txt,222,ball,0.021,0,117760,118784,train
11118,222.mat.txt,222,ball,0.021,0,118272,119296,train
11119,222.mat.txt,222,ball,0.021,0,118784,119808,train
11120,222.mat.txt,222,ball,0.021,0,119296,120320,train
11121,222.mat.txt,222,ball,0.021,0,119808,120832,train
11122,222.mat.txt,222,ball,0.021,0,120320,121344,train
11123,222.mat.txt,222,ball,0.021,0,120832,121856,train
11124,223.mat.txt,223,ball,0.021,1,0,1024,train
11125,223.mat.txt,223,ball,0.021,1,512,1536,train
11126,223.mat.txt,223,ball,0.021,1,1024,2048,train
11127,223.mat.txt,223,ball,0.021,1,1536,2560,train
11128,223.mat.txt,223,ball,0.021,1,2048,3072,train
11129,223.mat.txt,223,ball,0.021,1,2560,3584,train
11130,223.mat.txt,223,ball,0.021,1,3072,4096,train
11131,223.mat.txt,223,ball,0.021,1,3584,4608,train
11132,223.mat.txt,223,ball,0.021,1,4096,5120,train
11133,223.mat.txt,223,ball,0.021,1,4608,5632,train
11134,223.mat.txt,223,ball,0.021,1,5120,6144,train
11135,223.mat.txt,223,ball,0.021,1,5632,6656,train
11136,223.mat.txt,223,ball,0.021,1,6144,7168,train
11137,223.mat.txt,223,ball,0.021,1,6656,7680,train
11138,223.mat.txt,223,ball,0.021,1,7168,8192,train
11139,223.mat.txt,223,ball,0.021,1,7680,8704,train
11140,223.mat.txt,223,ball,0.021,1,8192,9216,train
11141,223.mat.txt,223,ball,0.021,1,8704,9728,train
11142,223.mat.txt,223,ball,0.021,1,9216,10240,train
11143,223.mat.txt,223,ball,0.021,1,9728,10752,train
11144,223.mat.txt,223,ball,0.021,1,10240,11264,train
11145,223.mat.txt,223,ball,0.021,1,10752,11776,train
11146,223.mat.txt,223,ball,0.021,1,11264,12288,train
11147,223.mat.txt,223,ball,0.021,1,11776,12800,train
11148,223.mat.txt,223,ball,0.021,1,12288,13312,train
11149,223.mat.txt,223,ball,0.021,1,12800,13824,train
11150,223.mat.txt,223,ball,0.021,1,13312,14336,train
11151,223.mat.txt,223,ball,0.021,1,13824,14848,train
11152,223.mat.txt,223,ball,0.021,1,14336,15360,train
11153,223.mat.txt,223,ball,0.021,1,14848,15872,train
11154,223.mat.txt,223,ball,0.021,1,15360,16384,train
11155,223.mat.txt,223,ball,0.021,1,15872,16896,train
11156,223.mat.txt,223,ball,0.021,1,16384,17408,train
11157,223.mat.txt,223,ball,0.021,1,16896,17920,train
11158,223.mat.txt,223,ball,0.021,1,17408,18432,train
11159,223.mat.txt,223,ball,0.021,1,17920,18944,train
11160,223.mat.txt,223,ball,0.021,1,18432,19456,train
11161,223.mat.txt,223,ball,0.021,1,18944,19968,train
11162,223.mat.txt,223,ball,0.021,1,19456,20480,train
11163,223.mat.txt,223,ball,0.021,1,19968,20992,train
11164,223.mat.txt,223,ball,0.021,1,20480,21504,train
11165,223.mat.txt,223,ball,0.021,1,20992,22016,train
11166,223.mat.txt,223,ball,0.021,1,21504,22528,train
11167,223.mat.txt,223,ball,0.021,1,22016,23040,train
11168,223.mat.txt,223,ball,0.021,1,22528,23552,train
11169,223.mat.txt,223,ball,0.021,1,23040,24064,train
11170,223.mat.txt,223,ball,0.021,1,23552,24576,train
11171,223.mat.txt,223,ball,0.021,1,24064,25088,train
11172,223.mat.txt,223,ball,0.021,1,24576,25600,train
11173,223.mat.txt,223,ball,0.021,1,25088,26112,train
11174,223.mat.txt,223,ball,0.021,1,25600,26624,train
11175,223.mat.txt,223,ball,0.021,1,26112,27136,train
11176,223.mat.txt,223,ball,0.021,1,26624,27648,train
11177,223.mat.txt,223,ball,0.021,1,27136,28160,train
11178,223.mat.txt,223,ball,0.021,1,27648,28672,train
11179,223.mat.txt,223,ball,0.021,1,28160,29184,train
11180,223.mat.txt,223,ball,0.021,1,28672,29696,train
11181,223.mat.txt,223,ball,0.021,1,29184,30208,train
11182,223.mat.txt,223,ball,0.021,1,29696,30720,train
11183,223.mat.txt,223,ball,0.021,1,30208,31232,train
11184,223.mat.txt,223,ball,0.021,1,30720,31744,train
11185,223.mat.txt,223,ball,0.021,1,31232,32256,train
11186,223.mat.txt,223,ball,0.021,1,31744,32768,train
11187,223.mat.txt,223,ball,0.021,1,32256,33280,train
11188,223.mat.txt,223,ball,0.021,1,32768,33792,train
11189,223.mat.txt,223,ball,0.021,1,33280,34304,train
11190,223.mat.txt,223,ball,0.021,1,33792,34816,train
11191,223.mat.txt,223,ball,0.021,1,34304,35328,train
11192,223.mat.txt,223,ball,0.021,1,34816,35840,train
11193,223.mat.txt,223,ball,0.021,1,35328,36352,train
11194,223.mat.txt,223,ball,0.021,1,35840,36864,train
11195,223.mat.txt,223,ball,0.021,1,36352,37376,train
11196,223.mat.txt,223,ball,0.021,1,36864,37888,train
11197,223.mat.txt,223,ball,0.021,1,37376,38400,train
11198,223.mat.txt,223,ball,0.021,1,37888,38912,train
11199,223.mat.txt,223,ball,0.021,1,38400,39424,train
11200,223.mat.txt,223,ball,0.021,1,38912,39936,train
11201,223.mat.txt,223,ball,0.021,1,39424,40448,train
11202,223.mat.txt,223,ball,0.021,1,39936,40960,train
11203,223.mat.txt,223,ball,0.021,1,40448,41472,train
11204,223.mat.txt,223,ball,0.021,1,40960,41984,train
11205,223.mat.txt,223,ball,0.021,1,41472,42496,train
11206,223.mat.txt,223,ball,0.021,1,41984,43008,train
11207,223.mat.txt,223,ball,0.021,1,42496,43520,train
11208,223.mat.txt,223,ball,0.021,1,43008,44032,train
11209,223.mat.txt,223,ball,0.021,1,43520,44544,train
11210,223.mat.txt,223,ball,0.021,1,44032,45056,train
11211,223.mat.txt,223,ball,0.021,1,44544,45568,train
11212,223.mat.txt,223,ball,0.021,1,45056,46080,train
11213,223.mat.txt,223,ball,0.021,1,45568,46592,train
11214,223.mat.txt,223,ball,0.021,1,46080,47104,train
11215,223.mat.txt,223,ball,0.021,1,46592,47616,train
11216,223.mat.txt,223,ball,0.021,1,47104,48128,train
11217,223.mat.txt,223,ball,0.021,1,47616,48640,train
11218,223.mat.txt,223,ball,0.021,1,48128,49152,train
11219,223.mat.txt,223,ball,0.021,1,48640,49664,train
11220,223.mat.txt,223,ball,0.021,1,49152,50176,train
11221,223.mat.txt,223,ball,0.021,1,49664,50688,train
11222,223.mat.txt,223,ball,0.021,1,50176,51200,train
11223,223.mat.txt,223,ball,0.021,1,50688,51712,train
11224,223.mat.txt,223,ball,0.021,1,51200,52224,train
11225,223.mat.txt,223,ball,0.021,1,51712,52736,train
11226,223.mat.txt,223,ball,0.021,1,52224,53248,train
11227,223.mat.txt,223,ball,0.021,1,52736,53760,train
11228,223.mat.txt,223,ball,0.021,1,53248,54272,train
11229,223.mat.txt,223,ball,0.021,1,53760,54784,train
11230,223.mat.txt,223,ball,0.021,1,54272,55296,train
11231,223.mat.txt,223,ball,0.021,1,54784,55808,train
11232,223.mat.txt,223,ball,0.021,1,55296,56320,train
11233,223.mat.txt,223,ball,0.021,1,55808,56832,train
11234,223.mat.txt,223,ball,0.021,1,56320,57344,train
11235,223.mat.txt,223,ball,0.021,1,56832,57856,train
11236,223.mat.txt,223,ball,0.021,1,57344,58368,train
11237,223.mat.txt,223,ball,0.021,1,57856,58880,train
11238,223.mat.txt,223,ball,0.021,1,58368,59392,train
11239,223.mat.txt,223,ball,0.021,1,58880,59904,train
11240,223.mat.txt,223,ball,0.021,1,59392,60416,train
11241,223.mat.txt,223,ball,0.021,1,59904,60928,train
11242,223.mat.txt,223,ball,0.021,1,60416,61440,train
11243,223.mat.txt,223,ball,0.021,1,60928,61952,train
11244,223.mat.txt,223,ball,0.021,1,61440,62464,train
11245,223.mat.txt,223,ball,0.021,1,61952,62976,train
11246,223.mat.txt,223,ball,0.021,1,62464,63488,train
11247,223.mat.txt,223,ball,0.021,1,62976,64000,train
11248,223.mat.txt,223,ball,0.021,1,63488,64512,train
11249,223.mat.txt,223,ball,0.021,1,64000,65024,train
11250,223.mat.txt,223,ball,0.021,1,64512,65536,train
11251,223.mat.txt,223,ball,0.021,1,65024,66048,train
11252,223.mat.txt,223,ball,0.021,1,65536,66560,train
11253,223.mat.txt,223,ball,0.021,1,66048,67072,train
11254,223.mat.txt,223,ball,0.021,1,66560,67584,train
11255,223.mat.txt,223,ball,0.021,1,67072,68096,train
11256,223.mat.txt,223,ball,0.021,1,67584,68608,train
11257,223.mat.txt,223,ball,0.021,1,68096,69120,train
11258,223.mat.txt,223,ball,0.021,1,68608,69632,train
11259,223.mat.txt,223,ball,0.021,1,69120,70144,train
11260,223.mat.txt,223,ball,0.021,1,69632,70656,train
11261,223.mat.txt,223,ball,0.021,1,70144,71168,train
11262,223.mat.txt,223,ball,0.021,1,70656,71680,train
11263,223.mat.txt,223,ball,0.021,1,71168,72192,train
11264,223.mat.txt,223,ball,0.021,1,71680,72704,train
11265,223.mat.txt,223,ball,0.021,1,72192,73216,train
11266,223.mat.txt,223,ball,0.021,1,72704,73728,train
11267,223.mat.txt,223,ball,0.021,1,73216,74240,train
11268,223.mat.txt,223,ball,0.021,1,73728,74752,train
11269,223.mat.txt,223,ball,0.021,1,74240,75264,train
11270,223.mat.txt,223,ball,0.021,1,74752,75776,train
11271,223.mat.txt,223,ball,0.021,1,75264,76288,train
11272,223.mat.txt,223,ball,0.021,1,75776,76800,train
11273,223.mat.txt,223,ball,0.021,1,76288,77312,train
11274,223.mat.txt,223,ball,0.021,1,76800,77824,train
11275,223.mat.txt,223,ball,0.021,1,77312,78336,train
11276,223.mat.txt,223,ball,0.021,1,77824,78848,train
11277,223.mat.txt,223,ball,0.021,1,78336,79360,train
11278,223.mat.txt,223,ball,0.021,1,78848,79872,train
11279,223.mat.txt,223,ball,0.021,1,79360,80384,train
11280,223.mat.txt,223,ball,0.021,1,79872,80896,train
11281,223.mat.txt,223,ball,0.021,1,80384,81408,train
11282,223.mat.txt,223,ball,0.021,1,80896,81920,train
11283,223.mat.txt,223,ball,0.021,1,81408,82432,train
11284,223.mat.txt,223,ball,0.021,1,81920,82944,train
11285,223.mat.txt,223,ball,0.021,1,82432,83456,train
11286,223.mat.txt,223,ball,0.021,1,82944,83968,train
11287,223.mat.txt,223,ball,0.021,1,83456,84480,train
11288,223.mat.txt,223,ball,0.021,1,83968,84992,train
11289,223.mat.txt,223,ball,0.021,1,84480,85504,train
11290,223.mat.txt,223,ball,0.021,1,84992,86016,train
11291,223.mat.txt,223,ball,0.021,1,85504,86528,train
11292,223.mat.txt,223,ball,0.021,1,86016,87040,train
11293,223.mat.txt,223,ball,0.021,1,86528,87552,train
11294,223.mat.txt,223,ball,0.021,1,87040,88064,train
11295,223.mat.txt,223,ball,0.021,1,87552,88576,train
11296,223.mat.txt,223,ball,0.021,1,88064,89088,train
11297,223.mat.txt,223,ball,0.021,1,88576,89600,train
11298,223.mat.txt,223,ball,0.021,1,89088,90112,train
11299,223.mat.txt,223,ball,0.021,1,89600,90624,train
11300,223.mat.txt,223,ball,0.021,1,90112,91136,train
11301,223.mat.txt,223,ball,0.021,1,90624,91648,train
11302,223.mat.txt,223,ball,0.021,1,91136,92160,train
11303,223.mat.txt,223,ball,0.021,1,91648,92672,train
11304,223.mat.txt,223,ball,0.021,1,92160,93184,train
11305,223.mat.txt,223,ball,0.021,1,92672,93696,train
11306,223.mat.txt,223,ball,0.021,1,93184,94208,train
11307,223.mat.txt,223,ball,0.021,1,93696,94720,train
11308,223.mat.txt,223,ball,0.021,1,94208,95232,train
11309,223.mat.txt,223,ball,0.021,1,94720,95744,train
11310,223.mat.txt,223,ball,0.021,1,95232,96256,train
11311,223.mat.txt,223,ball,0.021,1,95744,96768,train
11312,223.mat.txt,223,ball,0.021,1,96256,97280,train
11313,223.mat.txt,223,ball,0.021,1,96768,97792,train
11314,223.mat.txt,223,ball,0.021,1,97280,98304,train
11315,223.mat.txt,223,ball,0.021,1,97792,98816,train
11316,223.mat.txt,223,ball,0.021,1,98304,99328,train
11317,223.mat.txt,223,ball,0.021,1,98816,99840,train
11318,223.mat.txt,223,ball,0.021,1,99328,100352,train
11319,223.mat.txt,223,ball,0.021,1,99840,100864,train
11320,223.mat.txt,223,ball,0.021,1,100352,101376,train
11321,223.mat.txt,223,ball,0.021,1,100864,101888,train
11322,223.mat.txt,223,ball,0.021,1,101376,102400,train
11323,223.mat.txt,223,ball,0.021,1,101888,102912,train
11324,223.mat.txt,223,ball,0.021,1,102400,103424,train
11325,223.mat.txt,223,ball,0.021,1,102912,103936,train
11326,223.mat.txt,223,ball,0.021,1,103424,104448,train
11327,223.mat.txt,223,ball,0.021,1,103936,104960,train
11328,223.mat.txt,223,ball,0.021,1,104448,105472,train
11329,223.mat.txt,223,ball,0.021,1,104960,105984,train
11330,223.mat.txt,223,ball,0.021,1,105472,106496,train
11331,223.mat.txt,223,ball,0.021,1,105984,107008,train
11332,223.mat.txt,223,ball,0.021,1,106496,107520,train
11333,223.mat.txt,223,ball,0.021,1,107008,108032,train
11334,223.mat.txt,223,ball,0.021,1,107520,108544,train
11335,223.mat.txt,223,ball,0.021,1,108032,109056,train
11336,223.mat.txt,223,ball,0.021,1,108544,109568,train
11337,223.mat.txt,223,ball,0.021,1,109056,110080,train
11338,223.mat.txt,223,ball,0.021,1,109568,110592,train
11339,223.mat.txt,223,ball,0.021,1,110080,111104,train
11340,223.mat.txt,223,ball,0.021,1,110592,111616,train
11341,223.mat.txt,223,ball,0.021,1,111104,112128,train
11342,223.mat.txt,223,ball,0.021,1,111616,112640,train
11343,223.mat.txt,223,ball,0.021,1,112128,113152,train
11344,223.mat.txt,223,ball,0.021,1,112640,113664,train
11345,223.mat.txt,223,ball,0.021,1,113152,114176,train
11346,223.mat.txt,223,ball,0.021,1,113664,114688,train
11347,223.mat.txt,223,ball,0.021,1,114176,115200,train
11348,223.mat.txt,223,ball,0.021,1,114688,115712,train
11349,223.mat.txt,223,ball,0.021,1,115200,116224,train
11350,223.mat.txt,223,ball,0.021,1,115712,116736,train
11351,223.mat.txt,223,ball,0.021,1,116224,117248,train
11352,223.mat.txt,223,ball,0.021,1,116736,117760,train
11353,223.mat.txt,223,ball,0.021,1,117248,118272,train
11354,223.mat.txt,223,ball,0.021,1,117760,118784,train
11355,223.mat.txt,223,ball,0.021,1,118272,119296,train
11356,223.mat.txt,223,ball,0.021,1,118784,119808,train
11357,223.mat.txt,223,ball,0.021,1,119296,120320,train
11358,223.mat.txt,223,ball,0.021,1,119808,120832,train
11359,223.mat.txt,223,ball,0.021,1,120320,121344,train
11360,224.mat.txt,224,ball,0.021,2,0,1024,train
11361,224.mat.txt,224,ball,0.021,2,512,1536,train
11362,224.mat.txt,224,ball,0.021,2,1024,2048,train
11363,224.mat.txt,224,ball,0.021,2,1536,2560,train
11364,224.mat.txt,224,ball,0.021,2,2048,3072,train
11365,224.mat.txt,224,ball,0.021,2,2560,3584,train
11366,224.mat.txt,224,ball,0.021,2,3072,4096,train
11367,224.mat.txt,224,ball,0.021,2,3584,4608,train
11368,224.mat.txt,224,ball,0.021,2,4096,5120,train
11369,224.mat.txt,224,ball,0.021,2,4608,5632,train
11370,224.mat.txt,224,ball,0.021,2,5120,6144,train
11371,224.mat.txt,224,ball,0.021,2,5632,6656,train
11372,224.mat.txt,224,ball,0.021,2,6144,7168,train
11373,224.mat.txt,224,ball,0.021,2,6656,7680,train
11374,224.mat.txt,224,ball,0.021,2,7168,8192,train
11375,224.mat.txt,224,ball,0.021,2,7680,8704,train
11376,224.mat.txt,224,ball,0.021,2,8192,9216,train
11377,224.mat.txt,224,ball,0.021,2,8704,9728,train
11378,224.mat.txt,224,ball,0.021,2,9216,10240,train
11379,224.mat.txt,224,ball,0.021,2,9728,10752,train
11380,224.mat.txt,224,ball,0.021,2,10240,11264,train
11381,224.mat.txt,224,ball,0.021,2,10752,11776,train
11382,224.mat.txt,224,ball,0.021,2,11264,12288,train
11383,224.mat.txt,224,ball,0.021,2,11776,12800,train
11384,224.mat.txt,224,ball,0.021,2,12288,13312,train
11385,224.mat.txt,224,ball,0.021,2,12800,13824,train
11386,224.mat.txt,224,ball,0.021,2,13312,14336,train
11387,224.mat.txt,224,ball,0.021,2,13824,14848,train
11388,224.mat.txt,224,ball,0.021,2,14336,15360,train
11389,224.mat.txt,224,ball,0.021,2,14848,15872,train
11390,224.mat.txt,224,ball,0.021,2,15360,16384,train
11391,224.mat.txt,224,ball,0.021,2,15872,16896,train
11392,224.mat.txt,224,ball,0.021,2,16384,17408,train
11393,224.mat.txt,224,ball,0.021,2,16896,17920,train
11394,224.mat.txt,224,ball,0.021,2,17408,18432,train
11395,224.mat.txt,224,ball,0.021,2,17920,18944,train
11396,224.mat.txt,224,ball,0.021,2,18432,19456,train
11397,224.mat.txt,224,ball,0.021,2,18944,19968,train
11398,224.mat.txt,224,ball,0.021,2,19456,20480,train
11399,224.mat.txt,224,ball,0.021,2,19968,20992,train
11400,224.mat.txt,224,ball,0.021,2,20480,21504,train
11401,224.mat.txt,224,ball,0.021,2,20992,22016,train
11402,224.mat.txt,224,ball,0.021,2,21504,22528,train
11403,224.mat.txt,224,ball,0.021,2,22016,23040,train
11404,224.mat.txt,224,ball,0.021,2,22528,23552,train
11405,224.mat.txt,224,ball,0.021,2,23040,24064,train
11406,224.mat.txt,224,ball,0.021,2,23552,24576,train
11407,224.mat.txt,224,ball,0.021,2,24064,25088,train
11408,224.mat.txt,224,ball,0.021,2,24576,25600,train
11409,224.mat.txt,224,ball,0.021,2,25088,26112,train
11410,224.mat.txt,224,ball,0.021,2,25600,26624,train
11411,224.mat.txt,224,ball,0.021,2,26112,27136,train
11412,224.mat.txt,224,ball,0.021,2,26624,27648,train
11413,224.mat.txt,224,ball,0.021,2,27136,28160,train
11414,224.mat.txt,224,ball,0.021,2,27648,28672,train
11415,224.mat.txt,224,ball,0.021,2,28160,29184,train
11416,224.mat.txt,224,ball,0.021,2,28672,29696,train
11417,224.mat.txt,224,ball,0.021,2,29184,30208,train
11418,224.mat.txt,224,ball,0.021,2,29696,30720,train
11419,224.mat.txt,224,ball,0.021,2,30208,31232,train
11420,224.mat.txt,224,ball,0.021,2,30720,31744,train
11421,224.mat.txt,224,ball,0.021,2,31232,32256,train
11422,224.mat.txt,224,ball,0.021,2,31744,32768,train
11423,224.mat.txt,224,ball,0.021,2,32256,33280,train
11424,224.mat.txt,224,ball,0.021,2,32768,33792,train
11425,224.mat.txt,224,ball,0.021,2,33280,34304,train
11426,224.mat.txt,224,ball,0.021,2,33792,34816,train
11427,224.mat.txt,224,ball,0.021,2,34304,35328,train
11428,224.mat.txt,224,ball,0.021,2,34816,35840,train
11429,224.mat.txt,224,ball,0.021,2,35328,36352,train
11430,224.mat.txt,224,ball,0.021,2,35840,36864,train
11431,224.mat.txt,224,ball,0.021,2,36352,37376,train
11432,224.mat.txt,224,ball,0.021,2,36864,37888,train
11433,224.mat.txt,224,ball,0.021,2,37376,38400,train
11434,224.mat.txt,224,ball,0.021,2,37888,38912,train
11435,224.mat.txt,224,ball,0.021,2,38400,39424,train
11436,224.mat.txt,224,ball,0.021,2,38912,39936,train
11437,224.mat.txt,224,ball,0.021,2,39424,40448,train
11438,224.mat.txt,224,ball,0.021,2,39936,40960,train
11439,224.mat.txt,224,ball,0.021,2,40448,41472,train
11440,224.mat.txt,224,ball,0.021,2,40960,41984,train
11441,224.mat.txt,224,ball,0.021,2,41472,42496,train
11442,224.mat.txt,224,ball,0.021,2,41984,43008,train
11443,224.mat.txt,224,ball,0.021,2,42496,43520,train
11444,224.mat.txt,224,ball,0.021,2,43008,44032,train
11445,224.mat.txt,224,ball,0.021,2,43520,44544,train
11446,224.mat.txt,224,ball,0.021,2,44032,45056,train
11447,224.mat.txt,224,ball,0.021,2,44544,45568,train
11448,224.mat.txt,224,ball,0.021,2,45056,46080,train
11449,224.mat.txt,224,ball,0.021,2,45568,46592,train
11450,224.mat.txt,224,ball,0.021,2,46080,47104,train
11451,224.mat.txt,224,ball,0.021,2,46592,47616,train
11452,224.mat.txt,224,ball,0.021,2,47104,48128,train
11453,224.mat.txt,224,ball,0.021,2,47616,48640,train
11454,224.mat.txt,224,ball,0.021,2,48128,49152,train
11455,224.mat.txt,224,ball,0.021,2,48640,49664,train
11456,224.mat.txt,224,ball,0.021,2,49152,50176,train
11457,224.mat.txt,224,ball,0.021,2,49664,50688,train
11458,224.mat.txt,224,ball,0.021,2,50176,51200,train
11459,224.mat.txt,224,ball,0.021,2,50688,51712,train
11460,224.mat.txt,224,ball,0.021,2,51200,52224,train
11461,224.mat.txt,224,ball,0.021,2,51712,52736,train
11462,224.mat.txt,224,ball,0.021,2,52224,53248,train
11463,224.mat.txt,224,ball,0.021,2,52736,53760,train
11464,224.mat.txt,224,ball,0.021,2,53248,54272,train
11465,224.mat.txt,224,ball,0.021,2,53760,54784,train
11466,224.mat.txt,224,ball,0.021,2,54272,55296,train
11467,224.mat.txt,224,ball,0.021,2,54784,55808,train
11468,224.mat.txt,224,ball,0.021,2,55296,56320,train
11469,224.mat.txt,224,ball,0.021,2,55808,56832,train
11470,224.mat.txt,224,ball,0.021,2,56320,57344,train
11471,224.mat.txt,224,ball,0.021,2,56832,57856,train
11472,224.mat.txt,224,ball,0.021,2,57344,58368,train
11473,224.mat.txt,224,ball,0.021,2,57856,58880,train
11474,224.mat.txt,224,ball,0.021,2,58368,59392,train
11475,224.mat.txt,224,ball,0.021,2,58880,59904,train
11476,224.mat.txt,224,ball,0.021,2,59392,60416,train
11477,224.mat.txt,224,ball,0.021,2,59904,60928,train
11478,224.mat.txt,224,ball,0.021,2,60416,61440,train
11479,224.mat.txt,224,ball,0.021,2,60928,61952,train
11480,224.mat.txt,224,ball,0.021,2,61440,62464,train
11481,224.mat.txt,224,ball,0.021,2,61952,62976,train
11482,224.mat.txt,224,ball,0.021,2,62464,63488,train
11483,224.mat.txt,224,ball,0.021,2,62976,64000,train
11484,224.mat.txt,224,ball,0.021,2,63488,64512,train
11485,224.mat.txt,224,ball,0.021,2,64000,65024,train
11486,224.mat.txt,224,ball,0.021,2,64512,65536,train
11487,224.mat.txt,224,ball,0.021,2,65024,66048,train
11488,224.mat.txt,224,ball,0.021,2,65536,66560,train
11489,224.mat.txt,224,ball,0.021,2,66048,67072,train
11490,224.mat.txt,224,ball,0.021,2,66560,67584,train
11491,224.mat.txt,224,ball,0.021,2,67072,68096,train
11492,224.mat.txt,224,ball,0.021,2,67584,68608,train
11493,224.mat.txt,224,ball,0.021,2,68096,69120,train
11494,224.mat.txt,224,ball,0.021,2,68608,69632,train
11495,224.mat.txt,224,ball,0.021,2,69120,70144,train
11496,224.mat.txt,224,ball,0.021,2,69632,70656,train
11497,224.mat.txt,224,ball,0.021,2,70144,71168,train
11498,224.mat.txt,224,ball,0.021,2,70656,71680,train
11499,224.mat.txt,224,ball,0.021,2,71168,72192,train
11500,224.mat.txt,224,ball,0.021,2,71680,72704,train
11501,224.mat.txt,224,ball,0.021,2,72192,73216,train
11502,224.mat.txt,224,ball,0.021,2,72704,73728,train
11503,224.mat.txt,224,ball,0.021,2,73216,74240,train
11504,224.mat.txt,224,ball,0.021,2,73728,74752,train
11505,224.mat.txt,224,ball,0.021,2,74240,75264,train
11506,224.mat.txt,224,ball,0.021,2,74752,75776,train
11507,224.mat.txt,224,ball,0.021,2,75264,76288,train
11508,224.mat.txt,224,ball,0.021,2,75776,76800,train
11509,224.mat.txt,224,ball,0.021,2,76288,77312,train
11510,224.mat.txt,224,ball,0.021,2,76800,77824,train
11511,224.mat.txt,224,ball,0.021,2,77312,78336,train
11512,224.mat.txt,224,ball,0.021,2,77824,78848,train
11513,224.mat.txt,224,ball,0.021,2,78336,79360,train
11514,224.mat.txt,224,ball,0.021,2,78848,79872,train
11515,224.mat.txt,224,ball,0.021,2,79360,80384,train
11516,224.mat.txt,224,ball,0.021,2,79872,80896,train
11517,224.mat.txt,224,ball,0.021,2,80384,81408,train
11518,224.mat.txt,224,ball,0.021,2,80896,81920,train
11519,224.mat.txt,224,ball,0.021,2,81408,82432,train
11520,224.mat.txt,224,ball,0.021,2,81920,82944,train
11521,224.mat.txt,224,ball,0.021,2,82432,83456,train
11522,224.mat.txt,224,ball,0.021,2,82944,83968,train
11523,224.mat.txt,224,ball,0.021,2,83456,84480,train
11524,224.mat.txt,224,ball,0.021,2,83968,84992,train
11525,224.mat.txt,224,ball,0.021,2,84480,85504,train
11526,224.mat.txt,224,ball,0.021,2,84992,86016,train
11527,224.mat.txt,224,ball,0.021,2,85504,86528,train
11528,224.mat.txt,224,ball,0.021,2,86016,87040,train
11529,224.mat.txt,224,ball,0.021,2,86528,87552,train
11530,224.mat.txt,224,ball,0.021,2,87040,88064,train
11531,224.mat.txt,224,ball,0.021,2,87552,88576,train
11532,224.mat.txt,224,ball,0.021,2,88064,89088,train
11533,224.mat.txt,224,ball,0.021,2,88576,89600,train
11534,224.mat.txt,224,ball,0.021,2,89088,90112,train
11535,224.mat.txt,224,ball,0.021,2,89600,90624,train
11536,224.mat.txt,224,ball,0.021,2,90112,91136,train
11537,224.mat.txt,224,ball,0.021,2,90624,91648,train
11538,224.mat.txt,224,ball,0.021,2,91136,92160,train
11539,224.mat.txt,224,ball,0.021,2,91648,92672,train
11540,224.mat.txt,224,ball,0.021,2,92160,93184,train
11541,224.mat.txt,224,ball,0.021,2,92672,93696,train
11542,224.mat.txt,224,ball,0.021,2,93184,94208,train
11543,224.mat.txt,224,ball,0.021,2,93696,94720,train
11544,224.mat.txt,224,ball,0.021,2,94208,95232,train
11545,224.mat.txt,224,ball,0.021,2,94720,95744,train
11546,224.mat.txt,224,ball,0.021,2,95232,96256,train
11547,224.mat.txt,224,ball,0.021,2,95744,96768,train
11548,224.mat.txt,224,ball,0.021,2,96256,97280,train
11549,224.mat.txt,224,ball,0.021,2,96768,97792,train
11550,224.mat.txt,224,ball,0.021,2,97280,98304,train
11551,224.mat.txt,224,ball,0.021,2,97792,98816,train
11552,224.mat.txt,224,ball,0.021,2,98304,99328,train
11553,224.mat.txt,224,ball,0.021,2,98816,99840,train
11554,224.mat.txt,224,ball,0.021,2,99328,100352,train
11555,224.mat.txt,224,ball,0.021,2,99840,100864,train
11556,224.mat.txt,224,ball,0.021,2,100352,101376,train
11557,224.mat.txt,224,ball,0.021,2,100864,101888,train
11558,224.mat.txt,224,ball,0.021,2,101376,102400,train
11559,224.mat.txt,224,ball,0.021,2,101888,102912,train
11560,224.mat.txt,224,ball,0.021,2,102400,103424,train
11561,224.mat.txt,224,ball,0.021,2,102912,103936,train
11562,224.mat.txt,224,ball,0.021,2,103424,104448,train
11563,224.mat.txt,224,ball,0.021,2,103936,104960,train
11564,224.mat.txt,224,ball,0.021,2,104448,105472,train
11565,224.mat.txt,224,ball,0.021,2,104960,105984,train
11566,224.mat.txt,224,ball,0.021,2,105472,106496,train
11567,224.mat.txt,224,ball,0.021,2,105984,107008,train
11568,224.mat.txt,224,ball,0.021,2,106496,107520,train
11569,224.mat.txt,224,ball,0.021,2,107008,108032,train
11570,224.mat.txt,224,ball,0.021,2,107520,108544,train
11571,224.mat.txt,224,ball,0.021,2,108032,109056,train
11572,224.mat.txt,224,ball,0.021,2,108544,109568,train
11573,224.mat.txt,224,ball,0.021,2,109056,110080,train
11574,224.mat.txt,224,ball,0.021,2,109568,110592,train
11575,224.mat.txt,224,ball,0.021,2,110080,111104,train
11576,224.mat.txt,224,ball,0.021,2,110592,111616,train
11577,224.mat.txt,224,ball,0.021,2,111104,112128,train
11578,224.mat.txt,224,ball,0.021,2,111616,112640,train
11579,224.mat.txt,224,ball,0.021,2,112128,113152,train
11580,224.mat.txt,224,ball,0.021,2,112640,113664,train
11581,224.mat.txt,224,ball,0.021,2,113152,114176,train
11582,224.mat.txt,224,ball,0.021,2,113664,114688,train
11583,224.mat.txt,224,ball,0.021,2,114176,115200,train
11584,224.mat.txt,224,ball,0.021,2,114688,115712,train
11585,224.mat.txt,224,ball,0.021,2,115200,116224,train
11586,224.mat.txt,224,ball,0.021,2,115712,116736,train
11587,224.mat.txt,224,ball,0.021,2,116224,117248,train
11588,224.mat.txt,224,ball,0.021,2,116736,117760,train
11589,224.mat.txt,224,ball,0.021,2,117248,118272,train
11590,224.mat.txt,224,ball,0.021,2,117760,118784,train
11591,224.mat.txt,224,ball,0.021,2,118272,119296,train
11592,224.mat.txt,224,ball,0.021,2,118784,119808,train
11593,224.mat.txt,224,ball,0.021,2,119296,120320,train
11594,224.mat.txt,224,ball,0.021,2,119808,120832,train
11595,224.mat.txt,224,ball,0.021,2,120320,121344,train
11596,224.mat.txt,224,ball,0.021,2,120832,121856,train
11597,225.mat.txt,225,ball,0.021,3,0,1024,test
11598,225.mat.txt,225,ball,0.021,3,512,1536,test
11599,225.mat.txt,225,ball,0.021,3,1024,2048,test
11600,225.mat.txt,225,ball,0.021,3,1536,2560,test
11601,225.mat.txt,225,ball,0.021,3,2048,3072,test
11602,225.mat.txt,225,ball,0.021,3,2560,3584,test
11603,225.mat.txt,225,ball,0.021,3,3072,4096,test
11604,225.mat.txt,225,ball,0.021,3,3584,4608,test
11605,225.mat.txt,225,ball,0.021,3,4096,5120,test
11606,225.mat.txt,225,ball,0.021,3,4608,5632,test
11607,225.mat.txt,225,ball,0.021,3,5120,6144,test
11608,225.mat.txt,225,ball,0.021,3,5632,6656,test
11609,225.mat.txt,225,ball,0.021,3,6144,7168,test
11610,225.mat.txt,225,ball,0.021,3,6656,7680,test
11611,225.mat.txt,225,ball,0.021,3,7168,8192,test
11612,225.mat.txt,225,ball,0.021,3,7680,8704,test
11613,225.mat.txt,225,ball,0.021,3,8192,9216,test
11614,225.mat.txt,225,ball,0.021,3,8704,9728,test
11615,225.mat.txt,225,ball,0.021,3,9216,10240,test
11616,225.mat.txt,225,ball,0.021,3,9728,10752,test
11617,225.mat.txt,225,ball,0.021,3,10240,11264,test
11618,225.mat.txt,225,ball,0.021,3,10752,11776,test
11619,225.mat.txt,225,ball,0.021,3,11264,12288,test
11620,225.mat.txt,225,ball,0.021,3,11776,12800,test
11621,225.mat.txt,225,ball,0.021,3,12288,13312,test
11622,225.mat.txt,225,ball,0.021,3,12800,13824,test
11623,225.mat.txt,225,ball,0.021,3,13312,14336,test
11624,225.mat.txt,225,ball,0.021,3,13824,14848,test
11625,225.mat.txt,225,ball,0.021,3,14336,15360,test
11626,225.mat.txt,225,ball,0.021,3,14848,15872,test
11627,225.mat.txt,225,ball,0.021,3,15360,16384,test
11628,225.mat.txt,225,ball,0.021,3,15872,16896,test
11629,225.mat.txt,225,ball,0.021,3,16384,17408,test
11630,225.mat.txt,225,ball,0.021,3,16896,17920,test
11631,225.mat.txt,225,ball,0.021,3,17408,18432,test
11632,225.mat.txt,225,ball,0.021,3,17920,18944,test
11633,225.mat.txt,225,ball,0.021,3,18432,19456,test
11634,225.mat.txt,225,ball,0.021,3,18944,19968,test
11635,225.mat.txt,225,ball,0.021,3,19456,20480,test
11636,225.mat.txt,225,ball,0.021,3,19968,20992,test
11637,225.mat.txt,225,ball,0.021,3,20480,21504,test
11638,225.mat.txt,225,ball,0.021,3,20992,22016,test
11639,225.mat.txt,225,ball,0.021,3,21504,22528,test
11640,225.mat.txt,225,ball,0.021,3,22016,23040,test
11641,225.mat.txt,225,ball,0.021,3,22528,23552,test
11642,225.mat.txt,225,ball,0.021,3,23040,24064,test
11643,225.mat.txt,225,ball,0.021,3,23552,24576,test
11644,225.mat.txt,225,ball,0.021,3,24064,25088,test
11645,225.mat.txt,225,ball,0.021,3,24576,25600,test
11646,225.mat.txt,225,ball,0.021,3,25088,26112,test
11647,225.mat.txt,225,ball,0.021,3,25600,26624,test
11648,225.mat.txt,225,ball,0.021,3,26112,27136,test
11649,225.mat.txt,225,ball,0.021,3,26624,27648,test
11650,225.mat.txt,225,ball,0.021,3,27136,28160,test
11651,225.mat.txt,225,ball,0.021,3,27648,28672,test
11652,225.mat.txt,225,ball,0.021,3,28160,29184,test
11653,225.mat.txt,225,ball,0.021,3,28672,29696,test
11654,225.mat.txt,225,ball,0.021,3,29184,30208,test
11655,225.mat.txt,225,ball,0.021,3,29696,30720,test
11656,225.mat.txt,225,ball,0.021,3,30208,31232,test
11657,225.mat.txt,225,ball,0.021,3,30720,31744,test
11658,225.mat.txt,225,ball,0.021,3,31232,32256,test
11659,225.mat.txt,225,ball,0.021,3,31744,32768,test
11660,225.mat.txt,225,ball,0.021,3,32256,33280,test
11661,225.mat.txt,225,ball,0.021,3,32768,33792,test
11662,225.mat.txt,225,ball,0.021,3,33280,34304,test
11663,225.mat.txt,225,ball,0.021,3,33792,34816,test
11664,225.mat.txt,225,ball,0.021,3,34304,35328,test
11665,225.mat.txt,225,ball,0.021,3,34816,35840,test
11666,225.mat.txt,225,ball,0.021,3,35328,36352,test
11667,225.mat.txt,225,ball,0.021,3,35840,36864,test
11668,225.mat.txt,225,ball,0.021,3,36352,37376,test
11669,225.mat.txt,225,ball,0.021,3,36864,37888,test
11670,225.mat.txt,225,ball,0.021,3,37376,38400,test
11671,225.mat.txt,225,ball,0.021,3,37888,38912,test
11672,225.mat.txt,225,ball,0.021,3,38400,39424,test
11673,225.mat.txt,225,ball,0.021,3,38912,39936,test
11674,225.mat.txt,225,ball,0.021,3,39424,40448,test
11675,225.mat.txt,225,ball,0.021,3,39936,40960,test
11676,225.mat.txt,225,ball,0.021,3,40448,41472,test
11677,225.mat.txt,225,ball,0.021,3,40960,41984,test
11678,225.mat.txt,225,ball,0.021,3,41472,42496,test
11679,225.mat.txt,225,ball,0.021,3,41984,43008,test
11680,225.mat.txt,225,ball,0.021,3,42496,43520,test
11681,225.mat.txt,225,ball,0.021,3,43008,44032,test
11682,225.mat.txt,225,ball,0.021,3,43520,44544,test
11683,225.mat.txt,225,ball,0.021,3,44032,45056,test
11684,225.mat.txt,225,ball,0.021,3,44544,45568,test
11685,225.mat.txt,225,ball,0.021,3,45056,46080,test
11686,225.mat.txt,225,ball,0.021,3,45568,46592,test
11687,225.mat.txt,225,ball,0.021,3,46080,47104,test
11688,225.mat.txt,225,ball,0.021,3,46592,47616,test
11689,225.mat.txt,225,ball,0.021,3,47104,48128,test
11690,225.mat.txt,225,ball,0.021,3,47616,48640,test
11691,225.mat.txt,225,ball,0.021,3,48128,49152,test
11692,225.mat.txt,225,ball,0.021,3,48640,49664,test
11693,225.mat.txt,225,ball,0.021,3,49152,50176,test
11694,225.mat.txt,225,ball,0.021,3,49664,50688,test
11695,225.mat.txt,225,ball,0.021,3,50176,51200,test
11696,225.mat.txt,225,ball,0.021,3,50688,51712,test
11697,225.mat.txt,225,ball,0.021,3,51200,52224,test
11698,225.mat.txt,225,ball,0.021,3,51712,52736,test
11699,225.mat.txt,225,ball,0.021,3,52224,53248,test
11700,225.mat.txt,225,ball,0.021,3,52736,53760,test
11701,225.mat.txt,225,ball,0.021,3,53248,54272,test
11702,225.mat.txt,225,ball,0.021,3,53760,54784,test
11703,225.mat.txt,225,ball,0.021,3,54272,55296,test
11704,225.mat.txt,225,ball,0.021,3,54784,55808,test
11705,225.mat.txt,225,ball,0.021,3,55296,56320,test
11706,225.mat.txt,225,ball,0.021,3,55808,56832,test
11707,225.mat.txt,225,ball,0.021,3,56320,57344,test
11708,225.mat.txt,225,ball,0.021,3,56832,57856,test
11709,225.mat.txt,225,ball,0.021,3,57344,58368,test
11710,225.mat.txt,225,ball,0.021,3,57856,58880,test
11711,225.mat.txt,225,ball,0.021,3,58368,59392,test
11712,225.mat.txt,225,ball,0.021,3,58880,59904,test
11713,225.mat.txt,225,ball,0.021,3,59392,60416,test
11714,225.mat.txt,225,ball,0.021,3,59904,60928,test
11715,225.mat.txt,225,ball,0.021,3,60416,61440,test
11716,225.mat.txt,225,ball,0.021,3,60928,61952,test
11717,225.mat.txt,225,ball,0.021,3,61440,62464,test
11718,225.mat.txt,225,ball,0.021,3,61952,62976,test
11719,225.mat.txt,225,ball,0.021,3,62464,63488,test
11720,225.mat.txt,225,ball,0.021,3,62976,64000,test
11721,225.mat.txt,225,ball,0.021,3,63488,64512,test
11722,225.mat.txt,225,ball,0.021,3,64000,65024,test
11723,225.mat.txt,225,ball,0.021,3,64512,65536,test
11724,225.mat.txt,225,ball,0.021,3,65024,66048,test
11725,225.mat.txt,225,ball,0.021,3,65536,66560,test
11726,225.mat.txt,225,ball,0.021,3,66048,67072,test
11727,225.mat.txt,225,ball,0.021,3,66560,67584,test
11728,225.mat.txt,225,ball,0.021,3,67072,68096,test
11729,225.mat.txt,225,ball,0.021,3,67584,68608,test
11730,225.mat.txt,225,ball,0.021,3,68096,69120,test
11731,225.mat.txt,225,ball,0.021,3,68608,69632,test
11732,225.mat.txt,225,ball,0.021,3,69120,70144,test
11733,225.mat.txt,225,ball,0.021,3,69632,70656,test
11734,225.mat.txt,225,ball,0.021,3,70144,71168,test
11735,225.mat.txt,225,ball,0.021,3,70656,71680,test
11736,225.mat.txt,225,ball,0.021,3,71168,72192,test
11737,225.mat.txt,225,ball,0.021,3,71680,72704,test
11738,225.mat.txt,225,ball,0.021,3,72192,73216,test
11739,225.mat.txt,225,ball,0.021,3,72704,73728,test
11740,225.mat.txt,225,ball,0.021,3,73216,74240,test
11741,225.mat.txt,225,ball,0.021,3,73728,74752,test
11742,225.mat.txt,225,ball,0.021,3,74240,75264,test
11743,225.mat.txt,225,ball,0.021,3,74752,75776,test
11744,225.mat.txt,225,ball,0.021,3,75264,76288,test
11745,225.mat.txt,225,ball,0.021,3,75776,76800,test
11746,225.mat.txt,225,ball,0.021,3,76288,77312,test
11747,225.mat.txt,225,ball,0.021,3,76800,77824,test
11748,225.mat.txt,225,ball,0.021,3,77312,78336,test
11749,225.mat.txt,225,ball,0.021,3,77824,78848,test
11750,225.mat.txt,225,ball,0.021,3,78336,79360,test
11751,225.mat.txt,225,ball,0.021,3,78848,79872,test
11752,225.mat.txt,225,ball,0.021,3,79360,80384,test
11753,225.mat.txt,225,ball,0.021,3,79872,80896,test
11754,225.mat.txt,225,ball,0.021,3,80384,81408,test
11755,225.mat.txt,225,ball,0.021,3,80896,81920,test
11756,225.mat.txt,225,ball,0.021,3,81408,82432,test
11757,225.mat.txt,225,ball,0.021,3,81920,82944,test
11758,225.mat.txt,225,ball,0.021,3,82432,83456,test
11759,225.mat.txt,225,ball,0.021,3,82944,83968,test
11760,225.mat.txt,225,ball,0.021,3,83456,84480,test
11761,225.mat.txt,225,ball,0.021,3,83968,84992,test
11762,225.mat.txt,225,ball,0.021,3,84480,85504,test
11763,225.mat.txt,225,ball,0.021,3,84992,86016,test
11764,225.mat.txt,225,ball,0.021,3,85504,86528,test
11765,225.mat.txt,225,ball,0.021,3,86016,87040,test
11766,225.mat.txt,225,ball,0.021,3,86528,87552,test
11767,225.mat.txt,225,ball,0.021,3,87040,88064,test
11768,225.mat.txt,225,ball,0.021,3,87552,88576,test
11769,225.mat.txt,225,ball,0.021,3,88064,89088,test
11770,225.mat.txt,225,ball,0.021,3,88576,89600,test
11771,225.mat.txt,225,ball,0.021,3,89088,90112,test
11772,225.mat.txt,225,ball,0.021,3,89600,90624,test
11773,225.mat.txt,225,ball,0.021,3,90112,91136,test
11774,225.mat.txt,225,ball,0.021,3,90624,91648,test
11775,225.mat.txt,225,ball,0.021,3,91136,92160,test
11776,225.mat.txt,225,ball,0.021,3,91648,92672,test
11777,225.mat.txt,225,ball,0.021,3,92160,93184,test
11778,225.mat.txt,225,ball,0.021,3,92672,93696,test
11779,225.mat.txt,225,ball,0.021,3,93184,94208,test
11780,225.mat.txt,225,ball,0.021,3,93696,94720,test
11781,225.mat.txt,225,ball,0.021,3,94208,95232,test
11782,225.mat.txt,225,ball,0.021,3,94720,95744,test
11783,225.mat.txt,225,ball,0.021,3,95232,96256,test
11784,225.mat.txt,225,ball,0.021,3,95744,96768,test
11785,225.mat.txt,225,ball,0.021,3,96256,97280,test
11786,225.mat.txt,225,ball,0.021,3,96768,97792,test
11787,225.mat.txt,225,ball,0.021,3,97280,98304,test
11788,225.mat.txt,225,ball,0.021,3,97792,98816,test
11789,225.mat.txt,225,ball,0.021,3,98304,99328,test
11790,225.mat.txt,225,ball,0.021,3,98816,99840,test
11791,225.mat.txt,225,ball,0.021,3,99328,100352,test
11792,225.mat.txt,225,ball,0.021,3,99840,100864,test
11793,225.mat.txt,225,ball,0.021,3,100352,101376,test
11794,225.mat.txt,225,ball,0.021,3,100864,101888,test
11795,225.mat.txt,225,ball,0.021,3,101376,102400,test
11796,225.mat.txt,225,ball,0.021,3,101888,102912,test
11797,225.mat.txt,225,ball,0.021,3,102400,103424,test
11798,225.mat.txt,225,ball,0.021,3,102912,103936,test
11799,225.mat.txt,225,ball,0.021,3,103424,104448,test
11800,225.mat.txt,225,ball,0.021,3,103936,104960,test
11801,225.mat.txt,225,ball,0.021,3,104448,105472,test
11802,225.mat.txt,225,ball,0.021,3,104960,105984,test
11803,225.mat.txt,225,ball,0.021,3,105472,106496,test
11804,225.mat.txt,225,ball,0.021,3,105984,107008,test
11805,225.mat.txt,225,ball,0.021,3,106496,107520,test
11806,225.mat.txt,225,ball,0.021,3,107008,108032,test
11807,225.mat.txt,225,ball,0.021,3,107520,108544,test
11808,225.mat.txt,225,ball,0.021,3,108032,109056,test
11809,225.mat.txt,225,ball,0.021,3,108544,109568,test
11810,225.mat.txt,225,ball,0.021,3,109056,110080,test
11811,225.mat.txt,225,ball,0.021,3,109568,110592,test
11812,225.mat.txt,225,ball,0.021,3,110080,111104,test
11813,225.mat.txt,225,ball,0.021,3,110592,111616,test
11814,225.mat.txt,225,ball,0.021,3,111104,112128,test
11815,225.mat.txt,225,ball,0.021,3,111616,112640,test
11816,225.mat.txt,225,ball,0.021,3,112128,113152,test
11817,225.mat.txt,225,ball,0.021,3,112640,113664,test
11818,225.mat.txt,225,ball,0.021,3,113152,114176,test
11819,225.mat.txt,225,ball,0.021,3,113664,114688,test
11820,225.mat.txt,225,ball,0.021,3,114176,115200,test
11821,225.mat.txt,225,ball,0.021,3,114688,115712,test
11822,225.mat.txt,225,ball,0.021,3,115200,116224,test
11823,225.mat.txt,225,ball,0.021,3,115712,116736,test
11824,225.mat.txt,225,ball,0.021,3,116224,117248,test
11825,225.mat.txt,225,ball,0.021,3,116736,117760,test
11826,225.mat.txt,225,ball,0.021,3,117248,118272,test
11827,225.mat.txt,225,ball,0.021,3,117760,118784,test
11828,225.mat.txt,225,ball,0.021,3,118272,119296,test
11829,225.mat.txt,225,ball,0.021,3,118784,119808,test
11830,225.mat.txt,225,ball,0.021,3,119296,120320,test
11831,225.mat.txt,225,ball,0.021,3,119808,120832,test
11832,225.mat.txt,225,ball,0.021,3,120320,121344,test
11833,225.mat.txt,225,ball,0.021,3,120832,121856,test
